static	https://www.thepicklehub.net/
static	https://www.thepicklehub.net/vi
static	https://www.thepicklehub.net/live
static	https://www.thepicklehub.net/vi/live
static	https://www.thepicklehub.net/tournaments
static	https://www.thepicklehub.net/vi/tournaments
static	https://www.thepicklehub.net/videos
static	https://www.thepicklehub.net/vi/videos
static	https://www.thepicklehub.net/news
static	https://www.thepicklehub.net/vi/news
static	https://www.thepicklehub.net/forum
static	https://www.thepicklehub.net/vi/forum
static	https://www.thepicklehub.net/feed
static	https://www.thepicklehub.net/vi/feed
static	https://www.thepicklehub.net/social
static	https://www.thepicklehub.net/vi/social
static	https://www.thepicklehub.net/clubs
static	https://www.thepicklehub.net/vi/clubs
static	https://www.thepicklehub.net/tools
static	https://www.thepicklehub.net/vi/tools
static	https://www.thepicklehub.net/tools/flex-tournament
static	https://www.thepicklehub.net/tools/doubles-elimination
static	https://www.thepicklehub.net/tools/quick-tables
static	https://www.thepicklehub.net/tools/team-match
static	https://www.thepicklehub.net/blog
static	https://www.thepicklehub.net/vi/blog
static	https://www.thepicklehub.net/rankings
static	https://www.thepicklehub.net/vi/rankings
static	https://www.thepicklehub.net/rankings/ppa-tour
static	https://www.thepicklehub.net/vi/rankings/ppa-tour
static	https://www.thepicklehub.net/tools/doubles-elimination/new
static	https://www.thepicklehub.net/tools/flex-tournament/new
static	https://www.thepicklehub.net/tools/team-match/new
static	https://www.thepicklehub.net/privacy
static	https://www.thepicklehub.net/vi/privacy
static	https://www.thepicklehub.net/about
static	https://www.thepicklehub.net/vi/about
static	https://www.thepicklehub.net/contact
static	https://www.thepicklehub.net/vi/contact
static	https://www.thepicklehub.net/terms
static	https://www.thepicklehub.net/vi/terms
static	https://www.thepicklehub.net/advertise
static	https://www.thepicklehub.net/vi/advertise
static	https://www.thepicklehub.net/rss.xml
static	https://www.thepicklehub.net/blog/pickleball-world-cup-2026-da-nang-schedule
static	https://www.thepicklehub.net/blog/sophia-huynh-ken-tam-womens-doubles-gold-2026
static	https://www.thepicklehub.net/blog/hien-truong-quan-do-vietnam-pickleball-2026
static	https://www.thepicklehub.net/blog/mlp-2026-semifinals-new-york-preview
static	https://www.thepicklehub.net/blog/shenzhen-open-2026-preview
static	https://www.thepicklehub.net/blog/pickleball-world-cup-2026-group-a-vietnam
static	https://www.thepicklehub.net/blog/pickleball-warm-up-injury-prevention
static	https://www.thepicklehub.net/blog/hcmc-open-2026-recap
static	https://www.thepicklehub.net/blog/world-pickleball-rankings-wpr-explained
static	https://www.thepicklehub.net/blog/hong-kong-slam-2026-preview
static	https://www.thepicklehub.net/blog/mlp-orlando-super-sunday-2026-best-game
static	https://www.thepicklehub.net/blog/singapore-open-2026-recap
static	https://www.thepicklehub.net/blog/singapore-open-2026-preview
static	https://www.thepicklehub.net/blog/pickleball-world-cup-2026-da-nang-how-to-watch
static	https://www.thepicklehub.net/blog/vietnam-pickleball-players-to-watch-2026
static	https://www.thepicklehub.net/blog/vietnam-hosts-ppa-tour-asia-2026
static	https://www.thepicklehub.net/blog/pickleball-cost-vietnam-2026
static	https://www.thepicklehub.net/blog/hcmc-open-2026-preview
static	https://www.thepicklehub.net/blog/vietnam-pickleball-tournament-calendar-2026
static	https://www.thepicklehub.net/blog/ppa-beijing-open-2026-recap
static	https://www.thepicklehub.net/blog/pickleball-club-management-software-comparison
static	https://www.thepicklehub.net/blog/pickleball-tournament-budget-calculator-guide
static	https://www.thepicklehub.net/blog/ppa-tour-asia-2026-recap
static	https://www.thepicklehub.net/blog/mlp-vs-ppa-2026-which-tour-to-watch
static	https://www.thepicklehub.net/blog/vietnam-pickleball-federation-2026
static	https://www.thepicklehub.net/blog/pickleball-erne-shot-tutorial
static	https://www.thepicklehub.net/blog/pickleball-doubles-stacking-strategy
static	https://www.thepicklehub.net/blog/pickleball-third-shot-drop-vs-drive
static	https://www.thepicklehub.net/blog/pickleball-dink-technique-mastery
static	https://www.thepicklehub.net/blog/dupr-thepicklehub-user-guide
static	https://www.thepicklehub.net/blog/pickleball-court-dimensions-setup-guide
static	https://www.thepicklehub.net/blog/vietnam-dupr-leaderboard-launch
static	https://www.thepicklehub.net/blog/pickleball-vs-padel-vs-paddle-tennis
static	https://www.thepicklehub.net/blog/best-pickleball-paddles-beginners-2026
static	https://www.thepicklehub.net/blog/pickleball-for-tennis-players-2026
static	https://www.thepicklehub.net/blog/dupr-rating-improvement-30-day-plan
static	https://www.thepicklehub.net/blog/professional-pickleball-tours-guide-2026
static	https://www.thepicklehub.net/blog/pickleball-tour-wars-2023-explained
static	https://www.thepicklehub.net/blog/app-tour-vs-ppa-tour-contracts-2026
static	https://www.thepicklehub.net/blog/how-to-play-pickleball
static	https://www.thepicklehub.net/blog/tournament-organizer-hub
static	https://www.thepicklehub.net/blog/pickleball-world-cup-2026-da-nang
static	https://www.thepicklehub.net/blog/best-pickleball-tournament-software-2026
static	https://www.thepicklehub.net/blog/how-to-create-pickleball-bracket
static	https://www.thepicklehub.net/blog/how-to-organize-pickleball-tournament
static	https://www.thepicklehub.net/blog/how-to-watch-ppa-tour-live-2026
static	https://www.thepicklehub.net/blog/mlp-format-explained
static	https://www.thepicklehub.net/blog/pickleball-doubles-strategy-guide
static	https://www.thepicklehub.net/blog/pickleball-live-streaming-guide
static	https://www.thepicklehub.net/blog/pickleball-round-robin-generator-guide
static	https://www.thepicklehub.net/blog/pickleball-rules-complete-guide
static	https://www.thepicklehub.net/blog/pickleball-scoring-rules-guide
static	https://www.thepicklehub.net/blog/pickleball-tournament-formats-explained
static	https://www.thepicklehub.net/blog/ppa-tour-asia-2026-complete-guide
static	https://www.thepicklehub.net/blog/tama-shimabukuro-ppa-atlanta-final-15-year-old
static	https://www.thepicklehub.net/blog/what-is-dupr-pickleball-rating-system
static	https://www.thepicklehub.net/blog/dupr-vietnam-partnership-ta-pickleball-thepicklehub
static	https://www.thepicklehub.net/blog/dupr-algorithm-explained-performance-vs-expectation
blog	https://www.thepicklehub.net/vi/blog/lich-thi-dau-pickleball-world-cup-2026-da-nang
blog	https://www.thepicklehub.net/vi/blog/sophia-huynh-tran-ken-tam-vo-dich-doi-nu-tham-quyen
blog	https://www.thepicklehub.net/vi/blog/truong-vinh-hien-do-minh-quan-ho-so-2026
blog	https://www.thepicklehub.net/vi/blog/mlp-2026-ban-ket-central-park
blog	https://www.thepicklehub.net/vi/blog/shenzhen-open-2026-lich-thi-dau-cach-xem
blog	https://www.thepicklehub.net/vi/blog/bang-a-world-cup-pickleball-2026-doi-thu-viet-nam
blog	https://www.thepicklehub.net/vi/blog/khoi-dong-tranh-chan-thuong-pickleball
blog	https://www.thepicklehub.net/vi/blog/hcmc-open-2026-ket-qua
blog	https://www.thepicklehub.net/vi/blog/hong-kong-slam-2026
blog	https://www.thepicklehub.net/vi/blog/bang-xep-hang-pickleball-the-gioi-wpr
blog	https://www.thepicklehub.net/vi/blog/mlp-orlando-super-sunday-2026-tran-hay-nhat
blog	https://www.thepicklehub.net/vi/blog/loi-thuong-gap-khi-choi-pickleball
blog	https://www.thepicklehub.net/vi/blog/thuat-ngu-pickleball
blog	https://www.thepicklehub.net/vi/blog/singapore-open-2026-ket-qua
blog	https://www.thepicklehub.net/vi/blog/singapore-open-2026
blog	https://www.thepicklehub.net/vi/blog/cam-nang-xem-pickleball-world-cup-2026-da-nang
blog	https://www.thepicklehub.net/vi/blog/tay-vot-pickleball-viet-nam-dang-chu-y-2026
blog	https://www.thepicklehub.net/vi/blog/viet-nam-dang-cai-ppa-tour-asia-2026
blog	https://www.thepicklehub.net/vi/blog/chi-phi-choi-pickleball-viet-nam-2026
blog	https://www.thepicklehub.net/vi/blog/hcmc-open-2026
blog	https://www.thepicklehub.net/vi/blog/lich-giai-pickleball-viet-nam-2026
blog	https://www.thepicklehub.net/vi/blog/san-pickleball-da-nang
blog	https://www.thepicklehub.net/vi/blog/ppa-beijing-open-2026-viet-nam-vo-dich
blog	https://www.thepicklehub.net/vi/blog/san-pickleball-tphcm
blog	https://www.thepicklehub.net/vi/blog/phan-mem-quan-ly-clb-pickleball-so-sanh
blog	https://www.thepicklehub.net/vi/blog/du-toan-ngan-sach-giai-pickleball
blog	https://www.thepicklehub.net/vi/blog/ppa-tour-asia-2026-tong-ket-nua-mua
blog	https://www.thepicklehub.net/vi/blog/mlp-vs-ppa-2026-tour-nao-dang-xem
blog	https://www.thepicklehub.net/vi/blog/lien-doan-pickleball-viet-nam
blog	https://www.thepicklehub.net/vi/blog/cu-erne-pickleball-cach-thuc-hien
blog	https://www.thepicklehub.net/vi/blog/chien-thuat-stacking-pickleball-doi
blog	https://www.thepicklehub.net/vi/blog/cu-thu-3-pickleball-drop-vs-drive
blog	https://www.thepicklehub.net/vi/blog/ky-thuat-dink-pickleball-co-ban-nang-cao
blog	https://www.thepicklehub.net/vi/blog/huong-dan-dung-dupr-tren-thepicklehub
blog	https://www.thepicklehub.net/vi/blog/kich-thuoc-san-pickleball-tieu-chuan
blog	https://www.thepicklehub.net/vi/blog/bang-xep-hang-dupr-viet-nam
blog	https://www.thepicklehub.net/vi/blog/pickleball-padel-paddle-tennis-so-sanh
blog	https://www.thepicklehub.net/vi/blog/vot-pickleball-tot-nhat-cho-nguoi-moi-2026
blog	https://www.thepicklehub.net/vi/blog/cong-cu-tao-vong-tron-pickleball
blog	https://www.thepicklehub.net/vi/blog/ppa-tour-asia-2026-lich-thi-dau-tien-thuong
blog	https://www.thepicklehub.net/vi/blog/tu-tennis-chuyen-sang-pickleball
blog	https://www.thepicklehub.net/vi/blog/tang-dupr-30-ngay-ke-hoach-thuc-te
blog	https://www.thepicklehub.net/vi/blog/cac-giai-pickleball-chuyen-nghiep-2026-toan-canh
blog	https://www.thepicklehub.net/vi/blog/thuat-toan-dupr-thang-mat-diem-thua-tang-diem
blog	https://www.thepicklehub.net/vi/blog/dupr-doi-tac-ta-pickleball-thepicklehub-viet-nam
blog	https://www.thepicklehub.net/vi/blog/dupr-la-gi-huong-dan-cho-nguoi-choi-viet-nam
blog	https://www.thepicklehub.net/vi/blog/tama-shimabukuro-15-tuoi-vao-chung-ket-ppa-atlanta
blog	https://www.thepicklehub.net/vi/blog/tour-wars-2023-pickleball
blog	https://www.thepicklehub.net/vi/blog/hop-dong-app-tour-vs-ppa-tour-2026
blog	https://www.thepicklehub.net/vi/blog/hop-dong-ppa-tour-2026
blog	https://www.thepicklehub.net/vi/blog/cach-choi-pickleball-cho-nguoi-moi
blog	https://www.thepicklehub.net/vi/blog/huong-dan-to-chuc-giai
blog	https://www.thepicklehub.net/vi/blog/world-cup-pickleball-2026-da-nang
blog	https://www.thepicklehub.net/vi/blog/xem-ppa-tour-truc-tiep-2026
blog	https://www.thepicklehub.net/vi/blog/pickleball-slam-4-agassi-vs-anna-leigh-waters
blog	https://www.thepicklehub.net/vi/blog/luat-pickleball-co-ban
blog	https://www.thepicklehub.net/vi/blog/top-san-pickleball-ha-noi-2026
blog	https://www.thepicklehub.net/vi/blog/pickleball-la-gi
blog	https://www.thepicklehub.net/vi/blog/huong-dan-livestream-pickleball
blog	https://www.thepicklehub.net/vi/blog/the-thuc-mlp-la-gi
blog	https://www.thepicklehub.net/vi/blog/cac-the-thuc-giai-pickleball
blog	https://www.thepicklehub.net/vi/blog/chien-thuat-danh-doi-pickleball
blog	https://www.thepicklehub.net/vi/blog/cach-to-chuc-giai-pickleball
blog	https://www.thepicklehub.net/vi/blog/cach-tinh-diem-pickleball
blog	https://www.thepicklehub.net/vi/blog/phan-mem-to-chuc-giai-pickleball-2026
blog	https://www.thepicklehub.net/vi/blog/cach-tao-bracket-pickleball
news	https://www.thepicklehub.net/news/unlocking-rachel-rohrabachers-ultimate-net-weapon-3ef0fdde
news	https://www.thepicklehub.net/vi/news/vu-khi-toi-thuong-cua-rachel-rohrabacher-tren-luoi-3ef0fdde
news	https://www.thepicklehub.net/news/broadcast-schedule-announced-for-the-2026-mlp-finals-in-new-york-city-a09f0ce5
news	https://www.thepicklehub.net/vi/news/cong-bo-lich-phat-song-vong-chung-ket-major-league-pickleball-2026-tai-new-york-a09f0ce5
news	https://www.thepicklehub.net/news/essential-pickleball-equipment-and-bag-guide-for-players-514fe262
news	https://www.thepicklehub.net/vi/news/cam-nang-lua-chon-tui-dung-va-thiet-bi-pickleball-tot-nhat-514fe262
news	https://www.thepicklehub.net/news/grayson-goldin-wins-first-ppa-tour-title-after-stroke-recovery-5379f1a4
news	https://www.thepicklehub.net/vi/news/grayson-goldin-gianh-chuc-vo-dich-ppa-tour-sau-khi-hoi-phuc-dot-quy-5379f1a4
news	https://www.thepicklehub.net/news/spin-takes-center-stage-as-paddle-technology-adapts-to-regulation-6b33bfd5
news	https://www.thepicklehub.net/vi/news/hieu-suat-xoay-tro-thanh-tam-diem-khi-cong-nghe-vot-thich-ung-voi-quy-dinh-6b33bfd5
news	https://www.thepicklehub.net/news/anna-bright-proposes-changes-to-pickleball-dreambreakers-69ca33fc
news	https://www.thepicklehub.net/vi/news/anna-bright-de-xuat-cai-tien-the-thuc-dreambreaker-trong-pickleball-69ca33fc
news	https://www.thepicklehub.net/news/major-league-pickleball-reaches-final-showdown-in-new-york-city-95489077
news	https://www.thepicklehub.net/vi/news/giai-dau-major-league-pickleball-buoc-vao-vong-chung-ket-tai-new-york-95489077
news	https://www.thepicklehub.net/news/stanley-cup-champions-join-ppa-tour-stars-at-nationals-afee0bc5
news	https://www.thepicklehub.net/vi/news/danh-thu-bong-chay-giao-luu-tai-giai-vo-dich-quoc-gia-afee0bc5
news	https://www.thepicklehub.net/news/mastering-the-kitchen-game-flat-versus-topspin-dinks-4c838f66
news	https://www.thepicklehub.net/vi/news/chien-thuat-bep-bong-can-nhac-giua-dink-phang-va-dink-xoay-4c838f66
news	https://www.thepicklehub.net/news/optimizing-kitchen-footwork-in-pickleball-16d516f2
news	https://www.thepicklehub.net/vi/news/toi-uu-hoa-chan-di-chuyen-tai-vach-bep-16d516f2
news	https://www.thepicklehub.net/news/tucson-pickleball-community-defeats-proposed-court-fees-and-keeps-play-free-d2884c24
news	https://www.thepicklehub.net/vi/news/cong-dong-pickleball-tucson-bao-ve-thanh-cong-san-choi-mien-phi-truoc-de-xuat-th-d2884c24
news	https://www.thepicklehub.net/news/building-a-lasting-pickleball-group-50192c5d
news	https://www.thepicklehub.net/vi/news/xay-dung-nhom-choi-pickleball-ben-vung-50192c5d
news	https://www.thepicklehub.net/news/navigating-court-etiquette-around-unsolicited-pickleball-paddle-advice-0f9a069f
news	https://www.thepicklehub.net/vi/news/quy-tac-ung-xu-khi-gop-y-ve-vot-pickleball-cua-nguoi-khac-0f9a069f
news	https://www.thepicklehub.net/news/bates-and-maddox-secure-epic-comeback-victory-at-2026-app-detroit-open-4ce09b68
news	https://www.thepicklehub.net/vi/news/man-loi-nguoc-dong-ngoan-muc-tai-giai-2026-app-detroit-open-4ce09b68
news	https://www.thepicklehub.net/news/goldin-pulls-off-stunning-rally-in-shenzhen-0be341c6
news	https://www.thepicklehub.net/vi/news/goldin-loi-nguoc-dong-kich-tinh-tai-tham-quyen-0be341c6
news	https://www.thepicklehub.net/news/grayson-goldin-shatters-singles-drought-at-ppa-tour-asia-shenzhen-0887db79
news	https://www.thepicklehub.net/vi/news/grayson-goldin-pha-vo-chuoi-khong-thang-tai-ppa-tour-asia-shenzhen-0887db79
news	https://www.thepicklehub.net/news/chicago-tournament-highlights-broadcast-on-cbssn-f88e295b
news	https://www.thepicklehub.net/vi/news/phat-song-diem-nhan-giai-dau-chicago-tren-kenh-cbssn-f88e295b
news	https://www.thepicklehub.net/news/app-pickleball-tour-broadcasts-gender-doubles-from-detroit-9acea300
news	https://www.thepicklehub.net/vi/news/giai-dau-pickleball-app-phat-song-noi-dung-doi-nam-nu-tai-detroit-9acea300
news	https://www.thepicklehub.net/news/tesla-launches-aurum-paddle-while-mooloolaba-expands-court-access-f2a6a78c
news	https://www.thepicklehub.net/vi/news/tesla-ra-mat-vot-aurum-ket-hop-mo-rong-san-tai-mooloolaba-f2a6a78c
news	https://www.thepicklehub.net/news/an-inside-look-at-anna-leigh-waters-and-her-historic-dominance-in-pickleball-cdb45ff4
news	https://www.thepicklehub.net/vi/news/goc-nhin-ve-suc-manh-ap-dao-cua-anna-leigh-waters-trong-bo-mon-pickleball-cdb45ff4
news	https://www.thepicklehub.net/news/mastering-atp-defense-21a45925
news	https://www.thepicklehub.net/vi/news/nghe-thuat-phong-thu-cu-danh-vong-qua-tru-21a45925
news	https://www.thepicklehub.net/news/mastering-the-pickleball-slice-return-without-excess-wrist-action-f98556f7
news	https://www.thepicklehub.net/vi/news/bi-quyet-thuc-hien-cu-tra-bong-cat-hieu-qua-trong-pickleball-f98556f7
news	https://www.thepicklehub.net/news/kenny-loggins-embraces-pickleball-and-prepares-for-santa-barbara-charity-tournam-78c03ea5
news	https://www.thepicklehub.net/vi/news/kenny-loggins-gan-bo-voi-mon-pickleball-va-chuan-bi-cho-giai-dau-tu-thien-tai-sa-78c03ea5
news	https://www.thepicklehub.net/news/app-detroit-open-returns-to-action-this-weekend-fd591441
news	https://www.thepicklehub.net/vi/news/giai-dau-app-detroit-open-chinh-thuc-khoi-tranh-cuoi-tuan-nay-fd591441
news	https://www.thepicklehub.net/news/double-triple-crown-watch-set-for-shenzhen-semifinals-92a8f7bd
news	https://www.thepicklehub.net/vi/news/cuoc-dua-tam-hop-tai-vong-ban-ket-giai-tham-quyen-92a8f7bd
news	https://www.thepicklehub.net/news/mastering-pickleball-solo-training-with-wall-drills-2b350002
news	https://www.thepicklehub.net/vi/news/cai-thien-ky-nang-pickleball-qua-cac-bai-tap-tuong-2b350002
news	https://www.thepicklehub.net/news/mastering-the-pickleball-flick-with-proper-paddle-tip-setup-44a7fce5
news	https://www.thepicklehub.net/vi/news/cai-thien-cu-danh-flick-trong-pickleball-nho-vi-tri-dau-vot-44a7fce5
news	https://www.thepicklehub.net/news/smart-tournament-strategy-against-higher-rated-pickleball-opponents-edc6805c
news	https://www.thepicklehub.net/vi/news/chien-thuat-thi-dau-thong-minh-truoc-doi-thu-pickleball-trinh-do-cao-edc6805c
news	https://www.thepicklehub.net/news/hawaii-named-north-america-most-pickleball-obsessed-region-in-new-study-bdfe7939
news	https://www.thepicklehub.net/vi/news/hawaii-dan-dau-danh-sach-vung-dat-me-man-pickleball-nhat-bac-my-bdfe7939
news	https://www.thepicklehub.net/news/understanding-paddle-power-limits-and-arm-health-e0647054
news	https://www.thepicklehub.net/vi/news/hieu-ve-gioi-han-suc-manh-vot-va-suc-khoe-tay-e0647054
news	https://www.thepicklehub.net/news/why-pickleball-players-need-strength-training-fd57d565
news	https://www.thepicklehub.net/vi/news/vai-tro-cua-tap-luc-doi-voi-nguoi-choi-pickleball-fd57d565
news	https://www.thepicklehub.net/news/mastering-the-low-volley-dink-at-the-kitchen-line-1cc642bb
news	https://www.thepicklehub.net/vi/news/nghe-thuat-bat-bong-tren-khong-thap-hon-luoi-1cc642bb
news	https://www.thepicklehub.net/news/examining-creatine-supplementation-for-pickleball-athletes-f24c512d
news	https://www.thepicklehub.net/vi/news/nghien-cuu-ve-viec-su-dung-creatine-cho-nguoi-choi-pickleball-f24c512d
news	https://www.thepicklehub.net/news/mixed-doubles-action-reaches-fans-from-detroit-e55eea02
news	https://www.thepicklehub.net/vi/news/can-canh-thi-dau-doi-nam-nu-tai-detroit-e55eea02
news	https://www.thepicklehub.net/news/dupr-adopts-joola-hc-40-as-official-match-ball-8a96210b
news	https://www.thepicklehub.net/vi/news/dupr-lua-chon-joola-hc-40-lam-bong-thi-dau-chinh-thuc-8a96210b
news	https://www.thepicklehub.net/news/why-right-now-is-the-best-time-to-master-new-pickleball-shots-95af3124
news	https://www.thepicklehub.net/vi/news/tai-sao-thoi-diem-nay-la-hoan-hao-de-hoc-cac-cu-danh-pickleball-moi-95af3124
news	https://www.thepicklehub.net/news/tesla-launches-aurum-pickleball-paddle-following-plaid-success-3b3ef02e
news	https://www.thepicklehub.net/vi/news/tesla-ra-mat-vot-pickleball-phien-ban-gioi-han-aurum-3b3ef02e
news	https://www.thepicklehub.net/news/selkirk-and-tesla-release-limited-edition-aurum-pickleball-paddle-8d637461
news	https://www.thepicklehub.net/vi/news/selkirk-va-tesla-ra-mat-vot-pickleball-phien-ban-gioi-han-aurum-8d637461
news	https://www.thepicklehub.net/news/matt-goldin-triumphs-at-ppa-tour-asia-shenzhen-open-after-stroke-recovery-1223c842
news	https://www.thepicklehub.net/vi/news/matt-goldin-vo-dich-ppa-tour-asia-shenzhen-open-sau-khi-phuc-hoi-dot-quy-1223c842
news	https://www.thepicklehub.net/news/the-mindset-of-elite-pickleball-competitors-f46f2c26
news	https://www.thepicklehub.net/vi/news/tam-ly-thi-dau-cua-cac-van-dong-vien-chuyen-nghiep-f46f2c26
news	https://www.thepicklehub.net/news/examining-the-serious-mindset-of-professional-pickleball-competitors-5880c59a
news	https://www.thepicklehub.net/vi/news/goc-nhin-ve-tam-ly-thi-dau-cang-thang-cua-cac-van-dong-vien-chuyen-nghiep-5880c59a
news	https://www.thepicklehub.net/news/pickleball-getaways-offers-international-travel-experiences-580fd333
news	https://www.thepicklehub.net/vi/news/pickleball-getaways-cung-cap-trai-nghiem-du-lich-quoc-te-580fd333
news	https://www.thepicklehub.net/news/mastering-true-wrist-lag-mechanics-in-pickleball-504ed194
news	https://www.thepicklehub.net/vi/news/hieu-dung-ve-ky-thuat-tre-co-tay-trong-pickleball-504ed194
news	https://www.thepicklehub.net/news/mastering-pickleball-shot-selection-through-situational-awareness-85b0839f
news	https://www.thepicklehub.net/vi/news/cai-thien-chien-luoc-chon-cu-danh-trong-mon-pickleball-85b0839f
news	https://www.thepicklehub.net/news/haas-and-do-secure-comeback-victory-on-opening-day-in-china-c6c273b2
news	https://www.thepicklehub.net/vi/news/haas-va-do-loi-nguoc-dong-gianh-chien-thang-ngay-khai-mac-tai-trung-quoc-c6c273b2
news	https://www.thepicklehub.net/news/mastering-the-backhand-dink-f21abd87
news	https://www.thepicklehub.net/vi/news/nang-cao-ky-nang-bat-trai-f21abd87
news	https://www.thepicklehub.net/news/mlp-semifinal-preview-e8a7ddc6
news	https://www.thepicklehub.net/vi/news/nhan-dinh-ban-ket-giai-dau-e8a7ddc6
news	https://www.thepicklehub.net/news/mastering-the-pickleball-serve-to-force-weak-returns-abf541e0
news	https://www.thepicklehub.net/vi/news/lam-chu-cu-phat-bong-pickleball-de-ep-doi-thu-tra-bong-yeu-abf541e0
news	https://www.thepicklehub.net/news/association-of-pickleball-players-unveils-new-national-competition-circuit-d3734712
news	https://www.thepicklehub.net/vi/news/hiep-hoi-van-dong-vien-pickleball-cong-bo-chuoi-giai-dau-moi-d3734712
news	https://www.thepicklehub.net/news/tristan-dussault-reflects-on-life-on-the-professional-pickleball-tour-3e443120
news	https://www.thepicklehub.net/vi/news/tristan-dussault-chia-se-ve-hanh-trinh-thi-dau-chuyen-nghiep-3e443120
news	https://www.thepicklehub.net/news/app-announces-key-regional-partners-for-upcoming-detroit-open-3d05e03c
news	https://www.thepicklehub.net/vi/news/hiep-hoi-pickleball-cong-bo-doi-tac-cho-giai-dau-tai-detroit-3d05e03c
news	https://www.thepicklehub.net/news/jamie-wei-shines-on-ppa-tour-asia-circuit-72bea8b2
news	https://www.thepicklehub.net/vi/news/jamie-wei-toa-sang-tai-dau-truong-ppa-tour-chau-a-72bea8b2
news	https://www.thepicklehub.net/news/major-league-pickleball-playoff-semifinals-set-for-new-york-city-f2b8d290
news	https://www.thepicklehub.net/vi/news/vong-ban-ket-giai-vo-dich-dong-doi-pickleball-chuyen-nghiep-tai-new-york-f2b8d290
news	https://www.thepicklehub.net/news/raquel-joseph-brings-operational-vision-to-new-jersey-5s-ownership-5a7d9669
news	https://www.thepicklehub.net/vi/news/raquel-joseph-mang-tu-duy-van-hanh-den-doi-ngu-so-huu-new-jersey-5s-5a7d9669
news	https://www.thepicklehub.net/news/mastering-the-pickleball-putaway-with-core-power-and-proper-mechanics-eb2d44b6
news	https://www.thepicklehub.net/vi/news/bi-quyet-cai-thien-suc-manh-cu-danh-ket-thuc-trong-pickleball-eb2d44b6
news	https://www.thepicklehub.net/news/major-league-pickleball-quarterfinal-results-set-final-four-lineup-52c45eb5
news	https://www.thepicklehub.net/vi/news/vong-tu-ket-major-league-pickleball-xac-dinh-bon-doi-manh-nhat-52c45eb5
news	https://www.thepicklehub.net/news/mastering-the-erne-shot-in-pickleball-c6e8b636
news	https://www.thepicklehub.net/vi/news/bi-quyet-lam-chu-cu-danh-erne-trong-pickleball-c6e8b636
news	https://www.thepicklehub.net/news/mlp-semifinal-showdown-analysis-b41a43a7
news	https://www.thepicklehub.net/vi/news/phan-tich-tran-ban-ket-giai-dau-mlp-b41a43a7
news	https://www.thepicklehub.net/news/mlp-semifinal-analysis-assessing-the-staredown-between-alshon-and-waters-bf531d9e
news	https://www.thepicklehub.net/vi/news/phan-tich-ban-ket-mlp-cuoc-doi-dau-day-hua-hen-giua-cac-ngoi-sao-hang-dau-bf531d9e
news	https://www.thepicklehub.net/news/choosing-your-first-pickleball-paddle-wisely-836c57fb
news	https://www.thepicklehub.net/vi/news/lua-chon-vot-pickleball-phu-hop-cho-nguoi-moi-bat-dau-836c57fb
news	https://www.thepicklehub.net/news/mastering-deceptive-right-side-speed-ups-in-pickleball-c5f5bb3a
news	https://www.thepicklehub.net/vi/news/bi-quyet-thuc-hien-cu-tang-toc-canh-phai-day-bien-hoa-trong-pickleball-c5f5bb3a
news	https://www.thepicklehub.net/news/breaking-the-40-pickleball-barrier-a6f6d11d
news	https://www.thepicklehub.net/vi/news/vuot-qua-nguong-40-trong-pickleball-a6f6d11d
news	https://www.thepicklehub.net/news/artificial-intelligence-transforms-amateur-pickleball-ratings-4eb86f60
news	https://www.thepicklehub.net/vi/news/tri-tue-nhan-tao-thay-doi-he-thong-danh-gia-dupr-trong-pickleball-4eb86f60
news	https://www.thepicklehub.net/news/smart-recovery-strategies-for-older-pickleball-players-after-every-match-6f82fa95
news	https://www.thepicklehub.net/vi/news/phuong-phap-phuc-hoi-hieu-qua-cho-nguoi-choi-pickleball-lon-tuoi-sau-tran-dau-6f82fa95
news	https://www.thepicklehub.net/news/mastering-the-art-of-defeat-in-pickleball-c9319391
news	https://www.thepicklehub.net/vi/news/nghe-thuat-chap-nhan-that-bai-trong-pickleball-c9319391
news	https://www.thepicklehub.net/news/mastering-the-art-of-defeating-aggressive-pickleball-power-players-dafba4e7
news	https://www.thepicklehub.net/vi/news/nghe-thuat-khac-che-nhung-tay-dap-manh-trong-mon-pickleball-dafba4e7
news	https://www.thepicklehub.net/news/app-tour-makes-historic-debut-in-motor-city-for-detroit-open-1c24dc81
news	https://www.thepicklehub.net/vi/news/hanh-trinh-lich-su-cua-giai-dau-app-detroit-open-tai-michigan-1c24dc81
news	https://www.thepicklehub.net/news/2026-app-tour-championships-open-registration-for-fort-lauderdale-return-029cb9ee
news	https://www.thepicklehub.net/vi/news/mo-dang-ky-giai-vo-dich-app-tour-2026-tai-fort-lauderdale-029cb9ee
news	https://www.thepicklehub.net/news/the-unlikely-journey-of-danni-elle-townsend-to-professional-pickleball-d137a602
news	https://www.thepicklehub.net/vi/news/hanh-trinh-day-bat-ngo-den-voi-dinh-cao-pickleball-cua-danni-elle-townsend-d137a602
news	https://www.thepicklehub.net/news/mastering-the-slice-return-8db07ea5
news	https://www.thepicklehub.net/vi/news/chinh-phuc-cu-tra-giao-bong-cat-8db07ea5
news	https://www.thepicklehub.net/news/fixing-your-pickleball-reset-802d1dd5
news	https://www.thepicklehub.net/vi/news/cai-thien-cu-danh-tra-bong-802d1dd5
news	https://www.thepicklehub.net/news/mastering-the-ninja-one-handed-backhand-in-pickleball-0cd017c7
news	https://www.thepicklehub.net/vi/news/ky-thuat-danh-trai-tay-mot-tay-trong-mon-pickleball-0cd017c7
news	https://www.thepicklehub.net/news/mastering-pickleball-dinks-by-fixing-footwork-dc37e410
news	https://www.thepicklehub.net/vi/news/khac-phuc-loi-dinh-pickleball-bang-cach-cai-thien-bo-chan-dc37e410
news	https://www.thepicklehub.net/news/shenzhen-open-draws-revealed-d1e285a0
news	https://www.thepicklehub.net/vi/news/cong-bo-so-do-thi-dau-tham-quyen-d1e285a0
news	https://www.thepicklehub.net/news/mastering-the-high-backhand-putaway-in-pickleball-9181b4d9
news	https://www.thepicklehub.net/vi/news/ky-thuat-thuc-hien-cu-danh-trai-tay-tam-cao-trong-pickleball-9181b4d9
news	https://www.thepicklehub.net/news/why-youtube-instructional-videos-will-not-fix-your-pickleball-game-c576e2d8
news	https://www.thepicklehub.net/vi/news/viec-xem-video-truc-tuyen-khong-du-de-cai-thien-trinh-do-pickleball-c576e2d8
news	https://www.thepicklehub.net/news/mastering-pickleball-iq-through-strategic-play-and-anticipation-719311d7
news	https://www.thepicklehub.net/vi/news/nang-cao-tu-duy-chien-thuat-trong-mon-pickleball-theo-pickleballcom-719311d7
news	https://www.thepicklehub.net/news/leigh-waters-sets-new-style-standards-in-pickleball-1e34b787
news	https://www.thepicklehub.net/vi/news/leigh-waters-dinh-hinh-phong-cach-thoi-trang-pickleball-1e34b787
news	https://www.thepicklehub.net/news/sharpen-your-pickleball-skills-using-essential-wall-drills-51535752
news	https://www.thepicklehub.net/vi/news/nang-cao-ky-nang-pickleball-bang-cac-bai-tap-tuong-hieu-qua-51535752
news	https://www.thepicklehub.net/news/essential-gear-checklist-for-pickleball-tournaments-2f7cd51e
news	https://www.thepicklehub.net/vi/news/danh-sach-vat-dung-thiet-yeu-cho-tui-dau-giai-pickleball-2f7cd51e
news	https://www.thepicklehub.net/news/jw-johnson-and-jackie-kawamoto-lead-mlp-upsets-31bb9958
news	https://www.thepicklehub.net/vi/news/jw-johnson-va-jackie-kawamoto-tao-bat-ngo-tai-giai-dau-mlp-31bb9958
news	https://www.thepicklehub.net/news/mastering-pro-secrets-from-the-2026-us-open-gold-medal-match-ad86560d
news	https://www.thepicklehub.net/vi/news/hoc-hoi-bi-quyet-chuyen-nghiep-tu-tran-chung-ket-us-open-2026-ad86560d
news	https://www.thepicklehub.net/news/mastering-pickleball-shot-selection-through-ball-height-rules-41e55c77
news	https://www.thepicklehub.net/vi/news/lam-chu-lua-chon-cu-danh-pickleball-dua-tren-chieu-cao-bong-41e55c77
news	https://www.thepicklehub.net/news/kyle-koszuta-launches-pickleball-player-archetype-assessment-7789ea54
news	https://www.thepicklehub.net/vi/news/kyle-koszuta-ra-mat-bai-kiem-tra-tinh-cach-nguoi-choi-pickleball-7789ea54
news	https://www.thepicklehub.net/news/mastering-the-pickleball-reset-to-conquer-the-transition-zone-3c70d244
news	https://www.thepicklehub.net/vi/news/lam-chu-cu-danh-reset-trong-pickleball-de-kiem-soat-khu-vuc-chuyen-giao-3c70d244
news	https://www.thepicklehub.net/news/supporting-a-struggling-pickleball-partner-in-doubles-play-0815307e
news	https://www.thepicklehub.net/vi/news/ho-tro-dong-doi-gap-kho-khan-khi-thi-dau-pickleball-doi-0815307e
news	https://www.thepicklehub.net/news/mastering-the-pro-squat-overhead-in-pickleball-7f608645
news	https://www.thepicklehub.net/vi/news/ky-thuat-ngoi-hoi-khuyu-goi-danh-bong-tren-cao-trong-pickleball-7f608645
news	https://www.thepicklehub.net/news/major-league-pickleball-quarterfinals-deliver-drama-and-upsets-in-newport-beach-aef273b8
news	https://www.thepicklehub.net/vi/news/vong-tu-ket-major-league-pickleball-dien-ra-day-kich-tinh-tai-newport-beach-aef273b8
news	https://www.thepicklehub.net/news/major-league-pickleball-quarterfinals-deliver-drama-and-upsets-d000795c
news	https://www.thepicklehub.net/vi/news/vong-tu-ket-giai-major-league-pickleball-mang-lai-nhieu-cam-xuc-d000795c
news	https://www.thepicklehub.net/news/dallas-and-brooklyn-advance-in-major-league-pickleball-playoff-thrillers-c7d2aa5c
news	https://www.thepicklehub.net/vi/news/dallas-va-brooklyn-gianh-ve-vao-ban-ket-giai-vo-dich-pickleball-dong-doi-major-l-c7d2aa5c
news	https://www.thepicklehub.net/news/six-zero-expands-gemstone-paddle-line-with-boulder-opal-release-3c07987f
news	https://www.thepicklehub.net/vi/news/six-zero-ra-mat-vot-pickleball-boulder-opal-moi-3c07987f
news	https://www.thepicklehub.net/news/thrilling-dreambreakers-highlight-major-league-pickleball-playoff-action-in-sout-fed8199d
news	https://www.thepicklehub.net/vi/news/nhung-cuoc-dau-tiebreak-kich-tinh-tai-vong-playoffs-giai-vo-lich-pickleball-dong-fed8199d
news	https://www.thepicklehub.net/news/mad-drops-snap-flash-winning-streak-in-major-league-pickleball-playoffs-35243132
news	https://www.thepicklehub.net/vi/news/mad-drops-cat-dut-chuoi-thang-cua-flash-tai-vong-playoff-major-league-pickleball-35243132
news	https://www.thepicklehub.net/news/elevating-pickleball-iq-through-smarter-decision-making-53a147b8
news	https://www.thepicklehub.net/vi/news/nang-cao-tri-tue-pickleball-bang-cach-ra-quyet-dinh-thong-minh-hon-53a147b8
news	https://www.thepicklehub.net/news/mastering-progressive-pickleball-drills-from-30-to-50-skill-levels-ef68e2a7
news	https://www.thepicklehub.net/vi/news/chinh-phuc-cac-bai-tap-pickleball-tien-bo-tu-trinh-do-30-den-50-ef68e2a7
news	https://www.thepicklehub.net/news/fixing-wide-dinks-in-pickleball-a3e2a9e8
news	https://www.thepicklehub.net/vi/news/cach-xu-ly-cu-dink-rong-trong-pickleball-a3e2a9e8
news	https://www.thepicklehub.net/news/mastering-the-speed-up-off-the-bounce-108d4380
news	https://www.thepicklehub.net/vi/news/bi-quyet-thuc-hien-cu-danh-tang-toc-hieu-qua-108d4380
news	https://www.thepicklehub.net/news/minor-league-pickleball-rebrands-premier-event-as-championships-1c6a0a12
news	https://www.thepicklehub.net/vi/news/giai-dau-milp-doi-ten-su-kien-hang-dau-thanh-championships-1c6a0a12
news	https://www.thepicklehub.net/news/mastering-pickleball-through-connected-shot-sequences-9310fa86
news	https://www.thepicklehub.net/vi/news/lam-chu-mon-pickleball-bang-cac-chuoi-danh-bong-lien-ket-9310fa86
news	https://www.thepicklehub.net/news/mastering-the-triangle-pattern-in-pickleball-with-a-simple-wall-drill-3b5b695e
news	https://www.thepicklehub.net/vi/news/nghe-thuat-lam-chu-do-hinh-tam-giac-trong-mon-pickleball-bang-bai-tap-tuong-3b5b695e
news	https://www.thepicklehub.net/news/pb5star-van-tour-brings-grassroots-marketing-to-local-courts-ec9647d1
news	https://www.thepicklehub.net/vi/news/xe-tai-pb5star-dua-hoat-dong-tiep-thi-co-trom-den-san-dau-dia-phuong-ec9647d1
news	https://www.thepicklehub.net/news/mastering-pickleball-geometry-to-dodge-out-balls-49962940
news	https://www.thepicklehub.net/vi/news/hieu-ve-hinh-hoc-san-pickleball-de-bo-bong-ra-ngoai-49962940
news	https://www.thepicklehub.net/news/mastering-the-forehand-push-drop-for-better-consistency-a929790d
news	https://www.thepicklehub.net/vi/news/nghe-thuat-thuc-hien-cu-danh-push-drop-trong-pickleball-a929790d
news	https://www.thepicklehub.net/news/three-hidden-serve-mistakes-costing-you-points-in-pickleball-80b4191d
news	https://www.thepicklehub.net/vi/news/ba-loi-giao-bong-tham-lang-khien-ban-mat-diem-80b4191d
news	https://www.thepicklehub.net/news/mastering-strategic-pickleball-attack-combinations-for-better-court-control-1450a3c4
news	https://www.thepicklehub.net/vi/news/lam-chu-cac-to-hop-tan-cong-pickleball-chien-luoc-de-kiem-soat-san-tot-hon-1450a3c4
news	https://www.thepicklehub.net/news/four-essential-drills-to-bridge-the-gap-between-intermediate-and-advanced-pickle-258dbfcb
news	https://www.thepicklehub.net/vi/news/bon-bai-tap-quan-trong-giup-van-dong-vien-vuot-qua-nguong-ky-nang-pickleball-258dbfcb
news	https://www.thepicklehub.net/news/mastering-the-return-of-serve-for-senior-pickleball-players-b206eca8
news	https://www.thepicklehub.net/vi/news/cai-thien-cu-tra-giao-bong-cho-nguoi-choi-pickleball-lon-tuoi-b206eca8
news	https://www.thepicklehub.net/news/mastering-the-third-shot-drop-placement-a25b11d1
news	https://www.thepicklehub.net/vi/news/bi-quyet-cai-thien-cu-danh-thu-ba-trong-pickleball-a25b11d1
news	https://www.thepicklehub.net/news/mastering-pickleball-momentum-states-505f3311
news	https://www.thepicklehub.net/vi/news/lam-chu-cac-trang-thai-dong-luc-trong-pickleball-505f3311
news	https://www.thepicklehub.net/news/pb5star-launches-cross-country-road-trip-to-promote-pickleball-brand-398cea1b
news	https://www.thepicklehub.net/vi/news/thuong-hieu-pb5star-thuc-hien-chuyen-xe-xuyen-my-de-quang-ba-giay-chuyen-dung-398cea1b
news	https://www.thepicklehub.net/news/previewing-the-major-league-pickleball-playoff-quarterfinals-in-newport-beach-3944fcc6
news	https://www.thepicklehub.net/vi/news/phan-tich-vong-tu-ket-giai-dau-major-league-pickleball-tai-newport-beach-3944fcc6
news	https://www.thepicklehub.net/news/united-pickleball-association-of-america-moves-toward-nonprofit-status-c48c35d1
news	https://www.thepicklehub.net/vi/news/united-pickleball-association-of-america-chuyen-doi-sang-mo-hinh-phi-loi-nhan-c48c35d1
news	https://www.thepicklehub.net/news/anna-bright-unveils-personal-mlp-honors-on-youtube-c709e1d4
news	https://www.thepicklehub.net/vi/news/anna-bright-ra-mat-cac-giai-thuong-mlp-tu-phong-tren-youtube-c709e1d4
news	https://www.thepicklehub.net/news/mlp-playoffs-bring-intensity-and-on-court-drama-9b9632c3
news	https://www.thepicklehub.net/vi/news/vong-playoff-giai-dau-mlp-chung-kien-nhieu-kich-tinh-9b9632c3
news	https://www.thepicklehub.net/news/top-pickleball-footwear-recommendations-revealed-602d9433
news	https://www.thepicklehub.net/vi/news/nhung-lua-chon-giay-choi-pickleball-hang-dau-602d9433
news	https://www.thepicklehub.net/news/major-league-pickleball-playoff-quarterfinals-head-to-newport-beach-f51dcea3
news	https://www.thepicklehub.net/vi/news/vong-tu-ket-giai-vo-dich-pickleball-major-league-khoi-tranh-tai-newport-beach-f51dcea3
news	https://www.thepicklehub.net/news/toray-mlp-playoffs-heading-to-newport-beach-f1d240a9
news	https://www.thepicklehub.net/vi/news/vong-playoff-toray-mlp-dien-ra-tai-newport-beach-f1d240a9
news	https://www.thepicklehub.net/news/townsend-shares-insights-on-career-journey-863418da
news	https://www.thepicklehub.net/vi/news/townsend-chia-se-ve-hanh-trinh-su-nghiep-863418da
news	https://www.thepicklehub.net/news/major-league-pickleball-enters-intense-postseason-quarterfinals-with-strategic-o-b79cd351
news	https://www.thepicklehub.net/vi/news/vong-tu-ket-giai-dau-major-league-pickleball-dien-ra-voi-nhung-lua-chon-doi-thu--b79cd351
news	https://www.thepicklehub.net/news/key-storylines-unfold-for-the-toray-mlp-playoffs-in-newport-beach-c9890021
news	https://www.thepicklehub.net/vi/news/nhung-cot-truyen-dang-chu-y-tai-vong-playoff-toray-mlp-o-newport-beach-c9890021
news	https://www.thepicklehub.net/news/choosing-the-best-extra-long-handle-pickleball-paddles-for-two-handed-shots-7a7b25b9
news	https://www.thepicklehub.net/vi/news/lua-chon-vot-pickleball-can-dai-de-ho-tro-danh-hai-tay-hieu-qua-hon-7a7b25b9
news	https://www.thepicklehub.net/news/july-2026-paddle-report-insights-57156b51
news	https://www.thepicklehub.net/vi/news/bao-cao-danh-gia-vot-thang-bay-2026-57156b51
news	https://www.thepicklehub.net/news/top-control-paddles-highlighted-by-pickleballcom-733c0708
news	https://www.thepicklehub.net/vi/news/danh-sach-vot-kiem-soat-hang-dau-duoc-cong-bo-733c0708
news	https://www.thepicklehub.net/news/j-pritchard-bring-heritage-elegance-to-pickleball-fashion-b40715f1
news	https://www.thepicklehub.net/vi/news/thuong-hieu-thoi-trang-j-pritchard-mang-net-co-dien-len-san-dau-b40715f1
news	https://www.thepicklehub.net/news/essential-court-fashion-guide-for-women-pickleball-players-b1022738
news	https://www.thepicklehub.net/vi/news/cam-nang-thoi-trang-san-dau-thiet-thuc-cho-nu-van-dong-vien-pickleball-b1022738
news	https://www.thepicklehub.net/news/mlp-quarterfinals-set-the-stage-at-newport-beach-66c06ad5
news	https://www.thepicklehub.net/vi/news/vong-tu-ket-giai-dau-mlp-tai-newport-beach-hua-hen-nhieu-kich-tinh-66c06ad5
news	https://www.thepicklehub.net/news/global-pickleball-growth-revealed-through-dupr-data-921e455b
news	https://www.thepicklehub.net/vi/news/du-lieu-dupr-he-lo-su-phat-trien-toan-cau-cua-mon-pickleball-921e455b
news	https://www.thepicklehub.net/news/mastering-heavy-topspin-returns-dee2da48
news	https://www.thepicklehub.net/vi/news/cach-tra-bong-xoay-len-trong-pickleball-dee2da48
news	https://www.thepicklehub.net/news/building-core-strength-for-better-pickleball-balance-f1602e11
news	https://www.thepicklehub.net/vi/news/xay-dung-suc-manh-cot-loi-de-cai-thien-thang-bang-khi-choi-pickleball-f1602e11
news	https://www.thepicklehub.net/news/mastering-pickleball-without-a-court-54678d20
news	https://www.thepicklehub.net/vi/news/luyen-tap-pickleball-hieu-qua-tai-nha-54678d20
news	https://www.thepicklehub.net/news/mlp-postseason-quarterfinal-pairings-revealed-for-newport-beach-showdown-c867f8d7
news	https://www.thepicklehub.net/vi/news/lich-thi-dau-vong-tu-ket-mlp-cong-bo-truoc-them-su-kien-newport-beach-c867f8d7
news	https://www.thepicklehub.net/news/inside-the-creation-of-j-pritchard-and-the-la-mad-drops-uniforms-e4309be9
news	https://www.thepicklehub.net/vi/news/hanh-trinh-phat-trien-thuong-hieu-thoi-trang-j-pritchard-va-la-mad-drops-e4309be9
news	https://www.thepicklehub.net/news/pickleballcom-releases-game-maker-app-on-national-pickleball-day-c627583e
news	https://www.thepicklehub.net/vi/news/pickleballcom-ra-mat-ung-dung-game-maker-nhan-dip-ngay-pickleball-quoc-gia-c627583e
news	https://www.thepicklehub.net/news/new-dating-app-connects-singles-through-pickleball-f584444a
news	https://www.thepicklehub.net/vi/news/ung-dung-hen-ho-moi-ket-noi-nguoi-doc-than-qua-mon-pickleball-f584444a
news	https://www.thepicklehub.net/news/major-league-pickleball-kicks-off-expanded-2026-playoff-series-in-dallas-2e318d58
news	https://www.thepicklehub.net/vi/news/vong-mo-man-playoff-major-league-pickleball-2026-dien-ra-soi-dong-tai-dallas-2e318d58
news	https://www.thepicklehub.net/news/thrilling-mlp-orlando-mixed-doubles-battle-condensed-for-fans-87b502d3
news	https://www.thepicklehub.net/vi/news/tran-dau-doi-nam-nu-dinh-cao-tai-giai-major-league-pickleball-87b502d3
news	https://www.thepicklehub.net/news/tracking-kitchen-arrival-percentage-to-elevate-pickleball-skills-e641aa5f
news	https://www.thepicklehub.net/vi/news/theo-doi-ty-le-tiep-can-vung-kitchen-de-nang-cao-trinh-do-pickleball-e641aa5f
news	https://www.thepicklehub.net/news/mastering-third-shot-drops-why-targeting-determines-success-on-the-pickleball-co-9b12ff96
news	https://www.thepicklehub.net/vi/news/chinh-phuc-cu-drop-bong-thu-ba-tam-quan-trong-cua-viec-xac-dinh-muc-tieu-trong-p-9b12ff96
news	https://www.thepicklehub.net/news/professional-player-shares-seven-advanced-strategies-for-overcoming-plateaus-fc1e59f8
news	https://www.thepicklehub.net/vi/news/van-dong-vien-chuyen-nghiep-chia-se-bay-phuong-phap-cai-thien-trinh-do-thi-dau-fc1e59f8
news	https://www.thepicklehub.net/news/six-zero-welcomes-teenage-star-cailyn-campbell-to-its-professional-roster-f3a6bdb1
news	https://www.thepicklehub.net/vi/news/six-zero-chao-don-tai-nang-tre-cailyn-campbell-gia-nhap-doi-ngu-chuyen-nghiep-f3a6bdb1
news	https://www.thepicklehub.net/news/mastering-the-art-of-defeating-aggressive-pickleball-players-833308a7
news	https://www.thepicklehub.net/vi/news/bi-quyet-danh-bai-nhung-tay-vot-tan-cong-manh-me-trong-pickleball-833308a7
news	https://www.thepicklehub.net/news/mastering-the-pickleball-forehand-drive-with-jack-socks-expert-approach-ac4b8d7c
news	https://www.thepicklehub.net/vi/news/bi-quyet-thuc-hien-cu-danh-thuan-tay-uy-luc-cung-jack-sock-trong-pickleball-ac4b8d7c
news	https://www.thepicklehub.net/news/mastering-six-third-shot-drop-variations-d1a037c4
news	https://www.thepicklehub.net/vi/news/lam-chu-sau-ky-thuat-danh-bong-tha-toc-do-thu-ba-d1a037c4
news	https://www.thepicklehub.net/news/boost-your-dupr-rating-with-specific-pickleball-drills-f021f226
news	https://www.thepicklehub.net/vi/news/cai-thien-diem-so-dupr-voi-cac-bai-tap-chuyen-biet-f021f226
news	https://www.thepicklehub.net/news/breaking-the-four-point-zero-ceiling-by-unlearning-tennis-habits-2c521e6a
news	https://www.thepicklehub.net/vi/news/vuot-qua-nguc-bon-cham-bang-cach-tu-bo-thoi-quen-tennis-2c521e6a
news	https://www.thepicklehub.net/news/underdogs-push-favorites-to-the-brink-in-major-league-pickleball-playoff-openers-0c715f0d
news	https://www.thepicklehub.net/vi/news/cac-doi-cua-duoi-gay-kho-khan-lon-cho-ung-vien-vo-dich-tai-vong-mo-man-playoff-m-0c715f0d
news	https://www.thepicklehub.net/news/six-zero-signs-16-year-old-pickleball-prodigy-cailyn-campbell-3a00c316
news	https://www.thepicklehub.net/vi/news/six-zero-ky-hop-dong-voi-tai-nang-tre-cailyn-campbell-3a00c316
news	https://www.thepicklehub.net/news/top-seeds-advance-in-major-league-pickleball-postseason-action-a1485a53
news	https://www.thepicklehub.net/vi/news/cac-hat-giong-hang-dau-tien-buoc-tai-vong-playoff-giai-vo-lich-pickleball-doi-tu-a1485a53
news	https://www.thepicklehub.net/news/top-seeds-advance-amid-early-drama-in-major-league-pickleball-postseason-8a9de309
news	https://www.thepicklehub.net/vi/news/cac-hat-giong-hang-dau-tien-buoc-giua-soi-dong-vong-loai-giai-dau-pickleball-8a9de309
news	https://www.thepicklehub.net/news/major-league-pickleball-playoffs-begin-with-four-sweeps-6f534ea6
news	https://www.thepicklehub.net/vi/news/vong-loai-truc-tiep-major-league-pickleball-khoi-dau-voi-bon-tran-thang-trang-6f534ea6
news	https://www.thepicklehub.net/news/mastering-advanced-pickleball-tactics-through-professional-game-analysis-f8245c75
news	https://www.thepicklehub.net/vi/news/nghe-thuat-thi-dau-pickleball-qua-phan-tich-chuoi-pha-bong-dinh-cao-f8245c75
news	https://www.thepicklehub.net/news/mastering-the-pickleball-speed-up-reset-37a6f195
news	https://www.thepicklehub.net/vi/news/cach-cai-thien-ky-nang-do-bong-toc-do-cao-trong-pickleball-37a6f195
news	https://www.thepicklehub.net/news/essential-pickleball-habits-to-elevate-your-game-d4d249d6
news	https://www.thepicklehub.net/vi/news/nhung-thoi-quen-nho-giup-nang-cao-trinh-do-choi-pickleball-d4d249d6
news	https://www.thepicklehub.net/news/mastering-left-side-deception-for-better-pickleball-offense-0dcae500
news	https://www.thepicklehub.net/vi/news/nghe-thuat-danh-lua-ben-trai-san-pickleball-giup-tang-cuong-tan-cong-0dcae500
news	https://www.thepicklehub.net/news/andie-dikosavljevic-chases-maiden-asian-crown-at-mb-ho-chi-minh-city-open-2f791b7e
news	https://www.thepicklehub.net/vi/news/andie-dikosavljevic-san-sang-chinh-phuc-ngoi-vuong-tai-mb-ho-chi-minh-city-open-2f791b7e
news	https://www.thepicklehub.net/news/unlocking-the-power-of-a-left-handed-pickleball-partner-7ce41072
news	https://www.thepicklehub.net/vi/news/khai-thac-toi-da-loi-the-khi-danh-cung-ban-choi-tay-trai-7ce41072
news	https://www.thepicklehub.net/news/mastering-the-pickleball-reset-through-better-mechanics-e9146f58
news	https://www.thepicklehub.net/vi/news/cai-thien-ky-thuat-danh-reset-bong-trong-pickleball-e9146f58
news	https://www.thepicklehub.net/news/dupr-and-leveling-the-fields-launch-rally-for-her-initiative-dc1c0484
news	https://www.thepicklehub.net/vi/news/dupr-va-leveling-the-fields-khoi-dong-sang-kien-rally-for-her-dc1c0484
news	https://www.thepicklehub.net/news/truong-and-harvey-rematch-headlines-ho-chi-minh-city-semifinals-7eceabbd
news	https://www.thepicklehub.net/vi/news/man-tai-dau-giua-truong-va-harvey-tam-diem-ban-ket-tai-thanh-pho-ho-chi-minh-7eceabbd
news	https://www.thepicklehub.net/news/fox-host-stepped-onto-court-before-playoff-action-8df4e610
news	https://www.thepicklehub.net/vi/news/nguoi-dan-chuong-trinh-thu-suc-tren-san-truoc-vong-dau-8df4e610
news	https://www.thepicklehub.net/news/mastering-six-essential-third-shot-drops-for-advanced-pickleball-play-83355df2
news	https://www.thepicklehub.net/vi/news/lam-chu-sau-ky-thuat-bo-bong-cuc-ky-quan-trong-trong-mon-pickleball-83355df2
news	https://www.thepicklehub.net/news/protecting-aging-joints-with-smart-pickleball-recovery-6dc150fe
news	https://www.thepicklehub.net/vi/news/bao-ve-khop-va-toi-uu-hoa-phuc-hoi-cho-nguoi-choi-lon-tuoi-6dc150fe
news	https://www.thepicklehub.net/news/why-standard-pickleball-drilling-fails-to-improve-your-match-play-c470f20c
news	https://www.thepicklehub.net/vi/news/vi-sao-cac-bai-tap-pickleball-co-dinh-thuong-khong-mang-lai-hieu-qua-thi-dau-c470f20c
news	https://www.thepicklehub.net/news/mastering-the-pickleball-short-hop-at-the-kitchen-line-c232b3f2
news	https://www.thepicklehub.net/vi/news/ky-thuat-danh-bong-nay-ngan-tai-vach-bep-trong-pickleball-c232b3f2
news	https://www.thepicklehub.net/news/mastering-the-forehand-volley-at-the-kitchen-line-8caab803
news	https://www.thepicklehub.net/vi/news/lam-chu-cu-volley-thuan-tay-tai-vach-bep-8caab803
news	https://www.thepicklehub.net/news/three-pickleball-shots-sabotaging-your-performance-on-the-court-490a7e9c
news	https://www.thepicklehub.net/vi/news/ba-cu-danh-pickleball-dang-am-tham-pha-hong-tran-dau-cua-ban-490a7e9c
news	https://www.thepicklehub.net/news/whitehall-lane-winery-introduces-onsite-pickleball-court-e0fb5c3d
news	https://www.thepicklehub.net/vi/news/nha-may-ruou-vang-whitehall-lane-ra-mat-san-pickleball-moi-e0fb5c3d
news	https://www.thepicklehub.net/news/unlocking-pro-secrets-eric-oncins-shares-tournament-prep-habits-b2b04d87
news	https://www.thepicklehub.net/vi/news/bi-quyet-chuan-bi-giai-dau-chuyen-nghiep-tu-eric-oncins-b2b04d87
news	https://www.thepicklehub.net/news/mastering-the-art-of-defending-against-power-players-137f994e
news	https://www.thepicklehub.net/vi/news/lam-chu-ky-nang-phong-thu-truoc-nguoi-choi-tan-cong-manh-137f994e
news	https://www.thepicklehub.net/news/mastering-the-twohanded-backhand-in-pickleball-af3b6785
news	https://www.thepicklehub.net/vi/news/bi-quyet-lam-chu-cu-trai-tay-hai-tay-trong-mon-pickleball-af3b6785
news	https://www.thepicklehub.net/news/tickets-now-available-for-the-leapmotor-kuala-lumpur-cup-2026-f6c2c9a7
news	https://www.thepicklehub.net/vi/news/ve-xem-giai-dau-leapmotor-kuala-lumpur-cup-2026-chinh-thuc-mo-ban-f6c2c9a7
news	https://www.thepicklehub.net/news/major-league-pickleball-kicks-off-opening-playoff-weekend-in-texas-65ed59b9
news	https://www.thepicklehub.net/vi/news/giai-dau-major-league-pickleball-khoi-tranh-vong-loai-truc-tiep-tai-texas-65ed59b9
news	https://www.thepicklehub.net/news/parris-todd-shares-professional-training-routine-ab65714c
news	https://www.thepicklehub.net/vi/news/parris-todd-chia-se-bai-tap-the-luc-chuyen-nghiep-ab65714c
news	https://www.thepicklehub.net/news/how-pickleball-transformed-from-a-punchline-into-a-cultural-phenomenon-11ef4298
news	https://www.thepicklehub.net/vi/news/hanh-trinh-but-pha-tro-thanh-mon-the-thao-dinh-cao-cua-pickleball-11ef4298
news	https://www.thepicklehub.net/news/chicago-gears-up-for-the-2026-app-vlasic-classic-683853c8
news	https://www.thepicklehub.net/vi/news/chicago-san-sang-cho-giai-dau-app-vlasic-classic-2026-683853c8
news	https://www.thepicklehub.net/news/connor-garnett-defends-pickleball-growth-against-skeptics-b992f61d
news	https://www.thepicklehub.net/vi/news/connor-garnett-khang-dinh-pickleball-van-phat-trien-manh-me-b992f61d
news	https://www.thepicklehub.net/news/mlp-orlando-sets-viewership-record-on-fs1-2c27ed4b
news	https://www.thepicklehub.net/vi/news/mlp-orlando-thiet-lap-ky-luc-nguoi-xem-tren-kenh-fs1-2c27ed4b
news	https://www.thepicklehub.net/news/mlp-playoffs-set-to-deliver-high-intensity-action-in-dallas-469f0d9b
news	https://www.thepicklehub.net/vi/news/vong-playoff-mlp-tai-dallas-chuan-bi-bung-no-cam-xuc-469f0d9b
news	https://www.thepicklehub.net/news/professional-pickleball-enters-its-entourage-era-9d9c467a
news	https://www.thepicklehub.net/vi/news/bong-no-chuyen-nghiep-buoc-vao-ky-nguyen-hau-can-9d9c467a
news	https://www.thepicklehub.net/news/major-league-pickleball-playoff-chase-intensifies-after-orlando-showdown-4b9d7fdb
news	https://www.thepicklehub.net/vi/news/cuoc-dua-vo-dich-major-league-pickleball-nong-len-sau-su-kien-orlando-4b9d7fdb
news	https://www.thepicklehub.net/news/major-league-pickleball-gears-up-for-dallas-postseason-showdown-af511a28
news	https://www.thepicklehub.net/vi/news/giai-dau-pickleball-chuyen-nghiep-buoc-vao-vong-playoff-tai-dallas-af511a28
news	https://www.thepicklehub.net/news/mastering-your-pickleball-drop-through-simple-wrist-mechanics-ea48039a
news	https://www.thepicklehub.net/vi/news/cai-thien-cu-danh-drop-trong-pickleball-nho-thay-doi-co-tay-ea48039a
news	https://www.thepicklehub.net/news/recognizing-when-it-is-time-to-advance-your-game-15129c7c
news	https://www.thepicklehub.net/vi/news/nhan-biet-thoi-diem-thich-hop-de-nang-cao-trinh-do-15129c7c
news	https://www.thepicklehub.net/news/protecting-your-knees-through-better-lateral-movement-mechanics-5dc38574
news	https://www.thepicklehub.net/vi/news/bao-ve-dau-goi-trong-mon-pickleball-nho-ky-thuat-di-chuyen-ngang-5dc38574
news	https://www.thepicklehub.net/news/mastering-the-left-handed-opponent-in-pickleball-97934ecc
news	https://www.thepicklehub.net/vi/news/cach-khac-phuc-doi-thu-thuan-tay-trai-trong-pickleball-97934ecc
news	https://www.thepicklehub.net/news/tammy-emmrich-excels-on-professional-pickleball-tours-while-pregnant-5b9e2abb
news	https://www.thepicklehub.net/vi/news/tammy-emmrich-thi-dau-chuyen-nghiep-khi-dang-mang-thai-5b9e2abb
news	https://www.thepicklehub.net/news/escaping-the-endless-pickleball-group-chat-loop-d472dbfc
news	https://www.thepicklehub.net/vi/news/thoat-khoi-vong-lan-quan-cua-tin-nhan-nhom-pickleball-d472dbfc
news	https://www.thepicklehub.net/news/major-league-pickleball-kicks-off-postseason-action-in-texas-16f1ed8a
news	https://www.thepicklehub.net/vi/news/vong-playoff-major-league-pickleball-khoi-tranh-tai-texas-16f1ed8a
news	https://www.thepicklehub.net/news/mastering-kitchen-consistency-with-smart-pickleball-dinking-drills-for-seniors-0ba89dc4
news	https://www.thepicklehub.net/vi/news/cai-thien-do-ben-bi-tren-san-bep-voi-cac-bai-tap-dink-thong-minh-cho-nguoi-lon-t-0ba89dc4
news	https://www.thepicklehub.net/news/mastering-pickleball-early-through-proper-coaching-fundamentals-51d1c6e1
news	https://www.thepicklehub.net/vi/news/nen-tang-huan-luyen-giup-nguoi-moi-choi-tien-bo-nhanh-chong-51d1c6e1
news	https://www.thepicklehub.net/news/ppa-tour-unveils-global-ranking-system-for-professional-pickleball-7a283651
news	https://www.thepicklehub.net/vi/news/ppa-tour-ra-mat-he-thong-xep-hang-pickleball-toan-cau-moi-7a283651
news	https://www.thepicklehub.net/news/anna-leigh-waters-and-hayden-patriquin-spark-a-major-rivalry-in-pro-pickleball-fc982b2f
news	https://www.thepicklehub.net/vi/news/anna-leigh-waters-va-hayden-patriquin-tao-nen-su-kinh-cheo-dang-chu-y-fc982b2f
news	https://www.thepicklehub.net/news/upgrade-your-pickleball-transition-with-the-drive-and-roll-crash-combo-849d1878
news	https://www.thepicklehub.net/vi/news/cai-thien-loi-choi-chuyen-giao-trong-pickleball-bang-ky-thuat-danh-cuon-va-tien--849d1878
news	https://www.thepicklehub.net/news/mastering-the-split-step-in-pickleball-6fe3535b
news	https://www.thepicklehub.net/vi/news/lam-chu-ky-thuat-split-step-trong-pickleball-6fe3535b
news	https://www.thepicklehub.net/news/mastering-the-backhand-third-shot-drop-eb96fa29
news	https://www.thepicklehub.net/vi/news/lam-chu-cu-danh-tha-bong-bang-tay-trai-trong-pickleball-eb96fa29
news	https://www.thepicklehub.net/news/mastering-the-pickleball-mindset-shift-of-letting-out-balls-go-872a4b9b
news	https://www.thepicklehub.net/vi/news/thay-doi-tu-duy-pickleball-giup-ban-ngung-duoi-theo-bong-ra-ngoai-872a4b9b
news	https://www.thepicklehub.net/news/ppa-tour-introduces-unified-global-ranking-system-for-all-around-champions-7b2fb160
news	https://www.thepicklehub.net/vi/news/ppa-tour-ra-mat-he-thong-xep-hang-toan-cau-moi-danh-cho-van-dong-vien-7b2fb160
news	https://www.thepicklehub.net/news/carvana-ppa-tour-launches-world-pickleball-rankings-8428bd11
news	https://www.thepicklehub.net/vi/news/carvana-ppa-tour-ra-mat-he-thong-xep-hang-toan-cau-8428bd11
news	https://www.thepicklehub.net/news/torch-beverages-secures-major-league-pickleball-partnership-0f09fa64
news	https://www.thepicklehub.net/vi/news/torch-beverages-tro-thanh-doi-tac-cua-giai-dau-chuyen-nghiep-0f09fa64
news	https://www.thepicklehub.net/news/july-2026-recap-pop-culture-major-league-trades-and-global-expansion-360c8752
news	https://www.thepicklehub.net/vi/news/tong-hop-thang-7-nam-2026-van-hoa-dai-chung-chuyen-nhuong-va-giai-dau-360c8752
news	https://www.thepicklehub.net/news/carvana-ppa-tour-launches-unified-world-pickleball-rankings-59635a9f
news	https://www.thepicklehub.net/vi/news/ppa-tour-ra-mat-he-thong-bang-xep-hang-pickleball-the-gioi-59635a9f
news	https://www.thepicklehub.net/news/hien-truong-pursues-first-home-gold-at-mb-ho-chi-minh-city-open-6a057ab7
news	https://www.thepicklehub.net/vi/news/hien-truong-huong-toi-huy-chuong-vang-san-nha-tai-giai-dau-tphcm-6a057ab7
news	https://www.thepicklehub.net/news/july-2026-pop-culture-and-tour-highlights-in-pickleball-3e3ae6bf
news	https://www.thepicklehub.net/vi/news/diem-nhan-van-hoa-dai-chung-va-giai-dau-pickleball-thang-bay-2026-3e3ae6bf
news	https://www.thepicklehub.net/news/ppa-tour-unveils-expansion-into-european-markets-with-new-circuit-32643295
news	https://www.thepicklehub.net/vi/news/ppa-tour-cong-bo-mo-rong-giai-dau-sang-thi-truong-chau-au-32643295
news	https://www.thepicklehub.net/news/ppa-tour-launches-historic-european-circuit-1a3d64c5
news	https://www.thepicklehub.net/vi/news/ppa-tour-cong-bo-giai-dau-lich-su-tai-chau-au-1a3d64c5
news	https://www.thepicklehub.net/news/unlocking-the-match-rhythm-of-pickleball-star-anna-leigh-waters-81b0bfc3
news	https://www.thepicklehub.net/vi/news/giai-ma-nhip-do-thi-dau-cua-ngoi-sao-anna-leigh-waters-81b0bfc3
news	https://www.thepicklehub.net/news/reality-television-embraces-pickleball-in-recent-broadcast-crossover-02c87d38
news	https://www.thepicklehub.net/vi/news/chuong-trinh-truyen-hinh-thuc-te-dua-mon-pickleball-vao-thu-thach-thi-dau-02c87d38
news	https://www.thepicklehub.net/news/analyzing-an-epic-mlp-mixed-doubles-point-7e079091
news	https://www.thepicklehub.net/vi/news/pha-bong-dang-nho-trong-giai-major-league-pickleball-7e079091
news	https://www.thepicklehub.net/news/major-league-pickleball-playoff-battles-begin-5cce9538
news	https://www.thepicklehub.net/vi/news/vong-playoff-giai-dau-major-league-pickleball-khoi-tranh-5cce9538
news	https://www.thepicklehub.net/news/mastering-the-defense-against-advanced-pickleball-around-the-post-shots-416921be
news	https://www.thepicklehub.net/vi/news/bi-quyet-phong-thu-truoc-cu-danh-vong-qua-tru-luoi-hiem-hoc-416921be
news	https://www.thepicklehub.net/news/enhancing-hand-speed-at-the-net-without-risking-injury-9dd05540
news	https://www.thepicklehub.net/vi/news/cai-thien-toc-do-phan-xa-tai-luoi-an-toan-cho-nguoi-cao-tuoi-9dd05540
news	https://www.thepicklehub.net/news/mastering-pickleball-tournament-preparation-through-professional-routines-ef0052d5
news	https://www.thepicklehub.net/vi/news/bi-quyet-chuan-bi-cho-giai-dau-pickleball-tu-cac-chuyen-gia-ef0052d5
news	https://www.thepicklehub.net/news/mastering-ten-essential-pickleball-habits-to-elevate-your-match-play-65039fa4
news	https://www.thepicklehub.net/vi/news/hoan-thien-muoi-thoi-quen-cot-loi-de-nang-cao-trinh-do-pickleball-65039fa4
news	https://www.thepicklehub.net/news/mastering-the-pickleball-counter-shot-at-the-kitchen-line-04b74730
news	https://www.thepicklehub.net/vi/news/bi-quyet-lam-chu-cu-danh-phan-cong-trong-pickleball-04b74730
news	https://www.thepicklehub.net/news/protecting-your-pickleball-paddle-from-heat-and-sun-damage-227b2779
news	https://www.thepicklehub.net/vi/news/bao-ve-vot-pickleball-khoi-nhiet-do-cao-va-anh-nang-227b2779
news	https://www.thepicklehub.net/news/mastering-the-pickleball-high-ball-backhand-rule-567d013f
news	https://www.thepicklehub.net/vi/news/quy-tac-tra-bong-cao-hieu-qua-trong-pickleball-567d013f
news	https://www.thepicklehub.net/news/transform-your-forehand-dink-from-neutral-to-offensive-6665e220
news	https://www.thepicklehub.net/vi/news/bien-cu-dink-thuan-tay-tro-thanh-vu-khi-loi-hai-6665e220
news	https://www.thepicklehub.net/news/fixing-common-pickleball-drive-mistakes-dd100de9
news	https://www.thepicklehub.net/vi/news/khac-phuc-loi-danh-bong-hong-trong-pickleball-dd100de9
news	https://www.thepicklehub.net/news/new-jersey-5s-clinch-top-playoff-seed-at-major-league-pickleball-orlando-cbeb249b
news	https://www.thepicklehub.net/vi/news/new-jersey-5s-giu-vung-hat-giong-so-mot-tai-giai-dau-major-league-pickleball-cbeb249b
news	https://www.thepicklehub.net/news/new-jersey-5s-clinch-top-seed-after-epic-orlando-showdown-2843d583
news	https://www.thepicklehub.net/vi/news/new-jersey-5s-gianh-hat-giong-so-mot-sau-tran-chung-ket-tai-orlando-2843d583
news	https://www.thepicklehub.net/news/combine-fitness-and-court-skills-with-these-five-pickleball-drills-036f69a9
news	https://www.thepicklehub.net/vi/news/ket-hop-the-luc-va-ky-thuat-voi-nam-bai-tap-pickleball-hieu-qua-036f69a9
news	https://www.thepicklehub.net/news/transform-your-forehand-dink-from-safe-to-aggressive-e1d0b3b3
news	https://www.thepicklehub.net/vi/news/bien-cu-dink-thuan-tay-an-toan-thanh-vu-khi-tan-cong-e1d0b3b3
news	https://www.thepicklehub.net/news/fixing-pop-up-dinks-at-the-kitchen-line-9e06f9d5
news	https://www.thepicklehub.net/vi/news/khac-phuc-loi-cu-dink-bay-cao-o-khu-vuc-nha-bep-9e06f9d5
news	https://www.thepicklehub.net/news/mastering-pickleball-serves-and-returns-9638798c
news	https://www.thepicklehub.net/vi/news/nang-cao-ky-thuat-giao-va-tra-bong-9638798c
news	https://www.thepicklehub.net/news/fixing-common-pickleball-mistakes-643fe98d
news	https://www.thepicklehub.net/vi/news/khac-phuc-nhung-thoi-quen-xau-trong-mon-pickleball-643fe98d
news	https://www.thepicklehub.net/news/hong-kong-to-stage-landmark-2026-ppa-tour-asia-finale-with-record-prize-purse-96be9ab8
news	https://www.thepicklehub.net/vi/news/hong-kong-dang-cai-giai-dau-dinh-cao-ppa-tour-asia-2026-voi-tong-tien-thuong-ky--96be9ab8
news	https://www.thepicklehub.net/news/new-jersey-5s-secure-top-spot-for-major-league-pickleball-postseason-9bc41284
news	https://www.thepicklehub.net/vi/news/doi-new-jersey-5s-gianh-hat-giong-so-mot-cho-vong-playoff-major-league-picklebal-9bc41284
news	https://www.thepicklehub.net/news/jay-devilliers-reflects-on-global-pickleball-growth-in-season-finale-e86aa77e
news	https://www.thepicklehub.net/vi/news/jay-devilliers-chia-se-ve-su-phat-trien-cua-pickleball-toan-cau-e86aa77e
news	https://www.thepicklehub.net/news/unlocking-elite-pickleball-potential-through-intentional-warm-up-drills-7a97cf45
news	https://www.thepicklehub.net/vi/news/nang-cao-trinh-do-thi-dau-nho-quy-trinh-khoi-dong-chuyen-nghiep-7a97cf45
news	https://www.thepicklehub.net/news/mastering-pickleball-two-shot-combinations-to-build-every-attack-99b25348
news	https://www.thepicklehub.net/vi/news/lam-chu-cac-to-hop-hai-cu-danh-de-xay-dung-loi-choi-tan-cong-99b25348
news	https://www.thepicklehub.net/news/fixing-three-common-blocking-mistakes-d7d8ef44
news	https://www.thepicklehub.net/vi/news/khac-phuc-ba-loi-chan-bong-pho-bien-d7d8ef44
news	https://www.thepicklehub.net/news/fixing-the-flat-pickleball-drive-6e1aa4d2
news	https://www.thepicklehub.net/vi/news/khac-phuc-loi-danh-bong-thang-trong-pickleball-6e1aa4d2
news	https://www.thepicklehub.net/news/six-essential-strategies-to-eliminate-unforced-errors-on-the-pickleball-court-2538aa3c
news	https://www.thepicklehub.net/vi/news/sau-phuong-phap-hieu-qua-giup-nguoi-choi-pickleball-han-che-toi-da-loi-tu-hong-2538aa3c
news	https://www.thepicklehub.net/news/why-controlled-play-beats-raw-power-in-modern-pickleball-f19ce3a7
news	https://www.thepicklehub.net/vi/news/vi-sao-loi-choi-kiem-soat-luon-thang-suc-manh-trong-pickleball-f19ce3a7
news	https://www.thepicklehub.net/news/jack-sock-breaks-down-third-shot-drop-techniques-16cb59a0
news	https://www.thepicklehub.net/vi/news/jack-sock-chia-se-ky-thuat-thuc-hien-cu-danh-third-shot-drop-16cb59a0
news	https://www.thepicklehub.net/news/town-mandates-fifty-dollar-specialty-balls-to-fight-court-noise-d4f0f54d
news	https://www.thepicklehub.net/vi/news/thi-tran-yeu-cau-su-dung-bong-dac-biet-gia-dat-de-giam-tieng-on-san-dau-d4f0f54d
news	https://www.thepicklehub.net/news/the-evolution-of-the-two-handed-backhand-in-modern-pickleball-6c224da3
news	https://www.thepicklehub.net/vi/news/su-phat-trien-cua-cu-danh-trai-hai-tay-trong-pickleball-hien-dai-6c224da3
news	https://www.thepicklehub.net/news/federico-staksrud-joins-new-jersey-fives-in-major-mlp-roster-shakeup-d8ae1a8c
news	https://www.thepicklehub.net/vi/news/federico-staksrud-chuyen-den-new-jersey-fives-trong-thuong-vu-lon-cua-mlp-d8ae1a8c
news	https://www.thepicklehub.net/news/mastering-pickleball-shot-selection-through-ball-height-c4497c69
news	https://www.thepicklehub.net/vi/news/lam-chu-cach-chon-cu-danh-nho-chieu-cao-bong-c4497c69
news	https://www.thepicklehub.net/news/mastering-pickleball-court-positioning-to-stop-down-the-line-winners-e138bfef
news	https://www.thepicklehub.net/vi/news/lam-chu-vi-tri-tren-san-pickleball-de-chan-dung-cac-duong-biem-doc-e138bfef
news	https://www.thepicklehub.net/news/mastering-core-pickleball-mechanics-c12a1ea5
news	https://www.thepicklehub.net/vi/news/lam-chu-cac-ky-thuat-pickleball-cot-loi-c12a1ea5
news	https://www.thepicklehub.net/news/mastering-the-backhand-roll-and-flick-in-pickleball-573a8d12
news	https://www.thepicklehub.net/vi/news/bi-quyet-phan-biet-cu-danh-backhand-roll-va-flick-573a8d12
news	https://www.thepicklehub.net/news/understanding-senior-doubles-strategy-in-pickleball-1b142695
news	https://www.thepicklehub.net/vi/news/kham-pha-chien-luoc-danh-doi-danh-cho-nguoi-cao-tuoi-trong-pickleball-1b142695
news	https://www.thepicklehub.net/news/essential-footwork-adjustments-for-older-pickleball-enthusiasts-1747a460
news	https://www.thepicklehub.net/vi/news/nhung-dieu-chinh-ve-chan-cho-nguoi-choi-pickleball-lon-tuoi-1747a460
news	https://www.thepicklehub.net/news/major-league-pickleball-enters-final-regular-season-week-in-orlando-8a741a0e
news	https://www.thepicklehub.net/vi/news/giai-dau-major-league-pickleball-buoc-vao-tuan-thi-dau-cuoi-cung-tai-orlando-8a741a0e
news	https://www.thepicklehub.net/news/understanding-the-dink-minor-league-pickleball-structure-68400027
news	https://www.thepicklehub.net/vi/news/tim-hieu-cau-truc-giai-dau-pickleball-nghiep-du-68400027
news	https://www.thepicklehub.net/news/hong-kit-wong-makes-history-with-third-consecutive-singles-crown-at-singapore-op-58d5a53d
news	https://www.thepicklehub.net/vi/news/hong-kit-wong-lap-ky-luc-voi-huy-chuong-vang-don-nam-lien-tiep-tai-singapore-58d5a53d
news	https://www.thepicklehub.net/news/joola-concludes-nationwide-summer-tour-9e811e50
news	https://www.thepicklehub.net/vi/news/hanh-trinh-xuyen-quoc-gia-cua-joola-khep-lai-thanh-cong-9e811e50
news	https://www.thepicklehub.net/news/the-dink-milp-v4-how-the-format-works-1qawe0
news	https://www.thepicklehub.net/vi/news/giai-milp-v4-co-gi-moi-the-thuc-thi-dau-doc-dao-1qawe0
news	https://www.thepicklehub.net/news/lea-jansen-breaks-down-her-favorite-go-to-drill-with-tina-pisnik-12xbyp
news	https://www.thepicklehub.net/vi/news/lea-jansen-chia-se-bai-tap-phan-xa-yeu-thich-cung-tina-pisnik-12xbyp
news	https://www.thepicklehub.net/news/3-third-shot-drop-fixes-that-make-your-drop-unattackable-ca57se
news	https://www.thepicklehub.net/vi/news/3-cach-sua-loi-cu-third-shot-drop-giup-bong-khong-bi-tan-cong-ca57se
news	https://www.thepicklehub.net/news/3-serve-return-secrets-most-pickleball-players-never-learn-1xajqj
news	https://www.thepicklehub.net/vi/news/3-bi-quyet-tra-giao-bong-pickleball-ai-cung-nen-biet-1xajqj
news	https://www.thepicklehub.net/news/the-rubber-band-drill-how-to-master-resets-on-every-part-of-the-court-12346d
news	https://www.thepicklehub.net/vi/news/bai-tap-day-thun-giup-kiem-soat-hoan-hao-cu-reset-o-moi-vi-tri-tren-san-12346d
news	https://www.thepicklehub.net/news/the-simple-step-you-must-master-before-learning-the-pickleball-flick-t28qoi
news	https://www.thepicklehub.net/vi/news/dong-tac-nen-tang-bat-buoc-phai-nam-truoc-khi-hoc-cu-flick-trong-pickleball-t28qoi
news	https://www.thepicklehub.net/news/3-volley-mistakes-that-are-costing-you-easy-points-and-how-to-fix-them-pzino9
news	https://www.thepicklehub.net/vi/news/3-loi-volley-pho-bien-khien-ban-mat-diem-dang-tiec-va-cach-khac-phuc-pzino9
news	https://www.thepicklehub.net/news/11six24-is-bringing-back-the-beloved-budget-jelly-bean-qy6y2p
news	https://www.thepicklehub.net/vi/news/11six24-hoi-sinh-dong-vot-gia-re-duoc-yeu-thich-jelly-bean-qy6y2p
news	https://www.thepicklehub.net/news/the-3-step-formula-that-simplifies-pickleball-strategy-wins-more-points-107f4r
news	https://www.thepicklehub.net/vi/news/cong-thuc-3-buoc-don-gian-hoa-chien-thuat-pickleball-de-gianh-them-diem-107f4r
news	https://www.thepicklehub.net/news/3-pickleball-tournament-tips-that-stop-unforced-errors-fast-17m3am
news	https://www.thepicklehub.net/vi/news/3-meo-thi-dau-pickleball-giup-han-che-loi-tu-danh-hong-17m3am
news	https://www.thepicklehub.net/news/the-3-step-serve-system-that-adds-instant-depth-to-every-ball-bml4im
news	https://www.thepicklehub.net/vi/news/he-thong-phat-bong-3-buoc-giup-bong-sau-va-uy-luc-hon-ngay-lap-tuc-bml4im
news	https://www.thepicklehub.net/news/examining-financial-strategies-and-team-spending-in-major-league-pickleball-5361e2aa
news	https://www.thepicklehub.net/vi/news/phan-tich-chien-luoc-tai-chinh-va-chi-tieu-cua-cac-doi-trong-major-league-pickle-5361e2aa
news	https://www.thepicklehub.net/news/mlp-orlando-preview-1hfxr1
news	https://www.thepicklehub.net/vi/news/nhan-dinh-chang-cuoi-mlp-orlando-truoc-them-vong-play-off-1hfxr1
news	https://www.thepicklehub.net/news/luxury-pickleball-vacation-rental-gains-popularity-in-north-georgia-mountains-3f71880d
news	https://www.thepicklehub.net/vi/news/khu-nghi-duong-pickleball-cao-cap-tai-vung-nui-bac-georgia-thu-hut-du-khach-3f71880d
news	https://www.thepicklehub.net/news/major-league-pickleball-reveals-inaugural-nations-cup-ed2869d6
news	https://www.thepicklehub.net/vi/news/giai-dau-nations-cup-moi-cua-major-league-pickleball-ed2869d6
news	https://www.thepicklehub.net/news/5-keys-to-the-two-handed-backhand-counter-parris-todd-uses-to-beat-everyone-1yvhri
news	https://www.thepicklehub.net/vi/news/5-bi-quyet-danh-trai-hai-tay-khac-che-moi-doi-thu-cua-parris-todd-1yvhri
news	https://www.thepicklehub.net/news/why-you-keep-getting-jammed-at-your-feet-and-the-paddle-fix-that-stops-it-hp9xz7
news	https://www.thepicklehub.net/vi/news/cach-khac-phuc-loi-bong-sat-chan-trong-pickleball-cuc-hieu-qua-hp9xz7
news	https://www.thepicklehub.net/news/the-return-of-serve-adjustment-that-saves-senior-players-legs-l0qhri
news	https://www.thepicklehub.net/vi/news/cach-sua-loi-tra-giao-bong-giup-nguoi-choi-lon-tuoi-tiet-kiem-suc-l0qhri
news	https://www.thepicklehub.net/news/joola-wraps-up-successful-2026-pops-summer-tour-across-multiple-cities-121e1aa9
news	https://www.thepicklehub.net/vi/news/hanh-trinh-xuyen-quoc-gia-doc-dao-cua-su-kien-mua-he-joola-2026-121e1aa9
news	https://www.thepicklehub.net/news/how-to-structure-a-senior-pickleball-training-week-without-overdoing-it-odmgi6
news	https://www.thepicklehub.net/vi/news/cach-len-lich-tap-luyen-pickleball-cho-nguoi-lon-tuoi-ma-khong-bi-qua-tai-odmgi6
news	https://www.thepicklehub.net/news/pickleball-and-the-pursuit-of-flow-1dcy28
news	https://www.thepicklehub.net/vi/news/pickleball-va-hanh-trinh-tim-kiem-trang-thai-thang-hoa-1dcy28
news	https://www.thepicklehub.net/news/ben-stiller-comedy-the-dink-brings-pickleball-to-streaming-audiences-2f06298a
news	https://www.thepicklehub.net/vi/news/bo-phim-hai-the-dink-ve-pickleball-chinh-thuc-phat-song-tren-apple-tv-2f06298a
news	https://www.thepicklehub.net/news/hours-of-prep-minutes-of-chaos-life-as-an-mlp-dreambreaker-specialist-1cwur6
news	https://www.thepicklehub.net/vi/news/choi-vai-chuyen-gia-dreambreaker-tai-mlp-vai-phut-ngan-ngui-ap-luc-cuc-lon-1cwur6
news	https://www.thepicklehub.net/news/how-to-beat-every-type-of-pickleball-player-5-proven-strategies-16zu1m
news	https://www.thepicklehub.net/vi/news/cach-khac-che-moi-doi-thu-pickleball-voi-5-chien-thuat-dinh-cao-16zu1m
news	https://www.thepicklehub.net/news/why-your-two-handed-backhand-dink-keeps-going-long-and-how-to-fix-it-1sxe64
news	https://www.thepicklehub.net/vi/news/ly-do-cu-dink-trai-tay-bang-hai-tay-hay-bay-ra-ngoai-va-cach-khac-phuc-1sxe64
news	https://www.thepicklehub.net/news/the-dallas-flash-go-back-to-back-as-the-mlp-playoff-race-heats-up-sv94fa
news	https://www.thepicklehub.net/vi/news/dallas-flash-vo-dich-lien-tiep-khi-cuoc-dua-playoff-mlp-nong-len-sv94fa
news	https://www.thepicklehub.net/news/why-you-back-up-on-your-backhand-volley-and-the-drill-that-fixes-it-13hv0e
news	https://www.thepicklehub.net/vi/news/ly-do-ban-lui-buoc-khi-vo-le-trai-tay-va-bai-tap-khac-phuc-13hv0e
news	https://www.thepicklehub.net/news/how-to-hit-the-overhead-backhand-smash-in-3-steps-1ipgi4
news	https://www.thepicklehub.net/vi/news/cach-thuc-hien-cu-smash-trai-tay-tren-cao-trong-3-buoc-1ipgi4
news	https://www.thepicklehub.net/news/7-pickleball-habits-that-reveal-your-level-in-30-seconds-y40p0v
news	https://www.thepicklehub.net/vi/news/7-thoi-quen-pickleball-to-cao-trinh-do-cua-ban-chi-trong-30-giay-y40p0v
news	https://www.thepicklehub.net/news/4-real-reasons-youre-stuck-at-35-and-how-to-fix-them-1kbfsp
news	https://www.thepicklehub.net/vi/news/4-ly-do-thuc-te-khien-ban-mai-ket-o-trinh-do-35-va-cach-khac-phuc-1kbfsp
news	https://www.thepicklehub.net/news/selkirks-new-courtstrike-pro-30-is-lighter-cooler-built-for-speed-u8a9z6
news	https://www.thepicklehub.net/vi/news/giay-selkirk-courtstrike-pro-30-moi-nhe-hon-thoang-khi-hon-va-toi-uu-toc-do-u8a9z6
news	https://www.thepicklehub.net/news/5-pickleball-specific-exercises-built-for-senior-joints-dawudo
news	https://www.thepicklehub.net/vi/news/5-bai-tap-pickleball-chuyen-biet-giup-bao-ve-khop-cho-nguoi-lon-tuoi-dawudo
news	https://www.thepicklehub.net/news/common-pickleball-injuries-in-senior-players-and-how-to-avoid-them-1a8llh
news	https://www.thepicklehub.net/vi/news/chan-thuong-thuong-gap-o-nguoi-lon-tuoi-choi-pickleball-va-cach-phong-tranh-1a8llh
news	https://www.thepicklehub.net/news/is-pickleball-part-of-the-national-senior-games-heres-what-qualifies-5umjlu
news	https://www.thepicklehub.net/vi/news/pickleball-co-trong-national-senior-games-khong-va-dieu-kien-tham-gia-5umjlu
news	https://www.thepicklehub.net/news/dallas-flash-secure-back-to-back-major-league-pickleball-titles-in-chicago-8d44706f
news	https://www.thepicklehub.net/vi/news/dallas-flash-gianh-chuc-vo-lich-lien-tiep-tai-giai-dau-major-league-pickleball-o-8d44706f
news	https://www.thepicklehub.net/news/mlp-playoff-guide-for-every-team-heading-into-the-final-week-175ehj
news	https://www.thepicklehub.net/vi/news/cuc-dien-vong-playoff-mlp-truoc-tuan-dau-cuoi-cung-mua-giai-175ehj
news	https://www.thepicklehub.net/news/stop-getting-tagged-in-the-chest-the-50-defense-move-you-need-1n760w
news	https://www.thepicklehub.net/vi/news/meo-phong-thu-dinh-cao-giup-ban-khong-bi-doi-thu-nham-nguc-tan-cong-1n760w
news	https://www.thepicklehub.net/news/3-forehand-drop-techniques-every-serious-pickleball-player-needs-o9zcue
news	https://www.thepicklehub.net/vi/news/3-ky-thuat-forehand-drop-moi-nguoi-choi-pickleball-can-nam-o9zcue
news	https://www.thepicklehub.net/news/4-rules-that-help-the-weaker-player-win-more-pickleball-games-c9cybt
news	https://www.thepicklehub.net/vi/news/4-quy-tac-giup-nguoi-choi-yeu-the-gianh-chien-thang-trong-pickleball-c9cybt
news	https://www.thepicklehub.net/news/harvey-stuns-truong-with-great-escape-to-reach-singapore-final-zi0nk
news	https://www.thepicklehub.net/vi/news/harvey-loi-nguoc-dong-ngoan-muc-truoc-hien-truong-de-vao-chung-ket-singapore-zi0nk
news	https://www.thepicklehub.net/news/six-zero-pioneered-paddle-innovation-now-its-coming-for-your-entire-outfit-srdaug
news	https://www.thepicklehub.net/vi/news/six-zero-mo-duong-cong-nghe-vot-nay-lan-san-sang-ca-thoi-trang-pickleball-srdaug
news	https://www.thepicklehub.net/news/third-shot-pickleball-strategy-for-doubles-beginners-explained-1h2lsm
news	https://www.thepicklehub.net/vi/news/chien-thuat-cu-danh-thu-ba-trong-doi-huong-dan-cho-nguoi-moi-1h2lsm
news	https://www.thepicklehub.net/news/your-backhand-counter-needs-work-these-tips-can-help-1usr4y
news	https://www.thepicklehub.net/vi/news/cu-danh-tra-trai-tay-chua-tot-day-la-cach-sua-1usr4y
news	https://www.thepicklehub.net/news/ai-powered-video-analysis-now-impacts-your-dupr-rating-176vn7
news	https://www.thepicklehub.net/vi/news/phan-tich-video-bang-ai-chinh-thuc-tac-dong-den-diem-so-dupr-cua-ban-176vn7
news	https://www.thepicklehub.net/news/this-is-why-your-third-shot-drop-keeps-failing-19n93m
news	https://www.thepicklehub.net/vi/news/ly-do-cuu-danh-bong-pha-ba-cua-ban-mai-khong-thanh-cong-19n93m
news	https://www.thepicklehub.net/news/triple-threat-long-books-three-semifinals-in-singapore-k2qfgt
news	https://www.thepicklehub.net/vi/news/long-toa-sang-ruc-ro-tien-vao-3-ban-ke-tai-singapore-k2qfgt
news	https://www.thepicklehub.net/news/5-pickleball-adjustments-that-let-older-players-beat-younger-opponents-i3dvwx
news	https://www.thepicklehub.net/vi/news/5-dieu-chinh-chien-thuat-giup-nguoi-lon-tuoi-thang-tre-tuoi-i3dvwx
news	https://www.thepicklehub.net/news/pickleball-inc-joins-forces-with-pickleball-world-cup-to-expand-global-reach-698540bd
news	https://www.thepicklehub.net/vi/news/pickleball-inc-hop-tac-voi-pickleball-world-cup-nham-mo-rong-quy-mo-toan-cau-698540bd
news	https://www.thepicklehub.net/news/3-simple-fixes-that-stop-you-from-missing-forehand-drives-1t5ere
news	https://www.thepicklehub.net/vi/news/3-sua-doi-don-gian-giup-ban-khong-bao-gio-hong-cu-forehand-drive-1t5ere
news	https://www.thepicklehub.net/news/cross-court-strategy-in-pickleball-the-shots-that-actually-win-points-7blben
news	https://www.thepicklehub.net/vi/news/chien-thuat-danh-cheo-san-trong-pickleball-giup-ban-ghi-diem-7blben
news	https://www.thepicklehub.net/news/why-your-block-volley-keeps-failing-against-bangers-ocvy7d
news	https://www.thepicklehub.net/vi/news/ly-do-cu-block-volley-cua-ban-hay-hong-khi-dau-voi-tay-tan-cong-ocvy7d
news	https://www.thepicklehub.net/news/5-keys-to-mastering-the-two-handed-backhand-roll-in-pickleball-c96ll8
news	https://www.thepicklehub.net/vi/news/5-bi-quyet-lam-chu-cu-danh-backhand-roll-hai-tay-trong-pickleball-c96ll8
news	https://www.thepicklehub.net/news/the-best-drills-for-beginners-your-ultimate-training-routine-1tktvv
news	https://www.thepicklehub.net/vi/news/cac-bai-tap-vo-long-tot-nhat-giup-nang-trinh-nhanh-cho-nguoi-moi-choi-pickleball-1tktvv
news	https://www.thepicklehub.net/news/fix-it-why-your-speed-up-keeps-getting-attacked-1gst33
news	https://www.thepicklehub.net/vi/news/sua-loi-pickleball-vi-sao-cu-tang-toc-bong-hay-bi-phan-don-1gst33
news	https://www.thepicklehub.net/news/why-your-pickleball-serve-lacks-power-and-how-to-fix-it-in-5-steps-14uw37
news	https://www.thepicklehub.net/vi/news/vi-sao-cu-giao-bong-pickleball-thieu-luc-va-5-buoc-khac-phuc-14uw37
news	https://www.thepicklehub.net/news/the-3-step-pickleball-warm-up-that-pros-never-skip-1f15rv
news	https://www.thepicklehub.net/vi/news/3-buoc-khoi-dong-pickleball-chuan-pro-khong-bao-gio-bo-qua-1f15rv
news	https://www.thepicklehub.net/news/why-your-return-keeps-going-long-and-the-simple-fix-that-works-ixvpvg
news	https://www.thepicklehub.net/vi/news/vi-sao-qua-tra-bong-pickleball-hay-bay-ra-ngoai-va-cach-sua-cuc-de-ixvpvg
news	https://www.thepicklehub.net/news/550-courts-counting-how-pickleball-became-our-passport-to-the-world-1knbzh
news	https://www.thepicklehub.net/vi/news/hon-550-san-dau-khap-the-gioi-khi-pickleball-la-chiec-ho-chieu-toan-cau-1knbzh
news	https://www.thepicklehub.net/news/duc-leads-qualifiers-on-day-1-at-leapmotor-singapore-open-1i5bsh
news	https://www.thepicklehub.net/vi/news/le-xuan-duc-dan-dau-nhom-vuot-vong-loai-ngay-ra-quan-leapmotor-singapore-open-1i5bsh
news	https://www.thepicklehub.net/news/why-the-third-shot-drive-matters-more-than-ever-h71qqy
news	https://www.thepicklehub.net/vi/news/vi-sao-cu-third-shot-drive-quan-trong-hon-bao-gio-het-h71qqy
news	https://www.thepicklehub.net/news/pickleball-inc-and-pickleball-world-cup-unite-to-expand-global-competition-and-o-ubrpry
news	https://www.thepicklehub.net/vi/news/pickleball-inc-hop-tac-cung-world-cup-mo-rong-san-choi-toan-cau-cho-cac-tay-vot--ubrpry
news	https://www.thepicklehub.net/news/major-league-pickleball-heads-to-chicago-for-crucial-regular-season-showdown-aa8aa45f
news	https://www.thepicklehub.net/vi/news/major-league-pickleball-den-chicago-cho-giai-dau-thuong-nien-quan-trong-aa8aa45f
news	https://www.thepicklehub.net/news/pickleball-inc-joins-forces-with-world-cup-to-grow-global-sport-049a1098
news	https://www.thepicklehub.net/vi/news/pickleball-inc-hop-tac-cung-world-cup-mo-rong-san-choi-quoc-te-049a1098
news	https://www.thepicklehub.net/news/protecting-the-game-the-philosophy-behind-usa-pickleballs-evolving-equipment-sta-pzpfv
news	https://www.thepicklehub.net/vi/news/bao-ve-cot-loi-mon-the-thao-triet-ly-dang-sau-tieu-chuan-thiet-bi-moi-cua-usa-pi-pzpfv
news	https://www.thepicklehub.net/news/mlp-chicago-event-preview-zchopm
news	https://www.thepicklehub.net/vi/news/nhan-dinh-chang-dau-mlp-chicago-zchopm
news	https://www.thepicklehub.net/news/6-shots-you-must-warm-up-before-your-first-pickleball-game-17c9k2
news	https://www.thepicklehub.net/vi/news/6-cu-danh-bat-buoc-phai-khoi-dong-truoc-tran-pickleball-dau-tien-17c9k2
news	https://www.thepicklehub.net/news/3-reasons-you-keep-popping-the-ball-up-in-pickleball-and-how-to-fix-them-bqqf72
news	https://www.thepicklehub.net/vi/news/3-ly-do-khien-ban-lien-tuc-danh-bong-bong-trong-pickleball-va-cach-khac-phuc-bqqf72
news	https://www.thepicklehub.net/news/stop-bending-your-back-in-pickleball-how-to-actually-get-low-75ftyk
news	https://www.thepicklehub.net/vi/news/dung-cong-lung-khi-danh-pickleball-cach-ha-thap-trong-tam-chuan-xac-75ftyk
news	https://www.thepicklehub.net/news/tournament-training-secrets-the-best-drills-for-advanced-pickleball-players-1vlfyw
news	https://www.thepicklehub.net/vi/news/bi-quyet-tap-luyen-thi-dau-cac-bai-tap-dinh-cao-cho-nguoi-choi-nang-cao-1vlfyw
news	https://www.thepicklehub.net/news/pickleball-for-seniors-the-smart-way-to-win-at-any-age-wjkb36
news	https://www.thepicklehub.net/vi/news/bi-quyet-choi-pickleball-thong-minh-cho-nguoi-lon-tuoi-wjkb36
news	https://www.thepicklehub.net/news/why-the-pickleball-unsportsmanlike-conduct-rule-is-holding-the-sport-back-muiq59
news	https://www.thepicklehub.net/vi/news/vi-sao-luat-phat-phi-the-thao-trong-pickleball-dang-kim-ham-su-phat-trien-muiq59
news	https://www.thepicklehub.net/news/the-contact-point-mistake-killing-your-drive-spin-in-pickleball-1n4lb6
news	https://www.thepicklehub.net/vi/news/loi-tiep-xuc-bong-khien-cu-danh-xoay-trong-pickleball-mat-luc-1n4lb6
news	https://www.thepicklehub.net/news/why-your-cross-court-dinks-keep-getting-attacked-and-how-to-fix-it-zkug5s
news	https://www.thepicklehub.net/vi/news/vi-sao-cu-dink-cheo-san-cua-ban-lien-tuc-bi-tan-cong-va-cach-khac-phuc-zkug5s
news	https://www.thepicklehub.net/news/5-keys-to-defensive-mastery-that-stop-you-from-losing-points-you-should-win-qx2ifs
news	https://www.thepicklehub.net/vi/news/5-bi-quyet-phong-thu-dinh-cao-giup-ban-khong-bo-lo-diem-so-quan-trong-qx2ifs
news	https://www.thepicklehub.net/news/7-positioning-mistakes-that-are-costing-you-points-in-pickleball-1o57rk
news	https://www.thepicklehub.net/vi/news/7-sai-lam-vi-tri-khien-ban-mat-diem-oan-trong-pickleball-1o57rk
news	https://www.thepicklehub.net/news/3-pickleball-serves-that-force-weak-returns-every-time-1fdav2
news	https://www.thepicklehub.net/vi/news/3-kieu-giao-bong-pickleball-khien-doi-thu-tra-bong-yeu-1fdav2
news	https://www.thepicklehub.net/news/why-your-forehand-dink-keeps-getting-attacked-and-how-to-fix-it-cqjq71
news	https://www.thepicklehub.net/vi/news/ly-do-cudink-thuan-tay-cua-ban-lien-tuc-bi-tan-cong-va-cach-khac-phuc-cqjq71
news	https://www.thepicklehub.net/news/how-to-track-your-pickleball-progress-without-obsessing-over-wins-8ox5tt
news	https://www.thepicklehub.net/vi/news/cach-theo-doi-tien-bo-pickleball-khong-chi-nhin-vao-thang-thua-8ox5tt
news	https://www.thepicklehub.net/news/how-to-hit-a-high-serve-in-pickleball-when-and-why-to-use-it-167i7d
news	https://www.thepicklehub.net/vi/news/cach-phat-bong-cao-tam-trong-pickleball-va-thoi-diem-nen-dung-167i7d
news	https://www.thepicklehub.net/news/back-to-back-gold-can-anyone-stop-wong-making-it-three-15nicp
news	https://www.thepicklehub.net/vi/news/huy-chuong-vang-lien-tiep-ai-co-the-ngan-can-wong-lap-cu-hat-trick-15nicp
news	https://www.thepicklehub.net/news/federico-staksrud-sent-to-new-jersey-in-blockbuster-mlp-trade-1p75ua
news	https://www.thepicklehub.net/vi/news/federico-staksrud-gia-nhap-new-jersey-trong-thuong-vu-bom-tan-tai-mlp-1p75ua
news	https://www.thepicklehub.net/news/the-dallas-flash-are-back-in-a-big-way-take-mlp-san-diego-1ste3x
news	https://www.thepicklehub.net/vi/news/dallas-flash-tro-lai-day-an-tuong-voi-chuc-vo-dich-mlp-san-diego-1ste3x
news	https://www.thepicklehub.net/news/how-gearbox-built-50-pickleball-patents-in-10-years-dayudg
news	https://www.thepicklehub.net/vi/news/gearbox-va-hanh-trinh-10-nam-so-huu-50-bang-sang-che-cong-nghe-vot-pickleball-dayudg
news	https://www.thepicklehub.net/news/3-fixes-that-stop-you-from-popping-up-your-dinks-at-the-kitchen-7kh243
news	https://www.thepicklehub.net/vi/news/3-ky-thuat-sua-loi-danh-dink-bi-bong-tai-vach-kitchen-7kh243
news	https://www.thepicklehub.net/news/why-youre-stuck-at-40-and-the-5-habits-that-fix-it-1bibha
news	https://www.thepicklehub.net/vi/news/tai-sao-trinh-do-cua-ban-mai-dam-chan-o-muc-40-va-5-thoi-quen-giup-but-pha-1bibha
news	https://www.thepicklehub.net/news/why-you-keep-hitting-out-balls-and-the-drill-that-fixes-it-1j5z7f
news	https://www.thepicklehub.net/vi/news/tai-sao-ban-hay-danh-bong-ra-ngoai-va-bai-tap-giup-khac-phuc-loi-nay-1j5z7f
news	https://www.thepicklehub.net/news/how-to-hit-a-fake-dink-in-pickleball-speed-up-disguise-that-wins-points-qx8nj3
news	https://www.thepicklehub.net/vi/news/cach-thuc-hien-cu-fake-dink-trong-pickleball-tuyet-chieu-danh-lua-doi-thu-de-ghi-qx8nj3
news	https://www.thepicklehub.net/news/erne-atp-sandbagging-essential-pickleball-slang-terms-explained-m92540
news	https://www.thepicklehub.net/vi/news/giai-ma-thuat-ngu-pickleball-tu-erne-atp-den-sandbagging-m92540
news	https://www.thepicklehub.net/news/the-best-pickleball-players-arent-following-the-rules-anymore-1wyn5i
news	https://www.thepicklehub.net/vi/news/nhung-tay-vot-pickleball-hang-dau-hien-nay-khong-con-choi-theo-loi-mon-1wyn5i
news	https://www.thepicklehub.net/news/ppa-tour-asia-returns-to-ho-chi-minh-city-with-an-all-new-sport-and-entertainmen-1ya4if
news	https://www.thepicklehub.net/vi/news/ppa-tour-asia-tro-lai-tphcm-voi-trai-nghiem-the-thao-va-giai-tri-dang-cap-1ya4if
news	https://www.thepicklehub.net/news/how-to-counter-a-banger-in-pickleball-with-3-simple-strategies-id7jnm
news	https://www.thepicklehub.net/vi/news/3-chien-thuat-don-gian-de-khac-che-loi-choi-tan-cong-manh-banger-trong-picklebal-id7jnm
news	https://www.thepicklehub.net/news/how-to-hit-a-low-serve-in-pickleball-without-ever-faulting-2rx1u3
news	https://www.thepicklehub.net/vi/news/bi-quyet-thuc-hien-cu-giao-bong-thap-trong-pickleball-ma-khong-bao-gio-pham-quy-2rx1u3
news	https://www.thepicklehub.net/news/7-habits-that-separate-50-pickleball-players-from-everyone-else-1dkxrq
news	https://www.thepicklehub.net/vi/news/7-thoi-quen-giup-ban-nang-trinh-len-muc-50-trong-pickleball-1dkxrq
news	https://www.thepicklehub.net/news/why-your-forehand-drive-keeps-flying-long-and-how-to-fix-it-1p9yaz
news	https://www.thepicklehub.net/vi/news/tai-sao-cu-forehand-drive-cua-ban-thuong-bay-ra-ngoai-va-cach-khac-phuc-hieu-qua-1p9yaz
news	https://www.thepicklehub.net/news/how-to-hit-a-slice-in-pickleball-without-losing-control-11g6z9
news	https://www.thepicklehub.net/vi/news/bi-quyet-thuc-hien-cu-danh-xoay-slice-trong-pickleball-ma-van-giu-vung-kiem-soat-11g6z9
news	https://www.thepicklehub.net/news/10-ways-to-neutralize-the-lefty-advantage-in-pickleball-91g1im
news	https://www.thepicklehub.net/vi/news/10-chien-thuat-khac-che-loi-the-cua-tay-vot-thuan-tay-trai-trong-pickleball-91g1im
news	https://www.thepicklehub.net/news/pickleball-players-are-airing-their-communitys-dirtiest-laundry-its-incredible-i5fpem
news	https://www.thepicklehub.net/vi/news/nhung-goc-khuat-day-kich-tinh-trong-cong-dong-pickleball-dang-dan-bi-phoi-bay-i5fpem
news	https://www.thepicklehub.net/news/9-great-paddle-deals-for-every-budget-t5gkaa
news	https://www.thepicklehub.net/vi/news/top-9-mau-vot-pickleball-dang-mua-nhat-cho-moi-ngan-sach-t5gkaa
news	https://www.thepicklehub.net/news/why-your-backhand-volley-keeps-failing-and-how-to-fix-it-jff06p
news	https://www.thepicklehub.net/vi/news/tai-sao-cu-backhand-volley-cua-ban-thuong-hong-va-cach-khac-phuc-hieu-qua-jff06p
news	https://www.thepicklehub.net/news/the-3-court-habits-that-keep-40-pickleball-players-stuck-12o18u
news	https://www.thepicklehub.net/vi/news/3-thoi-quen-tren-san-khien-nguoi-choi-trinh-do-40-mai-dam-chan-tai-cho-12o18u
news	https://www.thepicklehub.net/news/why-you-keep-getting-burned-by-hard-shots-and-how-to-stop-it-1m2voa
news	https://www.thepicklehub.net/vi/news/tai-sao-ban-lien-tuc-bi-doi-thu-danh-bai-boi-nhung-cu-bong-toc-do-cao-1m2voa
news	https://www.thepicklehub.net/news/head-pickleball-coaches-are-reportedly-earning-up-to-200000-per-year-1t9h42
news	https://www.thepicklehub.net/vi/news/huan-luyen-vien-pickleball-chuyen-nghiep-tai-my-co-the-kiem-toi-200000-usd-moi-n-1t9h42
news	https://www.thepicklehub.net/news/7-lazy-pickleball-habits-that-keep-intermediate-players-stuck-17male
news	https://www.thepicklehub.net/vi/news/7-thoi-quen-luoi-bieng-khien-trinh-do-nguoi-choi-pickleball-trung-binh-mai-dam-c-17male
news	https://www.thepicklehub.net/news/the-3-zone-system-that-tells-you-exactly-when-to-drop-or-drive-your-third-shot-w0lchs
news	https://www.thepicklehub.net/vi/news/he-thong-3-vung-bi-quyet-chon-thoi-diem-drop-hay-drive-cu-danh-thu-ba-trong-pick-w0lchs
news	https://www.thepicklehub.net/news/how-to-hit-backhand-third-shot-drop-pickleball-like-a-pro-1plx8s
news	https://www.thepicklehub.net/vi/news/bi-quyet-thuc-hien-cu-backhand-third-shot-drop-chuan-xac-nhu-tay-vot-chuyen-nghi-1plx8s
news	https://www.thepicklehub.net/news/3-backhand-dink-drills-that-fix-your-kitchen-game-fast-1d1fr6
news	https://www.thepicklehub.net/vi/news/3-bai-tap-backhand-dink-giup-ban-lam-chu-khu-vuc-kitchen-trong-tich-tac-1d1fr6
news	https://www.thepicklehub.net/news/how-to-call-your-own-faults-in-pickleball-self-officiating-etiquette-znxc4t
news	https://www.thepicklehub.net/vi/news/quy-tac-tu-bat-loi-trong-pickleball-van-hoa-ung-xu-tren-san-dau-znxc4t
news	https://www.thepicklehub.net/news/3-causes-of-unforced-errors-in-pickleball-and-how-to-fix-all-of-them-15ljc6
news	https://www.thepicklehub.net/vi/news/3-nguyen-nhan-gay-loi-tu-danh-hong-trong-pickleball-va-cach-khac-phuc-triet-de-15ljc6
news	https://www.thepicklehub.net/news/the-5-pickleball-shots-every-40-player-needs-to-reach-45-ep9x5w
news	https://www.thepicklehub.net/vi/news/5-cu-danh-then-chot-giup-nguoi-choi-pickleball-trinh-do-40-but-pha-len-45-ep9x5w
news	https://www.thepicklehub.net/news/what-to-do-when-your-serve-keeps-getting-attacked-in-pickleball-1xv035
news	https://www.thepicklehub.net/vi/news/cach-khac-phuc-khi-cu-giao-bong-pickleball-lien-tuc-bi-doi-thu-tan-cong-1xv035
news	https://www.thepicklehub.net/news/brackets-breakdown-for-the-leapmotor-singapore-open-1yb1no
news	https://www.thepicklehub.net/vi/news/phan-tich-nhanh-dau-tai-giai-leapmotor-singapore-open-1yb1no
news	https://www.thepicklehub.net/news/how-to-practice-pickleball-with-limited-court-time-zt9vuw
news	https://www.thepicklehub.net/vi/news/bi-quyet-tap-luyen-pickleball-hieu-qua-khi-quy-thoi-gian-han-hep-zt9vuw
news	https://www.thepicklehub.net/news/what-to-do-when-youre-stuck-at-the-baseline-in-pickleball-1oy4n4
news	https://www.thepicklehub.net/vi/news/cach-thoat-the-bi-don-ep-o-vach-cuoi-san-trong-pickleball-1oy4n4
news	https://www.thepicklehub.net/news/how-to-handle-a-soft-shot-right-at-your-feet-in-pickleball-hp8qfz
news	https://www.thepicklehub.net/vi/news/bi-quyet-xu-ly-nhung-pha-bong-bo-nho-sat-chan-trong-pickleball-hp8qfz
news	https://www.thepicklehub.net/news/why-youre-stuck-at-35-pickleball-and-the-7-fixes-that-break-the-plateau-ebfq73
news	https://www.thepicklehub.net/vi/news/vi-sao-ban-mai-dam-chan-o-trinh-do-35-va-7-cach-de-but-pha-gioi-han-ebfq73
news	https://www.thepicklehub.net/news/why-your-backhand-slap-has-no-power-and-the-3-step-fix-rylnhl
news	https://www.thepicklehub.net/vi/news/tai-sao-cu-backhand-slap-cua-ban-thieu-luc-va-3-buoc-khac-phuc-nhanh-rylnhl
news	https://www.thepicklehub.net/news/5-mental-lessons-from-playing-pro-pickleball-at-14-years-old-tj8rnw
news	https://www.thepicklehub.net/vi/news/5-bai-hoc-tam-ly-tu-trai-nghiem-thi-dau-chuyen-nghiep-o-tuoi-14-tj8rnw
news	https://www.thepicklehub.net/news/mlp-san-diego-preview-ui8kbs
news	https://www.thepicklehub.net/vi/news/nhan-dinh-chang-dung-chan-mlp-san-diego-cuoc-dua-khoc-liet-ui8kbs
news	https://www.thepicklehub.net/news/usap-fixed-the-spin-test-but-the-bigger-certification-problem-remains-1flr7v
news	https://www.thepicklehub.net/vi/news/usap-da-khac-phuc-bai-kiem-tra-do-xoay-nhung-van-de-chung-nhan-thiet-bi-van-con--1flr7v
news	https://www.thepicklehub.net/news/5-ways-to-actually-enjoy-playing-pickleball-with-your-significant-other-fg7i0
news	https://www.thepicklehub.net/vi/news/5-bi-kip-de-cung-nua-kia-choi-pickleball-ma-van-giu-lua-tinh-cam-fg7i0
news	https://www.thepicklehub.net/news/5-pickleball-drills-a-ppa-pro-still-uses-every-practice-1693l1
news	https://www.thepicklehub.net/vi/news/5-bai-tap-pickleball-chuyen-nghiep-duoc-cac-tay-vot-ppa-duy-tri-moi-ngay-1693l1
news	https://www.thepicklehub.net/news/7-reasons-your-pickleball-resets-keep-popping-up-and-how-to-fix-them-alek71
news	https://www.thepicklehub.net/vi/news/7-ly-do-khien-cu-reset-trong-pickleball-cua-ban-bi-bong-va-cach-khac-phuc-hieu-q-alek71
news	https://www.thepicklehub.net/news/peel-pinch-poach-the-3-step-method-for-smarter-doubles-transitions-1w1apu
news	https://www.thepicklehub.net/vi/news/peel-pinch-poach-chien-thuat-3-buoc-giup-di-chuyen-len-luoi-hieu-qua-trong-danh--1w1apu
news	https://www.thepicklehub.net/news/why-your-opponents-are-too-comfortable-against-you-and-how-to-fix-it-1km9yu
news	https://www.thepicklehub.net/vi/news/vi-sao-doi-thu-khong-he-e-ngai-ban-tren-san-pickleball-va-cach-khac-phuc-1km9yu
news	https://www.thepicklehub.net/news/5-shot-mistakes-killing-your-30-game-and-how-to-fix-them-1y5mgw
news	https://www.thepicklehub.net/vi/news/5-loi-danh-bong-khien-trinh-do-30-cua-ban-dam-chan-tai-cho-va-cach-khac-phuc-1y5mgw
news	https://www.thepicklehub.net/news/5-pickleball-serve-techniques-that-force-weak-returns-1vtjtn
news	https://www.thepicklehub.net/vi/news/5-ky-thuat-giao-bong-pickleball-giup-ep-doi-thu-tra-bong-loi-1vtjtn
news	https://www.thepicklehub.net/news/how-to-play-pickleball-doubles-with-a-beginner-partner-2fh6cp
news	https://www.thepicklehub.net/vi/news/bi-quyet-danh-doi-hieu-qua-khi-dong-doi-la-nguoi-moi-bat-dau-2fh6cp
news	https://www.thepicklehub.net/news/how-to-win-pickleball-games-as-a-beginner-team-5-simple-rules-8co80t
news	https://www.thepicklehub.net/vi/news/5-quy-tac-vang-giup-cap-doi-moi-choi-pickleball-gianh-chien-thang-8co80t
news	https://www.thepicklehub.net/news/how-to-hit-a-body-shot-in-pickleball-targeting-without-being-dangerous-s2uey
news	https://www.thepicklehub.net/vi/news/cach-thuc-hien-cu-danh-vao-nguoi-doi-thu-trong-pickleball-chien-thuat-thong-minh-s2uey
news	https://www.thepicklehub.net/news/how-to-hit-forehand-volley-pickleball-shots-quick-hands-and-a-short-backswing-h3kkeh
news	https://www.thepicklehub.net/vi/news/bi-quyet-thuc-hien-cu-forehand-volley-trong-pickleball-phan-xa-nhanh-va-rut-ngan-h3kkeh
news	https://www.thepicklehub.net/news/how-to-handle-wind-while-playing-pickleball-outdoors-11wlo5
news	https://www.thepicklehub.net/vi/news/bi-quyet-lam-chu-san-dau-khi-choi-pickleball-trong-dieu-kien-gio-lon-11wlo5
news	https://www.thepicklehub.net/news/how-to-bounce-back-from-a-bad-pickleball-shot-without-spiraling-1572pp
news	https://www.thepicklehub.net/vi/news/bi-quyet-lay-lai-phong-do-ngay-sau-mot-pha-danh-hong-trong-pickleball-1572pp
news	https://www.thepicklehub.net/news/the-st-louis-shock-take-home-the-mid-season-tournament-y6a8pa
news	https://www.thepicklehub.net/vi/news/st-louis-shock-dang-quang-tai-giai-dau-giua-mua-cua-major-league-pickleball-y6a8pa
news	https://www.thepicklehub.net/news/the-4-core-exercises-pro-pickleball-players-use-instead-of-crunches-1kl1bb
news	https://www.thepicklehub.net/vi/news/4-bai-tap-co-bung-thay-the-gap-bung-giup-tay-vot-pickleball-chuyen-nghiep-but-ph-1kl1bb
news	https://www.thepicklehub.net/news/5-pickleball-drills-that-turn-your-weakest-shots-into-weapons-hfm2hk
news	https://www.thepicklehub.net/vi/news/5-bai-tap-pickleball-giup-bien-diem-yeu-thanh-vu-khi-loi-hai-hfm2hk
news	https://www.thepicklehub.net/news/photos-the-55-million-florida-mansion-with-a-rooftop-pickleball-court-1v5o1l
news	https://www.thepicklehub.net/vi/news/choang-ngop-can-biet-thu-55-trieu-usd-tai-florida-co-san-pickleball-tren-tang-th-1v5o1l
news	https://www.thepicklehub.net/news/the-deceptively-simple-strategy-that-finally-beat-anna-leigh-waters-1qp07c
news	https://www.thepicklehub.net/vi/news/chien-thuat-don-gian-nhung-day-tinh-quai-giup-khuat-phuc-anna-leigh-waters-1qp07c
news	https://www.thepicklehub.net/news/seeds-land-in-the-lion-city-for-leapmotor-singapore-open-yb2jn9
news	https://www.thepicklehub.net/vi/news/dan-sao-hang-dau-do-bo-singapore-tham-du-leapmotor-singapore-open-yb2jn9
news	https://www.thepicklehub.net/news/how-to-make-friends-through-pickleball-why-the-sport-builds-community-1g8yow
news	https://www.thepicklehub.net/vi/news/ket-noi-cong-dong-qua-pickleball-tai-sao-mon-the-thao-nay-lai-de-lam-quen-ban-mo-1g8yow
news	https://www.thepicklehub.net/news/how-to-hit-a-forehand-third-shot-drop-in-pickleball-k41xbj
news	https://www.thepicklehub.net/vi/news/bi-quyet-thuc-hien-cu-third-shot-drop-thuan-tay-chuan-xac-trong-pickleball-k41xbj
news	https://www.thepicklehub.net/news/how-to-stop-being-nervous-during-pickleball-games-bijtzi
news	https://www.thepicklehub.net/vi/news/bi-quyet-giu-vung-tam-ly-va-kiem-soat-su-hoi-hop-khi-thi-dau-pickleball-bijtzi
news	https://www.thepicklehub.net/news/why-pickleball-shots-keep-going-long-4-quick-fixes-that-actually-work-1qofzk
news	https://www.thepicklehub.net/vi/news/tai-sao-cu-danh-pickleball-thuong-bay-ra-ngoai-4-meo-khac-phuc-hieu-qua-tuc-thi-1qofzk
news	https://www.thepicklehub.net/news/5-keys-to-a-disguised-pickleball-lob-that-never-gets-smashed-167n69
news	https://www.thepicklehub.net/vi/news/5-bi-quyet-thuc-hien-cu-lop-bong-pickleball-bat-ngo-khien-doi-thu-khong-the-smas-167n69
news	https://www.thepicklehub.net/news/still-getting-chicken-winged-these-5-fixes-can-help-1gp5i4
news	https://www.thepicklehub.net/vi/news/van-bi-mac-loi-chicken-wing-khi-choi-pickleball-thu-ngay-5-meo-khac-phuc-nay-1gp5i4
news	https://www.thepicklehub.net/news/paddle-to-the-face-leaves-mlp-player-bloodied-buuq7n
news	https://www.thepicklehub.net/vi/news/su-co-hy-huu-tai-mlp-vdv-do-mau-sau-khi-bi-vot-cua-dong-doi-dap-trung-mat-buuq7n
news	https://www.thepicklehub.net/news/after-the-gold-rush-how-pickleball-facilities-can-win-with-community-68hil3
news	https://www.thepicklehub.net/vi/news/hau-con-sot-pickleball-xay-dung-cong-dong-moi-la-chia-khoa-thanh-cong-cho-cac-sa-68hil3
news	https://www.thepicklehub.net/news/5-keys-to-a-pickleball-return-that-starts-every-point-on-offense-1ilrst
news	https://www.thepicklehub.net/vi/news/5-bi-quyet-thuc-hien-cu-tra-giao-bong-pickleball-giup-ban-luon-nam-the-chu-dong-1ilrst
news	https://www.thepicklehub.net/news/let-them-play-why-teenagers-are-taking-over-pro-pickleball-1qszwh
news	https://www.thepicklehub.net/vi/news/hay-de-ho-thi-dau-vi-sao-cac-tay-vot-tuoi-teen-dang-thong-tri-lang-pickleball-ch-1qszwh
news	https://www.thepicklehub.net/news/7-topspin-dink-keys-that-turn-a-soft-shot-into-a-weapon-1ezmwm
news	https://www.thepicklehub.net/vi/news/7-bi-quyet-thuc-hien-topspin-dink-bien-cu-danh-nhe-thanh-vu-khi-loi-hai-1ezmwm
news	https://www.thepicklehub.net/news/4-shots-that-help-you-reach-40-in-pickleball-faster-avz01m
news	https://www.thepicklehub.net/vi/news/4-cu-danh-giup-ban-nhanh-chong-dat-trinh-do-40-trong-pickleball-avz01m
news	https://www.thepicklehub.net/news/3-pickleball-speed-up-patterns-that-win-you-more-points-faeg87
news	https://www.thepicklehub.net/vi/news/3-ky-thuat-tang-toc-bong-trong-pickleball-giup-ban-ghi-diem-hieu-qua-faeg87
news	https://www.thepicklehub.net/news/why-cant-i-control-pickleball-shots-blame-your-grip-and-paddle-angle-iasgko
news	https://www.thepicklehub.net/vi/news/tai-sao-ban-khong-kiem-soat-duoc-bong-pickleball-hay-xem-lai-cach-cam-vot-va-goc-iasgko
news	https://www.thepicklehub.net/news/what-to-do-when-you-cant-reach-the-kitchen-line-in-pickleball-dwqycn
news	https://www.thepicklehub.net/vi/news/bi-quyet-xu-ly-khi-khong-the-tien-len-vach-kitchen-trong-pickleball-dwqycn
news	https://www.thepicklehub.net/news/usa-pickleball-launches-long-awaited-spin-rate-test-h4euwb
news	https://www.thepicklehub.net/vi/news/usa-pickleball-chinh-thuc-ap-dung-quy-dinh-kiem-tra-do-xoay-bong-moi-h4euwb
news	https://www.thepicklehub.net/news/anna-leigh-waters-the-soccer-prodigy-who-pickleball-stole-13j0y3
news	https://www.thepicklehub.net/vi/news/anna-leigh-waters-tu-than-dong-bong-da-den-ngoi-sao-so-1-lang-pickleball-the-gio-13j0y3
news	https://www.thepicklehub.net/news/5-pickleball-drive-techniques-that-force-easy-pop-ups-1kgj36
news	https://www.thepicklehub.net/vi/news/5-ky-thuat-danh-drive-trong-pickleball-giup-ep-doi-thu-tra-bong-bong-1kgj36
news	https://www.thepicklehub.net/news/how-to-cover-for-your-pickleball-partner-without-leaving-any-gaps-1iwm6d
news	https://www.thepicklehub.net/vi/news/bi-quyet-boc-lot-cho-dong-doi-trong-pickleball-ma-khong-de-lo-so-ho-1iwm6d
news	https://www.thepicklehub.net/news/how-to-stop-overhitting-in-pickleball-control-over-power-1vi6tt
news	https://www.thepicklehub.net/vi/news/bi-quyet-kiem-soat-luc-danh-trong-pickleball-uu-tien-su-chinh-xac-thay-vi-suc-ma-1vi6tt
news	https://www.thepicklehub.net/news/how-to-handle-a-hard-hit-ball-at-your-body-in-pickleball-and-live-to-tell-about--1f2zms
news	https://www.thepicklehub.net/vi/news/cach-xu-ly-nhung-pha-bong-tan-cong-vao-nguoi-trong-pickleball-1f2zms
news	https://www.thepicklehub.net/news/the-pickleball-fourth-shot-playbook-6-ways-to-stay-on-offense-1r9peo
news	https://www.thepicklehub.net/vi/news/cam-nang-cu-danh-thu-4-trong-pickleball-6-chien-thuat-de-duy-tri-the-tan-cong-1r9peo
news	https://www.thepicklehub.net/news/7-mixed-doubles-pickleball-habits-that-win-more-points-1co5kr
news	https://www.thepicklehub.net/vi/news/7-thoi-quen-trong-danh-doi-nam-nu-giup-ban-ghi-diem-hieu-qua-hon-1co5kr
news	https://www.thepicklehub.net/news/how-to-build-fast-hands-in-pickleball-with-a-simple-4-step-drill-7xzpe3
news	https://www.thepicklehub.net/vi/news/cach-ren-luyen-phan-xa-tay-nhanh-trong-pickleball-voi-bai-tap-4-buoc-don-gian-7xzpe3
news	https://www.thepicklehub.net/news/5-ultimate-all-court-pickleball-paddles-based-on-lab-data-1cqs7v
news	https://www.thepicklehub.net/vi/news/top-5-vot-pickleball-toan-dien-nhat-dua-tren-du-lieu-kiem-dinh-tu-phong-lab-1cqs7v
news	https://www.thepicklehub.net/news/paddletek-acquires-pikkl-signs-jw-jorja-johnson-and-tyra-black-17b9lw
news	https://www.thepicklehub.net/vi/news/paddletek-thau-tom-pikkl-chieu-mo-bo-ba-jw-johnson-jorja-johnson-va-tyra-black-17b9lw
news	https://www.thepicklehub.net/news/5-pickleball-speed-up-fixes-that-create-instant-offense-off-the-bounce-mzy9tk
news	https://www.thepicklehub.net/vi/news/5-bi-quyet-tang-toc-do-bong-giup-ban-tan-cong-chop-nhoang-trong-pickleball-mzy9tk
news	https://www.thepicklehub.net/news/parris-todd-teaches-her-signature-two-handed-backhand-counter-xc1r3g
news	https://www.thepicklehub.net/vi/news/parris-todd-huong-dan-ky-thuat-phan-cong-trai-tay-hai-tay-dac-trung-xc1r3g
news	https://www.thepicklehub.net/news/3-pickleball-drop-shots-every-player-needs-push-slice-and-topspin-sszwy5
news	https://www.thepicklehub.net/vi/news/3-ky-thuat-drop-shot-trong-pickleball-moi-tay-vot-can-nam-vung-push-slice-va-top-sszwy5
news	https://www.thepicklehub.net/news/how-to-fix-an-inconsistent-pickleball-serve-in-one-practice-session-1nxm5c
news	https://www.thepicklehub.net/vi/news/cach-khac-phuc-loi-giao-bong-thieu-on-dinh-trong-pickleball-chi-sau-mot-buoi-tap-1nxm5c
news	https://www.thepicklehub.net/news/pickleball-singles-strategies-beginners-can-actually-use-12qxm4
news	https://www.thepicklehub.net/vi/news/chien-thuat-danh-don-pickleball-hieu-qua-cho-nguoi-moi-bat-dau-12qxm4
news	https://www.thepicklehub.net/news/leapmotor-joins-as-singapore-and-kuala-lumpur-presenting-partner-u75xzl
news	https://www.thepicklehub.net/vi/news/leapmotor-tro-thanh-doi-tac-chien-luoc-tai-ppa-tour-asia-singapore-va-kuala-lump-u75xzl
news	https://www.thepicklehub.net/news/mlp-mid-season-tournament-preview-a5gfxc
news	https://www.thepicklehub.net/vi/news/nhan-dinh-giai-dau-giua-mua-mlp-nhung-diem-nong-dang-chu-y-a5gfxc
news	https://www.thepicklehub.net/news/6-ways-to-find-your-opponents-weak-spot-in-pickleball-1z006w
news	https://www.thepicklehub.net/vi/news/6-cach-nhan-dien-diem-yeu-cua-doi-thu-trong-pickleball-1z006w
news	https://www.thepicklehub.net/news/3-pickleball-reset-fixes-that-stop-the-dreaded-pop-up-8n6pwg
news	https://www.thepicklehub.net/vi/news/3-bi-quyet-giup-ban-thuc-hien-cu-reset-chuan-xac-tranh-bi-doi-thu-tan-cong-8n6pwg
news	https://www.thepicklehub.net/news/why-am-i-losing-every-pickleball-game-6-honest-reasons-and-fixes-3wdxk4
news	https://www.thepicklehub.net/vi/news/tai-sao-ban-luon-thua-khi-choi-pickleball-6-ly-do-thuc-te-va-cach-khac-phuc-3wdxk4
news	https://www.thepicklehub.net/news/fujiwara-fairytale-home-gold-closes-out-tokyo-19vn3h
news	https://www.thepicklehub.net/vi/news/co-tich-tai-tokyo-rika-fujiwara-gianh-huy-chuong-vang-tren-san-nha-19vn3h
news	https://www.thepicklehub.net/news/how-to-communicate-with-your-partner-in-pickleball-wkbtro
news	https://www.thepicklehub.net/vi/news/bi-quyet-giao-tiep-hieu-qua-voi-dong-doi-trong-danh-doi-pickleball-wkbtro
news	https://www.thepicklehub.net/news/3-types-of-pickleball-volley-guaranteed-to-win-more-kitchen-points-1yc188
news	https://www.thepicklehub.net/vi/news/3-ky-thuat-volley-tai-vach-kitchen-giup-ban-lam-chu-moi-pha-bong-ben-1yc188
news	https://www.thepicklehub.net/news/why-you-keep-hitting-the-pickleball-out-of-bounds-and-how-to-fix-it-1627zx
news	https://www.thepicklehub.net/vi/news/tai-sao-ban-lien-tuc-danh-bong-ra-ngoai-san-va-cach-khac-phuc-hieu-qua-1627zx
news	https://www.thepicklehub.net/news/3-pickleball-overhead-shots-that-turn-lobs-into-easy-points-xvc3vz
news	https://www.thepicklehub.net/vi/news/3-cu-danh-overhead-giup-ban-bien-pha-lob-cua-doi-thu-thanh-diem-so-de-dang-xvc3vz
news	https://www.thepicklehub.net/news/sun-rises-on-home-ground-defense-wh9qy
news	https://www.thepicklehub.net/vi/news/chu-nha-thang-hoa-tai-sansan-tokyo-open-2026-wh9qy
news	https://www.thepicklehub.net/news/pickleball-rules-cheat-sheet-print-this-before-your-next-game-1vp5sq
news	https://www.thepicklehub.net/vi/news/cam-nang-luat-pickleball-bi-kip-bo-tui-truoc-khi-ra-san-1vp5sq
news	https://www.thepicklehub.net/news/the-simple-dink-pattern-pros-use-to-create-instant-offense-1qtqs0
news	https://www.thepicklehub.net/vi/news/chien-thuat-dink-don-gian-giup-cac-tay-vot-chuyen-nghiep-tao-dot-bien-tan-cong-1qtqs0
news	https://www.thepicklehub.net/news/6-pickleball-drive-fixes-that-create-instant-top-spin-1ybagz
news	https://www.thepicklehub.net/vi/news/6-bi-quyet-chinh-cu-danh-drive-giup-tao-xoay-len-tuc-thi-trong-pickleball-1ybagz
news	https://www.thepicklehub.net/news/5-mental-game-habits-that-stop-you-from-plateauing-under-pressure-h3x0j1
news	https://www.thepicklehub.net/vi/news/5-thoi-quen-tam-ly-giup-ban-vuot-nguong-va-giu-vung-phong-do-duoi-ap-luc-h3x0j1
news	https://www.thepicklehub.net/news/how-to-hit-a-drop-shot-in-pickleball-the-shot-that-sets-up-everything-e2fhfh
news	https://www.thepicklehub.net/vi/news/bi-quyet-thuc-hien-cu-drop-shot-trong-pickleball-chia-khoa-lam-chu-the-tran-e2fhfh
news	https://www.thepicklehub.net/news/why-you-need-a-two-handed-backhand-in-pickleball-caqw0g
news	https://www.thepicklehub.net/vi/news/vi-sao-ban-can-so-huu-cu-trai-tay-hai-tay-trong-pickleball-caqw0g
news	https://www.thepicklehub.net/news/three-match-points-saved-3-seeds-down-fujiwara-sawaki-stun-in-tokyo-16ugnz
news	https://www.thepicklehub.net/vi/news/cuu-3-match-point-fujiwara-sawaki-tao-dia-chan-truoc-hat-giong-so-3-tai-tokyo-16ugnz
news	https://www.thepicklehub.net/news/why-is-pickleball-hard-for-beginners-what-nobody-tells-you-11rns4
news	https://www.thepicklehub.net/vi/news/vi-sao-pickleball-khong-he-de-choi-nhu-loi-don-nhung-su-that-nguoi-moi-can-biet-11rns4
news	https://www.thepicklehub.net/news/common-pickleball-mistakes-beginners-make-and-how-to-fix-them-fast-t78xp9
news	https://www.thepicklehub.net/vi/news/nhung-loi-sai-pho-bien-cua-nguoi-moi-choi-pickleball-va-cach-khac-phuc-nhanh-cho-t78xp9
news	https://www.thepicklehub.net/news/pickleball-doubles-strategy-for-beginners-the-5-things-to-get-right-1gpnak
news	https://www.thepicklehub.net/vi/news/5-chien-thuat-danh-doi-co-ban-giup-nguoi-moi-bat-dau-lam-chu-san-pickleball-1gpnak
news	https://www.thepicklehub.net/news/can-the-serve-hit-the-net-in-pickleball-the-let-rule-explained-1ok6h6
news	https://www.thepicklehub.net/vi/news/luat-giao-bong-cham-luoi-trong-pickleball-ban-da-hieu-dung-1ok6h6
news	https://www.thepicklehub.net/news/what-common-mistakes-happen-with-the-lob-in-pickleball-cntqsk
news	https://www.thepicklehub.net/vi/news/nhung-loi-sai-pho-bien-khi-thuc-hien-cu-lob-trong-pickleball-cntqsk
news	https://www.thepicklehub.net/news/7-pickleball-dinks-that-turn-the-kitchen-into-a-weapon-eelouq
news	https://www.thepicklehub.net/vi/news/7-ky-thuat-dink-giup-bien-khu-vuc-kitchen-thanh-vu-khi-loi-hai-eelouq
news	https://www.thepicklehub.net/news/5-fun-takeaways-from-pickleball-the-movie-6rjv6u
news	https://www.thepicklehub.net/vi/news/5-diem-nhan-thu-vi-tu-bo-phim-dien-anh-ve-pickleball-6rjv6u
news	https://www.thepicklehub.net/news/the-dink-milp-florida-state-championship-dink-floyd-kitchen-nightmares-and-hold--91bmu9
news	https://www.thepicklehub.net/vi/news/giai-milp-florida-dink-floyd-kitchen-nightmares-va-hold-my-pickle-gianh-ve-di-ti-91bmu9
news	https://www.thepicklehub.net/news/the-pickleball-paddle-boom-isnt-over-but-it-is-evolving-bpxy1a
news	https://www.thepicklehub.net/vi/news/con-sot-vot-pickleball-chua-ha-nhiet-nhung-dang-buoc-vao-giai-doan-tien-hoa-moi-bpxy1a
news	https://www.thepicklehub.net/news/minor-league-pickleball-at-mlp-new-york-dream-tickets-punched-at-randalls-island-1w3ei5
news	https://www.thepicklehub.net/vi/news/minor-league-pickleball-tai-mlp-new-york-nhung-tam-ve-mo-uoc-goi-ten-tai-randall-1w3ei5
news	https://www.thepicklehub.net/news/what-happens-when-the-ball-hits-the-line-in-pickleball-1mybcp
news	https://www.thepicklehub.net/vi/news/quy-dinh-ve-bong-cham-vach-trong-pickleball-nhung-dieu-ban-can-biet-1mybcp
news	https://www.thepicklehub.net/news/should-you-jump-into-your-pickleball-serve-1c392d
news	https://www.thepicklehub.net/vi/news/co-nen-thuc-hien-cu-giao-bong-nhay-jump-serve-trong-pickleball-1c392d
news	https://www.thepicklehub.net/news/how-to-become-a-50-pickleball-player-7-skills-that-matter-11m33i
news	https://www.thepicklehub.net/vi/news/bi-quyet-dat-trinh-do-50-trong-pickleball-7-ky-nang-then-chot-can-ren-luyen-11m33i
news	https://www.thepicklehub.net/news/how-to-position-yourself-in-pickleball-doubles-a-court-map-guide-1sk001
news	https://www.thepicklehub.net/vi/news/bi-quyet-chon-vi-tri-chuan-trong-danh-doi-pickleball-huong-dan-chi-tiet-tren-san-1sk001
news	https://www.thepicklehub.net/news/how-to-avoid-getting-caught-in-no-mans-land-in-pickleball-gcuc20
news	https://www.thepicklehub.net/vi/news/bi-quyet-thoat-khoi-vung-chet-no-mans-land-trong-pickleball-gcuc20
news	https://www.thepicklehub.net/news/pro-tips-6-ways-to-be-more-unpredictable-in-pickleball-1em1eh
news	https://www.thepicklehub.net/vi/news/bi-quyet-chuyen-nghiep-6-cach-de-loi-choi-pickleball-cua-ban-kho-doan-hon-1em1eh
news	https://www.thepicklehub.net/news/6-backhand-counter-fixes-that-make-you-unattackable-at-the-net-13xd2b
news	https://www.thepicklehub.net/vi/news/6-bi-quyet-cai-thien-cu-backhand-counter-giup-ban-bat-bai-trong-cac-pha-doi-cong-13xd2b
news	https://www.thepicklehub.net/news/the-drop-step-3-footwork-moves-that-fix-your-backward-movement-42rujx
news	https://www.thepicklehub.net/vi/news/ky-thuat-drop-step-3-buoc-di-chuyen-giup-ban-lam-chu-cac-pha-lui-san-trong-pickl-42rujx
news	https://www.thepicklehub.net/news/5-fourth-shot-decisions-that-keep-you-in-control-of-the-point-12d2zj
news	https://www.thepicklehub.net/vi/news/5-quyet-dinh-o-cu-danh-thu-4-giup-ban-lam-chu-the-tran-pickleball-12d2zj
news	https://www.thepicklehub.net/news/how-many-points-do-you-need-to-win-a-pickleball-game-jv2z1d
news	https://www.thepicklehub.net/vi/news/cach-tinh-diem-trong-pickleball-can-bao-nhieu-diem-de-gianh-chien-thang-jv2z1d
news	https://www.thepicklehub.net/news/pickleball-brackets-explained-understanding-tournament-rules-48jjsf
news	https://www.thepicklehub.net/vi/news/giai-ma-bang-dau-pickleball-hieu-ro-luat-thi-dau-de-lam-chu-cuoc-choi-48jjsf
news	https://www.thepicklehub.net/news/what-is-a-dead-dink-in-pickleball-how-to-attack-every-dead-dink-shot-156rsr
news	https://www.thepicklehub.net/vi/news/dead-dink-trong-pickleball-la-gi-cach-tan-cong-hieu-qua-nhung-pha-bong-chet-156rsr
news	https://www.thepicklehub.net/news/mlp-new-york-recap-the-fives-win-three-straight-events-njndcz
news	https://www.thepicklehub.net/vi/news/mlp-new-york-the-fives-noi-dai-chuoi-3-chuc-vo-dich-lien-tiep-njndcz
news	https://www.thepicklehub.net/news/4-keys-to-squishy-kitchen-line-positioning-that-create-instant-offense-ilwz7a
news	https://www.thepicklehub.net/vi/news/4-bi-quyet-dung-vi-tri-squishy-tai-vach-kitchen-de-phan-cong-chop-nhoang-ilwz7a
news	https://www.thepicklehub.net/news/pickleball-dinking-101-what-it-is-and-why-it-matters-1uyhxu
news	https://www.thepicklehub.net/vi/news/nhap-mon-dinking-trong-pickleball-ky-thuat-nen-tang-va-tam-quan-trong-1uyhxu
news	https://www.thepicklehub.net/news/5-pickleball-counter-fixes-that-win-more-hands-battles-ucmf8g
news	https://www.thepicklehub.net/vi/news/5-bi-quyet-phan-cong-trong-pickleball-giup-ban-lam-chu-nhung-pha-doi-cong-ucmf8g
news	https://www.thepicklehub.net/news/pickleball-terms-every-beginner-should-know-the-complete-glossary-hscasr
news	https://www.thepicklehub.net/vi/news/cam-nang-thuat-ngu-pickleball-co-ban-nhung-tu-vung-nguoi-moi-bat-dau-can-nam-vun-hscasr
news	https://www.thepicklehub.net/news/how-to-hit-a-dink-shot-in-pickleball-soft-hands-low-arc-lu75ze
news	https://www.thepicklehub.net/vi/news/ky-thuat-dink-trong-pickleball-bi-quyet-kiem-soat-luc-tay-va-quy-dao-bong-lu75ze
news	https://www.thepicklehub.net/news/how-to-hit-an-around-the-post-shot-6-keys-to-turn-wide-dinks-into-winners-10w1dl
news	https://www.thepicklehub.net/vi/news/bi-quyet-thuc-hien-cu-around-the-post-6-chia-khoa-bien-pha-bong-rong-thanh-diem--10w1dl
news	https://www.thepicklehub.net/news/milp-v3-a-year-in-heres-how-the-format-works-4tyily
news	https://www.thepicklehub.net/vi/news/milp-v3-nhin-lai-mot-nam-van-hanh-the-thuc-thi-dau-moi-4tyily
news	https://www.thepicklehub.net/news/selkirks-new-canyon-court-collection-is-truly-a-sight-to-behold-i9a0hw
news	https://www.thepicklehub.net/vi/news/bo-suu-tap-canyon-court-moi-tu-selkirk-ve-dep-day-me-hoac-i9a0hw
news	https://www.thepicklehub.net/news/5-factors-that-tell-you-when-to-speed-up-in-pickleball-jo2x0c
news	https://www.thepicklehub.net/vi/news/5-yeu-to-quyet-dinh-thoi-diem-vang-de-tang-toc-trong-pickleball-jo2x0c
news	https://www.thepicklehub.net/news/taking-the-ball-out-of-the-air-3-ways-to-build-instant-offense-1r218v
news	https://www.thepicklehub.net/vi/news/bat-volley-tren-khong-3-bi-quyet-chuyen-the-tran-sang-tan-cong-chop-nhoang-1r218v
news	https://www.thepicklehub.net/news/4-pickleball-volley-mistakes-that-are-costing-you-easy-points-1tv0vx
news	https://www.thepicklehub.net/vi/news/4-sai-lam-khi-thuc-hien-cu-volley-khien-ban-mat-diem-dang-tiec-1tv0vx
news	https://www.thepicklehub.net/news/aloha-tokyo-brackets-drift-in-with-hawaii-at-the-top-1tu6ii
news	https://www.thepicklehub.net/vi/news/suc-tre-hawaii-khuay-dao-sansan-tokyo-open-2026-1tu6ii
news	https://www.thepicklehub.net/news/registrations-open-as-mb-brings-pro-pickleball-back-to-ho-chi-minh-city-1m0fpc
news	https://www.thepicklehub.net/vi/news/mb-chinh-thuc-khoi-dong-giai-pickleball-chuyen-nghiep-tai-tphcm-1m0fpc
news	https://www.thepicklehub.net/news/baseline-scoreboard-falls-on-player-during-mlp-new-york-match-7jempm
news	https://www.thepicklehub.net/vi/news/bang-diem-do-sap-vao-nguoi-choi-tai-giai-mlp-new-york-7jempm
news	https://www.thepicklehub.net/news/11six24-dropped-a-new-paddle-win-one-of-20-prizes-1cd8cb
news	https://www.thepicklehub.net/vi/news/11six24-ra-mat-vot-moi-ultre-power-2-co-hoi-nhan-1-trong-20-phan-qua-hap-dan-1cd8cb
news	https://www.thepicklehub.net/news/how-to-fix-35-pickleball-mistakes-for-tournament-success-1ft92p
news	https://www.thepicklehub.net/vi/news/cach-khac-phuc-nhung-loi-sai-o-trinh-do-35-de-thi-dau-giai-thanh-cong-1ft92p
news	https://www.thepicklehub.net/news/5-advanced-ways-to-defend-overhead-smashes-in-pickleball-xz69mp
news	https://www.thepicklehub.net/vi/news/5-ky-thuat-nang-cao-de-phong-thu-cu-overhead-smash-trong-pickleball-xz69mp
news	https://www.thepicklehub.net/news/what-is-the-kitchen-in-pickleball-the-non-volley-zone-explained-2lpg6i
news	https://www.thepicklehub.net/vi/news/kitchen-trong-pickleball-la-gi-giai-ma-khu-vuc-cam-volley-2lpg6i
news	https://www.thepicklehub.net/news/what-is-a-fault-in-pickleball-every-type-explained-simply-vyevj2
news	https://www.thepicklehub.net/vi/news/loi-trong-pickleball-la-gi-giai-thich-chi-tiet-cac-loai-loi-pho-bien-vyevj2
news	https://www.thepicklehub.net/news/3-shuffling-mistakes-ruining-your-pickleball-footwork-and-how-to-fix-them-l3frp1
news	https://www.thepicklehub.net/vi/news/3-sai-lam-khi-di-chuyen-ngang-khien-ky-thuat-pickleball-cua-ban-di-xuong-va-cach-l3frp1
news	https://www.thepicklehub.net/news/mlp-new-york-event-preview-uoa5nj
news	https://www.thepicklehub.net/vi/news/nhan-dinh-giai-mlp-new-york-cuoc-dua-tranh-ngoi-vuong-tai-randalls-island-uoa5nj
news	https://www.thepicklehub.net/news/7-adjustments-to-help-you-beat-aggressive-40-players-1m789a
news	https://www.thepicklehub.net/vi/news/7-thay-doi-chien-thuat-giup-ban-khac-che-loi-choi-tan-cong-cua-cac-tay-vot-trinh-1m789a
news	https://www.thepicklehub.net/news/5-backhand-flick-fixes-that-stop-you-hitting-into-the-net-1t2t1e
news	https://www.thepicklehub.net/vi/news/5-loi-ky-thuat-backhand-flick-khien-bong-cham-luoi-va-cach-khac-phuc-1t2t1e
news	https://www.thepicklehub.net/news/innovation-over-monetization-inside-fliks-quietly-disruptive-paddle-philosophy-og6r02
news	https://www.thepicklehub.net/vi/news/triet-ly-cua-flik-dat-su-doi-moi-len-tren-loi-nhuan-voi-dong-vot-dot-pha-og6r02
news	https://www.thepicklehub.net/news/why-being-a-better-doubles-partner-improves-pickleball-wins-var2x5
news	https://www.thepicklehub.net/vi/news/bi-quyet-tro-thanh-dong-doi-an-y-de-gianh-chien-thang-trong-pickleball-var2x5
news	https://www.thepicklehub.net/news/10-pickleball-rules-every-intermediate-player-should-know-q59we1
news	https://www.thepicklehub.net/vi/news/10-quy-luat-pickleball-quan-trong-nguoi-choi-trinh-do-trung-binh-can-nam-vung-q59we1
news	https://www.thepicklehub.net/news/what-are-the-best-ways-to-beat-a-higher-rated-pickleball-player-1fk1u3
news	https://www.thepicklehub.net/vi/news/bi-quyet-danh-bai-doi-thu-co-trinh-do-cao-hon-trong-pickleball-1fk1u3
news	https://www.thepicklehub.net/news/the-scorpion-shot-5-keys-to-punishing-speed-ups-from-below-the-net-1x6atb
news	https://www.thepicklehub.net/vi/news/scorpion-shot-5-bi-quyet-phan-don-toc-do-tu-duoi-luoi-1x6atb
news	https://www.thepicklehub.net/news/the-5-levels-to-mastering-an-advanced-third-shot-drop-q0i8sa
news	https://www.thepicklehub.net/vi/news/5-cap-do-de-lam-chu-cu-third-shot-drop-nang-cao-q0i8sa
news	https://www.thepicklehub.net/news/3-mixed-doubles-strategy-calls-that-win-more-points-1apfzy
news	https://www.thepicklehub.net/vi/news/3-quyet-dinh-chien-thuat-giup-ban-gianh-diem-trong-danh-doi-nam-nu-1apfzy
news	https://www.thepicklehub.net/news/5-keys-to-a-forehand-topspin-drop-that-dies-in-the-kitchen-1y2xhr
news	https://www.thepicklehub.net/vi/news/5-bi-quyet-thuc-hien-cu-forehand-topspin-drop-hiem-hoc-ngay-tai-kitchen-1y2xhr
news	https://www.thepicklehub.net/news/2-pickleball-drilling-fixes-that-finally-transfer-to-match-play-wenidi
news	https://www.thepicklehub.net/vi/news/2-cach-tap-luyen-pickleball-giup-ban-thi-dau-hieu-qua-hon-wenidi
news	https://www.thepicklehub.net/news/the-st-louis-shock-stay-undefeated-in-the-last-two-events-win-mlp-st-petersburg-ifjepq
news	https://www.thepicklehub.net/vi/news/st-louis-shock-duy-tri-mach-bat-bai-len-ngoi-vo-dich-tai-mlp-st-petersburg-ifjepq
news	https://www.thepicklehub.net/news/in-his-first-mlp-event-ever-casey-diamond-makes-sportscenter-top-10-twice-or1gaa
news	https://www.thepicklehub.net/vi/news/lan-dau-du-mlp-casey-diamond-hai-lan-lot-vao-top-10-pha-bong-an-tuong-nhat-cua-s-or1gaa
news	https://www.thepicklehub.net/news/skechers-enters-the-pickleball-paddle-market-96b00g
news	https://www.thepicklehub.net/vi/news/skechers-chinh-thuc-gia-nhap-thi-truong-vot-pickleball-96b00g
news	https://www.thepicklehub.net/news/stop-apologizing-and-start-poaching-more-balls-ct2b45
news	https://www.thepicklehub.net/vi/news/ngung-xin-loi-va-bat-dau-thuc-hien-cac-pha-poaching-nhieu-hon-ct2b45
news	https://www.thepicklehub.net/news/dennehy-domination-in-beijing-but-the-clean-sweep-slips-9g0ph8
news	https://www.thepicklehub.net/vi/news/sahra-dennehy-thong-tri-tai-bac-kinh-nhung-lo-hen-voi-cu-an-ba-lich-su-9g0ph8
news	https://www.thepicklehub.net/news/double-triple-crown-watch-for-championship-sunday-in-beijing-mg6u2s
news	https://www.thepicklehub.net/vi/news/cho-doi-cu-dup-triple-crown-tai-ngay-chung-ket-giai-ppa-tour-asia-o-bac-kinh-mg6u2s
news	https://www.thepicklehub.net/news/how-to-position-effectively-in-pickleball-mixed-doubles-jkx7zi
news	https://www.thepicklehub.net/vi/news/bi-quyet-chon-vi-tri-hieu-qua-trong-danh-doi-nam-nu-pickleball-jkx7zi
news	https://www.thepicklehub.net/news/5-pickleball-workout-routine-drills-to-boost-agility-1pmkfu
news	https://www.thepicklehub.net/vi/news/5-bai-tap-bo-tro-giup-tang-toc-do-va-su-linh-hoat-trong-pickleball-1pmkfu
news	https://www.thepicklehub.net/news/top-seeds-lock-in-women8217s-singles-semifinals-1eh873
news	https://www.thepicklehub.net/vi/news/cac-hat-giong-hang-dau-tien-thang-vao-ban-ket-don-nu-1eh873
news	https://www.thepicklehub.net/news/covering-the-middle-in-pickleball-4-rules-that-end-the-confusion-asfuzf
news	https://www.thepicklehub.net/vi/news/4-quy-tac-vang-de-kiem-soat-khu-vuc-giua-san-trong-pickleball-asfuzf
news	https://www.thepicklehub.net/news/5-pickleball-tips-that-instantly-make-you-harder-to-beat-1ai5fj
news	https://www.thepicklehub.net/vi/news/5-bi-quyet-giup-ban-nang-trinh-pickleball-va-tro-nen-kho-bi-danh-bai-hon-1ai5fj
news	https://www.thepicklehub.net/news/7-pickleball-mental-strategies-pros-use-to-clutch-up-through-pressure-1bkznp
news	https://www.thepicklehub.net/vi/news/7-chien-thuat-tam-ly-giup-cac-tay-vot-chuyen-nghiep-giu-vung-phong-do-duoi-ap-lu-1bkznp
news	https://www.thepicklehub.net/news/3-pickleball-serves-that-put-instant-pressure-on-opponents-1goheh
news	https://www.thepicklehub.net/vi/news/3-ky-thuat-giao-bong-pickleball-gay-ap-luc-tuc-thi-len-doi-thu-1goheh
news	https://www.thepicklehub.net/news/the-full-send-body-bag-why-pros-say-its-about-to-10x-1c1ukl
news	https://www.thepicklehub.net/vi/news/cu-danh-body-bag-day-uy-luc-tai-sao-cac-tay-vot-chuyen-nghiep-du-bao-se-bung-no--1c1ukl
news	https://www.thepicklehub.net/news/pickleball-third-shot-drop-by-skill-level-what-30-35-and-40-players-should-focus-14x24u
news	https://www.thepicklehub.net/vi/news/bi-quyet-tap-luyen-cu-third-shot-drop-cho-nguoi-choi-trinh-do-30-35-va-40-14x24u
news	https://www.thepicklehub.net/news/how-to-lob-in-pickleball-without-getting-smashed-back-y4m1kx
news	https://www.thepicklehub.net/vi/news/bi-quyet-thuc-hien-cu-lob-trong-pickleball-ma-khong-bi-doi-thu-dap-bong-tra-y4m1kx
news	https://www.thepicklehub.net/news/playing-pickleball-after-70-what-to-expect-and-how-to-keep-thriving-ormcpn
news	https://www.thepicklehub.net/vi/news/choi-pickleball-sau-tuoi-70-nhung-dieu-can-biet-de-duy-tri-phong-do-va-suc-khoe-ormcpn
news	https://www.thepicklehub.net/news/how-to-win-recreational-pickleball-games-7-adjustments-that-work-v5q70h
news	https://www.thepicklehub.net/vi/news/7-thay-doi-chien-thuat-giup-ban-thong-tri-cac-tran-dau-pickleball-phong-trao-v5q70h
news	https://www.thepicklehub.net/news/how-to-beat-a-higher-rated-pickleball-player-the-underdog-game-plan-jiz19o
news	https://www.thepicklehub.net/vi/news/bi-quyet-de-danh-bai-doi-thu-co-trinh-do-cao-hon-trong-pickleball-jiz19o
news	https://www.thepicklehub.net/news/how-to-play-pickleball-with-bad-knees-8-modifications-that-keep-you-playing-9dngmb
news	https://www.thepicklehub.net/vi/news/8-thay-doi-giup-ban-tiep-tuc-choi-pickleball-du-bi-dau-dau-goi-9dngmb
news	https://www.thepicklehub.net/news/6-hands-battle-habits-that-win-more-kitchen-exchanges-z6yoyg
news	https://www.thepicklehub.net/vi/news/6-thoi-quen-giup-ban-lam-chu-cac-pha-doi-cong-tai-vach-kitchen-z6yoyg
news	https://www.thepicklehub.net/news/3-pickleball-drills-to-build-unbeatable-speed-ups-and-counters-47l7bg
news	https://www.thepicklehub.net/vi/news/3-bai-tap-pickleball-giup-ban-lam-chu-ky-nang-speed-up-va-counter-cuc-ben-47l7bg
news	https://www.thepicklehub.net/news/wong-serves-up-a-three-course-meal-on-championship-court-ws9ke9
news	https://www.thepicklehub.net/vi/news/hong-kit-wong-thang-hoa-lam-chu-san-dau-tai-capital-securities-beijing-open-2026-ws9ke9
news	https://www.thepicklehub.net/news/home-players-set-the-tone-as-the-seeds-wait-2iokde
news	https://www.thepicklehub.net/vi/news/chu-nha-ap-dao-ngay-mo-man-capital-securities-beijing-open-2026-2iokde
news	https://www.thepicklehub.net/news/pickleball-open-play-what-it-is-and-how-to-get-games-c8rk46
news	https://www.thepicklehub.net/vi/news/pickleball-open-play-la-gi-va-lam-the-nao-de-tim-tran-dau-nhanh-chong-c8rk46
news	https://www.thepicklehub.net/news/backhand-dink-in-pickleball-the-complete-guide-to-elite-kitchen-play-cibtho
news	https://www.thepicklehub.net/vi/news/bi-quyet-thuc-hien-cu-backhand-dink-lam-chu-khu-vuc-kitchen-nhu-van-dong-vien-ch-cibtho
news	https://www.thepicklehub.net/news/pickleball-court-lines-explained-every-line-and-what-it-means-10mzyp
news	https://www.thepicklehub.net/vi/news/giai-ma-cac-duong-ke-tren-san-pickleball-y-nghia-va-quy-dinh-can-biet-10mzyp
news	https://www.thepicklehub.net/news/why-dinking-matters-in-pickleball-and-why-pros-obsess-over-it-1y1z37
news	https://www.thepicklehub.net/vi/news/vi-sao-dinking-la-ky-thuat-song-con-ma-moi-tay-vot-chuyen-nghiep-deu-am-anh-1y1z37
news	https://www.thepicklehub.net/news/mlp-st-petersburg-event-preview-133crw
news	https://www.thepicklehub.net/vi/news/nhan-dinh-giai-mlp-tai-st-petersburg-cuoc-dua-gianh-diem-so-quan-trong-133crw
news	https://www.thepicklehub.net/news/95-of-these-usap-approved-paddles-fail-its-own-surface-test-1jdnhp
news	https://www.thepicklehub.net/vi/news/95-vot-dat-chuan-usap-that-bai-trong-bai-kiem-tra-do-nham-be-mat-1jdnhp
news	https://www.thepicklehub.net/news/try-this-sneaky-4th-for-easy-points-at-the-kitchen-line-1ijtgt
news	https://www.thepicklehub.net/vi/news/tuyet-chieu-danh-bong-cu-thu-4-day-bat-ngo-de-ghi-diem-de-dang-tai-kitchen-line-1ijtgt
news	https://www.thepicklehub.net/news/5-pickleball-dink-tips-and-drills-to-instantly-improve-your-kitchen-game-sb37w6
news	https://www.thepicklehub.net/vi/news/5-bi-quyet-va-bai-tap-dink-giup-ban-lam-chu-khu-vuc-kitchen-ngay-lap-tuc-sb37w6
news	https://www.thepicklehub.net/news/how-to-build-a-pickleball-mental-game-like-hayden-patriquin-182hyc
news	https://www.thepicklehub.net/vi/news/bi-quyet-ren-luyen-tam-ly-thi-dau-dinh-cao-nhu-hayden-patriquin-182hyc
news	https://www.thepicklehub.net/news/use-these-7-mixed-doubles-tips-to-play-better-pickleball-right-away-d0fp4r
news	https://www.thepicklehub.net/vi/news/7-bi-quyet-danh-doi-nam-nu-giup-ban-cai-thien-trinh-do-pickleball-ngay-lap-tuc-d0fp4r
news	https://www.thepicklehub.net/news/4-backhand-dink-fixes-that-will-make-you-consistent-at-the-kitchen-1jcqn7
news	https://www.thepicklehub.net/vi/news/4-bi-quyet-sua-loi-cu-backhand-dink-giup-ban-on-dinh-hon-tai-khu-vuc-kitchen-1jcqn7
news	https://www.thepicklehub.net/news/how-to-improve-pickleball-footwork-off-court-agility-and-speed-training-qlljdv
news	https://www.thepicklehub.net/vi/news/cai-thien-bo-chan-trong-pickleball-bai-tap-bo-tro-toc-do-va-su-nhanh-nhen-ngoai--qlljdv
news	https://www.thepicklehub.net/news/joola-and-proton-agree-to-settle-paddle-core-patent-dispute-1gl8al
news	https://www.thepicklehub.net/vi/news/joola-va-proton-dat-thoa-thuan-dan-xep-tranh-chap-bang-sang-che-loi-vot-pickleba-1gl8al
news	https://www.thepicklehub.net/news/the-fives-win-their-second-straight-event-1b3i5k
news	https://www.thepicklehub.net/vi/news/new-jersey-fives-lap-cu-dup-vo-dich-tai-chang-mlp-austin-1b3i5k
news	https://www.thepicklehub.net/news/so-you-want-to-be-a-pickleball-content-creator-1kl1xv
news	https://www.thepicklehub.net/vi/news/lam-sao-de-tro-thanh-nha-sang-tao-noi-dung-pickleball-chuyen-nghiep-1kl1xv
news	https://www.thepicklehub.net/news/how-to-improve-in-pickleball-without-a-coach-the-self-teaching-guide-1980tc
news	https://www.thepicklehub.net/vi/news/tu-hoc-pickleball-hieu-qua-ma-khong-can-huan-luyen-vien-huong-dan-chi-tiet-1980tc
news	https://www.thepicklehub.net/news/how-to-dink-in-pickleball-your-ultimate-step-by-step-guide-jm2ob9
news	https://www.thepicklehub.net/vi/news/bi-quyet-thuc-hien-cu-dink-trong-pickleball-huong-dan-chi-tiet-tu-a-den-z-jm2ob9
news	https://www.thepicklehub.net/news/5-pickleball-strategy-mistakes-that-are-costing-you-games-u6qw2u
news	https://www.thepicklehub.net/vi/news/5-sai-lam-chien-thuat-khien-ban-thua-tran-trong-pickleball-u6qw2u
news	https://www.thepicklehub.net/news/the-biggest-mistakes-35-pickleball-players-make-eetdj4
news	https://www.thepicklehub.net/vi/news/nhung-sai-lam-pho-bien-khien-nguoi-choi-pickleball-trinh-do-35-bi-chung-lai-eetdj4
news	https://www.thepicklehub.net/news/the-4-pickleball-dink-types-you-need-to-win-kitchen-battles-11kypj
news	https://www.thepicklehub.net/vi/news/4-ky-thuat-dink-quyet-dinh-chien-thang-tai-khu-vuc-kitchen-11kypj
news	https://www.thepicklehub.net/news/7-forehand-speedup-secrets-from-pro-john-cincola-14blkd
news	https://www.thepicklehub.net/vi/news/7-bi-quyet-thuc-hien-cu-forehand-speedup-dang-gom-cua-tay-vot-chuyen-nghiep-john-14blkd
news	https://www.thepicklehub.net/news/how-to-manage-tournament-nerves-in-pickleball-pre-match-mental-prep-ww4hdm
news	https://www.thepicklehub.net/vi/news/bi-quyet-giu-vung-tam-ly-khi-thi-dau-giai-pickleball-chuan-bi-tinh-than-truoc-tr-ww4hdm
news	https://www.thepicklehub.net/news/the-3-target-pickleball-serve-drill-that-builds-consistency-and-deception-1oisyy
news	https://www.thepicklehub.net/vi/news/bai-tap-giao-bong-3-diem-muc-tieu-giup-tang-do-on-dinh-va-kha-nang-danh-lua-doi--1oisyy
news	https://www.thepicklehub.net/news/3-pickleball-footwork-mistakes-that-are-losing-you-points-how-to-fix-them-6y259v
news	https://www.thepicklehub.net/vi/news/3-loi-di-chuyen-chan-khien-ban-mat-diem-trong-pickleball-va-cach-khac-phuc-6y259v
news	https://www.thepicklehub.net/news/7-strategy-fixes-that-stop-your-dinks-from-getting-attacked-twd89b
news	https://www.thepicklehub.net/vi/news/7-chien-thuat-giup-cu-dink-cua-ban-khong-con-bi-doi-thu-tan-cong-twd89b
news	https://www.thepicklehub.net/news/new-shape-new-grit-new-standard-the-11six24-power-2-ultre-1mxx82
news	https://www.thepicklehub.net/vi/news/11six24-power-2-ultre-chuan-muc-moi-voi-thiet-ke-hybrid-va-be-mat-nham-dot-pha-1mxx82
news	https://www.thepicklehub.net/news/brackets-out-dennehy-and-wang-on-a-collision-course-in-beijing-100djr
news	https://www.thepicklehub.net/vi/news/cong-bo-nhanh-dau-dennehy-va-wang-san-sang-dung-do-tai-bac-kinh-100djr
news	https://www.thepicklehub.net/news/4-topspin-drop-fixes-that-stop-your-third-shot-popping-up-jiqjib
news	https://www.thepicklehub.net/vi/news/4-bi-quyet-sua-loi-cu-danh-topspin-drop-giup-bong-khong-bi-bay-cao-jiqjib
news	https://www.thepicklehub.net/news/3-steps-to-build-anticipation-in-pickleball-and-stop-reacting-late-3bnn83
news	https://www.thepicklehub.net/vi/news/3-buoc-ren-luyen-kha-nang-phan-doan-trong-pickleball-de-khong-bao-gio-bi-dong-3bnn83
news	https://www.thepicklehub.net/news/advanced-dinking-patterns-that-win-points-at-40-and-above-nvg2jq
news	https://www.thepicklehub.net/vi/news/cac-chien-thuat-dinking-nang-cao-giup-ban-lam-chu-san-dau-o-trinh-do-40-tro-len-nvg2jq
news	https://www.thepicklehub.net/news/sharpen-your-two-handed-backhand-volley-6-keys-from-a-pro-lesson-1b9rxh
news	https://www.thepicklehub.net/vi/news/cai-thien-cu-chan-bong-trai-tay-hai-tay-6-bi-quyet-tu-chuyen-gia-1b9rxh
news	https://www.thepicklehub.net/news/5-pickleball-mistakes-beginners-make-and-the-fixes-that-work-hibkns
news	https://www.thepicklehub.net/vi/news/5-sai-lam-pho-bien-cua-nguoi-moi-choi-pickleball-va-cach-khac-phuc-hieu-qua-hibkns
news	https://www.thepicklehub.net/news/how-to-beat-ben-johns-stop-avoiding-him-and-start-hunting-him-10vuf
news	https://www.thepicklehub.net/vi/news/cach-danh-bai-ben-johns-dung-ne-tranh-hay-chu-dong-tan-cong-10vuf
news	https://www.thepicklehub.net/news/pickleball-open-play-everything-beginners-need-to-know-112imr
news	https://www.thepicklehub.net/vi/news/huong-dan-nhap-mon-pickleball-open-play-cho-nguoi-moi-bat-dau-112imr
news	https://www.thepicklehub.net/news/master-the-drive-drop-combo-in-pickleball-1jx5mn
news	https://www.thepicklehub.net/vi/news/lam-chu-ky-thuat-drive-drop-chia-khoa-tien-vao-vach-kitchen-trong-pickleball-1jx5mn
news	https://www.thepicklehub.net/news/nail-your-next-pickleball-drill-session-a-7-step-framework-1g8jw6
news	https://www.thepicklehub.net/vi/news/toi-uu-hoa-buoi-tap-pickleball-quy-trinh-7-buoc-giup-ban-tien-bo-vuot-bac-1g8jw6
news	https://www.thepicklehub.net/news/how-to-target-the-weaker-player-in-pickleball-doubles-strategically-and-legally-7hq8wf
news	https://www.thepicklehub.net/vi/news/chien-thuat-danh-vao-doi-thu-yeu-hon-trong-danh-doi-pickleball-mot-cach-hieu-qua-7hq8wf
news	https://www.thepicklehub.net/news/how-to-improve-pickleball-serve-footwork-stance-load-and-weight-transfer-1uwac5
news	https://www.thepicklehub.net/vi/news/cai-thien-bo-chan-khi-giao-bong-pickleball-tu-the-don-trong-tam-va-chuyen-luc-1uwac5
news	https://www.thepicklehub.net/news/how-to-warm-up-before-pickleball-the-8-minute-injury-prevention-routine-16wwin
news	https://www.thepicklehub.net/vi/news/cach-khoi-dong-truoc-khi-choi-pickleball-bai-tap-8-phut-giup-phong-tranh-chan-th-16wwin
news	https://www.thepicklehub.net/news/pickleball-tournament-strategy-how-to-play-your-best-when-it-counts-most-1ln0ik
news	https://www.thepicklehub.net/vi/news/chien-thuat-thi-dau-pickleball-bi-quyet-de-toa-sang-trong-nhung-thoi-diem-quyet--1ln0ik
news	https://www.thepicklehub.net/news/how-to-be-a-better-doubles-partner-in-pickleball-communication-and-coverage-t1wgq1
news	https://www.thepicklehub.net/vi/news/bi-quyet-tro-thanh-dong-doi-an-y-trong-danh-doi-pickleball-giao-tiep-va-bao-san-t1wgq1
news	https://www.thepicklehub.net/news/usa-pickleball-quietly-places-several-paddle-models-under-review-1l6hyl
news	https://www.thepicklehub.net/vi/news/usa-pickleball-am-tham-dua-nhieu-mau-vot-vao-danh-sach-kiem-duyet-1l6hyl
news	https://www.thepicklehub.net/news/master-the-third-shot-decision-when-to-rush-the-kitchen-1r4apu
news	https://www.thepicklehub.net/vi/news/lam-chu-cu-danh-thu-ba-khi-nao-nen-lao-len-vach-kitchen-1r4apu
news	https://www.thepicklehub.net/news/how-to-dink-in-pickleball-a-step-by-step-for-every-level-153zgx
news	https://www.thepicklehub.net/vi/news/bi-quyet-thuc-hien-cu-dink-trong-pickleball-huong-dan-chi-tiet-cho-moi-trinh-do-153zgx
news	https://www.thepicklehub.net/news/how-to-recover-after-being-pushed-back-from-the-pickleball-kitchen-line-fcm2x2
news	https://www.thepicklehub.net/vi/news/bi-quyet-xoay-chuyen-tinh-the-khi-bi-doi-thu-ep-lui-khoi-vach-kitchen-trong-pick-fcm2x2
news	https://www.thepicklehub.net/news/how-to-break-out-of-pickleball-isolation-in-dink-rallies-1e8pqi
news	https://www.thepicklehub.net/vi/news/bi-quyet-thoat-the-bi-co-lap-trong-cac-loat-danh-dink-tai-san-pickleball-1e8pqi
news	https://www.thepicklehub.net/news/pickleball-serve-lag-the-power-secret-most-players-miss-1u2mjg
news	https://www.thepicklehub.net/vi/news/bi-mat-tao-luc-cho-cu-giao-bong-pickleball-ma-nhieu-nguoi-choi-bo-lo-1u2mjg
news	https://www.thepicklehub.net/news/mlp-austin-preview-stop-4-of-the-season-xg61w5
news	https://www.thepicklehub.net/vi/news/nhan-dinh-chang-4-mlp-austin-suc-nong-tu-giai-dong-doi-hang-dau-nuoc-my-xg61w5
news	https://www.thepicklehub.net/news/what-is-a-dink-in-pickleball-the-only-guide-youll-ever-need-1higjs
news	https://www.thepicklehub.net/vi/news/dink-trong-pickleball-la-gi-huong-dan-chi-tiet-tu-a-z-cho-nguoi-moi-bat-dau-1higjs
news	https://www.thepicklehub.net/news/time-magazine-names-anna-leigh-waters-to-100-most-influential-sports-list-1qyumf
news	https://www.thepicklehub.net/vi/news/anna-leigh-waters-lot-danh-sach-100-nhan-vat-the-thao-co-tam-anh-huong-nhat-cua--1qyumf
news	https://www.thepicklehub.net/news/the-st-louis-shock-own-their-hometown-event-54o0uk
news	https://www.thepicklehub.net/vi/news/st-louis-shock-len-ngoi-vo-dich-ngay-tren-san-nha-tai-mlp-st-louis-54o0uk
news	https://www.thepicklehub.net/news/pickleball-reaction-time-is-everything-younger-players-are-dominating-1gyrpb
news	https://www.thepicklehub.net/vi/news/phan-xa-la-chia-khoa-vang-giup-cac-tay-vot-tre-thong-tri-pickleball-chuyen-nghie-1gyrpb
news	https://www.thepicklehub.net/news/stop-reaching-for-dinks-and-move-your-feet-instead-ybasnz
news	https://www.thepicklehub.net/vi/news/dung-vuon-nguoi-do-dink-hay-tap-trung-di-chuyen-doi-chan-ybasnz
news	https://www.thepicklehub.net/news/pickleballs-elusive-third-shot-drop-3-essential-variations-explained-z878cu
news	https://www.thepicklehub.net/vi/news/tuyet-chieu-third-shot-drop-trong-pickleball-3-bien-the-quan-trong-ban-can-nam-v-z878cu
news	https://www.thepicklehub.net/news/how-to-increase-your-pickleball-serve-speed-in-7-simple-steps-oqmi6v
news	https://www.thepicklehub.net/vi/news/7-buoc-don-gian-giup-ban-tang-toc-do-giao-bong-trong-pickleball-oqmi6v
news	https://www.thepicklehub.net/news/pickleball-stretching-routine-10-stretches-for-better-court-movement-1l912v
news	https://www.thepicklehub.net/vi/news/10-bai-tap-gian-co-giup-di-chuyen-linh-hoat-va-hieu-qua-hon-tren-san-pickleball-1l912v
news	https://www.thepicklehub.net/news/how-to-attack-the-transition-zone-in-pickleball-4-offensive-patterns-uz5fbe
news	https://www.thepicklehub.net/vi/news/4-chien-thuat-tan-cong-hieu-qua-tai-khu-vuc-chuyen-tiep-trong-pickleball-uz5fbe
news	https://www.thepicklehub.net/news/how-to-build-a-pickleball-practice-routine-when-you-only-have-3-hours-a-week-c2hio5
news	https://www.thepicklehub.net/vi/news/bi-quyet-xay-dung-lich-tap-luyen-pickleball-hieu-qua-chi-voi-3-gio-moi-tuan-c2hio5
news	https://www.thepicklehub.net/news/partners-nominated-for-best-episodic-series-at-tribeca-x-1t0fsb
news	https://www.thepicklehub.net/vi/news/series-tai-lieu-partners-ve-ppa-tour-duoc-de-cu-giai-thuong-tai-tribeca-x-1t0fsb
news	https://www.thepicklehub.net/news/how-to-handle-the-most-difficult-shots-in-pickleball-a-complete-guide-ufc8kc
news	https://www.thepicklehub.net/vi/news/bi-quyet-xu-ly-nhung-pha-bong-kho-trong-pickleball-huong-dan-toan-dien-ufc8kc
news	https://www.thepicklehub.net/news/pro-proven-tips-for-defending-a-heavy-overhead-smash-1n7y5x
news	https://www.thepicklehub.net/vi/news/bi-quyet-tu-cac-tay-vot-chuyen-nghiep-de-phong-thu-cu-smash-uy-luc-1n7y5x
news	https://www.thepicklehub.net/news/master-impulse-control-in-pickleball-the-7-worst-mistakes-costing-you-matches-h6soai
news	https://www.thepicklehub.net/vi/news/kiem-soat-ban-nang-trong-pickleball-7-sai-lam-tai-hai-khien-ban-thua-tran-h6soai
news	https://www.thepicklehub.net/news/5-poppy-new-paddles-that-will-prevail-in-any-firefight-td30y6
news	https://www.thepicklehub.net/vi/news/5-mau-vot-pickleball-co-do-nay-cuc-ben-cho-nhung-pha-doi-cong-tai-khu-vuc-kitche-td30y6
news	https://www.thepicklehub.net/news/how-to-escape-no-mans-land-in-pickleball-a-strategic-guide-f5m5kq
news	https://www.thepicklehub.net/vi/news/bi-quyet-thoat-khoi-vung-no-mans-land-trong-pickleball-f5m5kq
news	https://www.thepicklehub.net/news/master-the-two-shot-combo-5-pro-pickleball-patterns-that-win-points-13fg9d
news	https://www.thepicklehub.net/vi/news/lam-chu-chuoi-2-cu-danh-5-chien-thuat-giup-tay-vot-chuyen-nghiep-ghi-diem-13fg9d
news	https://www.thepicklehub.net/news/3-pickleball-strategy-tips-from-elite-players-18v9lo
news	https://www.thepicklehub.net/vi/news/3-chien-thuat-dinh-cao-tu-cac-tay-vot-chuyen-nghiep-hang-dau-18v9lo
news	https://www.thepicklehub.net/news/10-pickleball-strategies-that-actually-work-against-better-players-19qjpq
news	https://www.thepicklehub.net/vi/news/10-chien-thuat-pickleball-hieu-qua-de-doi-dau-voi-nhung-tay-vot-dang-cap-hon-19qjpq
news	https://www.thepicklehub.net/news/why-the-shoestring-volley-loses-points-in-pickleball-ih1c8s
news	https://www.thepicklehub.net/vi/news/vi-sao-cu-volley-sat-luoi-shoestring-volley-lai-la-cai-bay-mat-diem-trong-pickle-ih1c8s
news	https://www.thepicklehub.net/news/giveaway-500-in-pickleball-gear-could-be-yours-7g4v98
news	https://www.thepicklehub.net/vi/news/co-hoi-nhan-qua-tang-thiet-bi-pickleball-tri-gia-500-usd-7g4v98
news	https://www.thepicklehub.net/news/the-only-pickleball-tour-built-by-seniors-for-seniors-ages-50-to-85-15tmrv
news	https://www.thepicklehub.net/vi/news/giai-dau-pickleball-danh-rieng-cho-nguoi-choi-tu-50-den-85-tuoi-15tmrv
news	https://www.thepicklehub.net/news/how-to-add-disguise-to-your-pickleball-dinks-same-setup-different-shot-1770zl
news	https://www.thepicklehub.net/vi/news/bi-quyet-tung-don-dink-danh-lua-doi-thu-cung-mot-tu-the-da-dang-huong-bong-1770zl
news	https://www.thepicklehub.net/news/how-to-use-angles-at-the-pickleball-kitchen-line-shot-placement-system-112rq0
news	https://www.thepicklehub.net/vi/news/bi-quyet-lam-chu-goc-danh-tai-vach-kitchen-trong-pickleball-112rq0
news	https://www.thepicklehub.net/news/the-pre-game-drill-that-changes-everything-a-15-minute-warm-up-strategy-idllbw
news	https://www.thepicklehub.net/vi/news/bai-khoi-dong-15-phut-giup-ban-thay-doi-cuc-dien-tran-dau-pickleball-idllbw
news	https://www.thepicklehub.net/news/how-to-vary-your-pickleball-serve-to-keep-opponents-off-balance-1s00wd
news	https://www.thepicklehub.net/vi/news/bi-quyet-thay-doi-giao-bong-pickleball-khien-doi-thu-mat-nhip-1s00wd
news	https://www.thepicklehub.net/news/how-to-step-in-on-dinks-in-pickleball-to-create-pressure-and-angles-1qc4kw
news	https://www.thepicklehub.net/vi/news/bi-quyet-buoc-len-tan-cong-khi-dink-de-tao-ap-luc-va-goc-danh-hiem-hoc-1qc4kw
news	https://www.thepicklehub.net/news/mlp-st-louis-event-preview-stop-3-xd3plp
news	https://www.thepicklehub.net/vi/news/nhan-dinh-giai-mlp-st-louis-chang-dung-chan-thu-3-day-kich-tinh-xd3plp
news	https://www.thepicklehub.net/news/400000-matches-later-your-dupr-reset-results-are-now-in-pj8hd4
news	https://www.thepicklehub.net/vi/news/sau-400000-tran-dau-ket-qua-xep-hang-dupr-reset-da-chinh-thuc-duoc-cong-bo-pj8hd4
news	https://www.thepicklehub.net/news/most-pickleball-mistakes-come-from-the-transition-zone-this-drill-can-help-p8cerx
news	https://www.thepicklehub.net/vi/news/khac-phuc-loi-pho-bien-o-khu-vuc-chuyen-tiep-trong-pickleball-voi-bai-tap-hieu-q-p8cerx
news	https://www.thepicklehub.net/news/the-5-mistakes-40-pickleball-players-make-over-and-over-esjdnn
news	https://www.thepicklehub.net/vi/news/5-sai-lam-pho-bien-khien-nguoi-choi-trinh-do-40-mai-khong-the-but-pha-esjdnn
news	https://www.thepicklehub.net/news/demystifying-the-third-shot-drop-3-simple-tips-from-a-pro-1d4yuz
news	https://www.thepicklehub.net/vi/news/giai-ma-cu-third-shot-drop-3-bi-quyet-don-gian-tu-tay-vot-chuyen-nghiep-1d4yuz
news	https://www.thepicklehub.net/news/3-skills-that-separate-40-from-50-pickleball-players-1jbofu
news	https://www.thepicklehub.net/vi/news/3-ky-nang-then-chot-giup-nguoi-choi-pickleball-nang-tam-tu-40-len-50-1jbofu
news	https://www.thepicklehub.net/news/3-ways-to-stop-getting-attacked-at-the-kitchen-in-pickleball-uvtzdv
news	https://www.thepicklehub.net/vi/news/3-cach-de-khong-bi-doi-thu-tan-cong-khi-dung-tai-khu-vuc-kitchen-trong-picklebal-uvtzdv
news	https://www.thepicklehub.net/news/the-technical-fix-to-stop-popping-up-your-pickleball-shot-yz88gv
news	https://www.thepicklehub.net/vi/news/bi-quyet-ky-thuat-giup-ban-khac-phuc-loi-danh-bong-bong-trong-pickleball-yz88gv
news	https://www.thepicklehub.net/news/the-pickleball-pattern-drill-how-to-train-like-a-pro-1l2tw6
news	https://www.thepicklehub.net/vi/news/bai-tap-pattern-drill-bi-quyet-ren-luyen-ky-nang-phan-xa-nhu-tay-vot-chuyen-nghi-1l2tw6
news	https://www.thepicklehub.net/news/the-punch-flick-roll-a-complete-guide-to-the-backhand-volley-in-pickleball-1hfcae
news	https://www.thepicklehub.net/vi/news/punch-flick-va-roll-huong-dan-toan-dien-ve-cu-backhand-volley-trong-pickleball-1hfcae
news	https://www.thepicklehub.net/news/12-pickleball-tips-that-will-transform-your-game-nj184n
news	https://www.thepicklehub.net/vi/news/12-bi-quyet-pickleball-giup-ban-nang-tam-ky-nang-tuc-thi-nj184n
news	https://www.thepicklehub.net/news/the-complete-guide-to-left-side-dinking-in-pickleball-l5z6zz
news	https://www.thepicklehub.net/vi/news/cam-nang-toan-tap-ve-ky-thuat-dinking-o-canh-trai-trong-pickleball-l5z6zz
news	https://www.thepicklehub.net/news/mlp-columbus-event-recap-the-nj-5s-get-revenge-12sp07
news	https://www.thepicklehub.net/vi/news/tom-tat-giai-mlp-columbus-new-jersey-5s-phuc-thu-thanh-cong-12sp07
news	https://www.thepicklehub.net/news/how-to-hold-a-pickleball-paddle-for-beginners-grip-basics-that-change-everything-13r09f
news	https://www.thepicklehub.net/vi/news/huong-dan-cam-vot-pickleball-cho-nguoi-moi-ky-thuat-co-ban-thay-doi-hoan-toan-lo-13r09f
news	https://www.thepicklehub.net/news/need-a-new-pickleball-paddle-these-databases-can-help-r8ptso
news	https://www.thepicklehub.net/vi/news/dang-tim-mua-vot-pickleball-moi-day-la-nhung-co-so-du-lieu-ban-can-biet-r8ptso
news	https://www.thepicklehub.net/news/how-to-use-the-transition-zone-to-attack-before-reaching-the-kitchen-n4yny7
news	https://www.thepicklehub.net/vi/news/cach-tan-cong-tu-khu-vuc-chuyen-tiep-truoc-khi-tien-vao-kitchen-n4yny7
news	https://www.thepicklehub.net/news/shimabukuro-and-bhatia-strike-double-gold-in-macao-lg1qsa
news	https://www.thepicklehub.net/vi/news/shimabukuro-va-bhatia-gianh-cu-dup-huy-chuong-vang-tai-macao-open-lg1qsa
news	https://www.thepicklehub.net/news/how-to-win-more-points-off-your-pickleball-serve-placement-and-spin-combos-1nmdpr
news	https://www.thepicklehub.net/vi/news/bi-quyet-ghi-diem-truc-tiep-tu-cu-giao-bong-pickleball-ket-hop-vi-tri-va-xoay-1nmdpr
news	https://www.thepicklehub.net/news/how-womens-doubles-pickleball-strategy-differs-from-mens-27ujq2
news	https://www.thepicklehub.net/vi/news/su-khac-biet-trong-chien-thuat-danh-doi-nu-va-doi-nam-tai-cac-giai-pickleball-ch-27ujq2
news	https://www.thepicklehub.net/news/competitive-doubles-strategy-for-40-players-patterns-that-win-points-ws4c5
news	https://www.thepicklehub.net/vi/news/chien-thuat-danh-doi-cho-nguoi-choi-pickleball-trinh-do-40-nhung-bai-danh-giup-g-ws4c5
news	https://www.thepicklehub.net/news/tam-reaches-two-finals-as-macao-delivers-drama-jl0fkz
news	https://www.thepicklehub.net/vi/news/ho-tam-gay-sot-tai-macao-open-voi-cu-dup-vao-chung-ket-jl0fkz
news	https://www.thepicklehub.net/news/how-to-recover-court-position-after-attacking-in-pickleball-g1q0rw
news	https://www.thepicklehub.net/vi/news/bi-quyet-di-chuyen-ve-vi-tri-phong-thu-sau-khi-tan-cong-trong-pickleball-g1q0rw
news	https://www.thepicklehub.net/news/7-pickleball-practice-mistakes-that-are-ruining-your-game-11cezo
news	https://www.thepicklehub.net/vi/news/7-sai-lam-khi-tap-luyen-khien-trinh-do-pickleball-cua-ban-mai-dam-chan-tai-cho-11cezo
news	https://www.thepicklehub.net/news/fujiwara-and-sawaki-stun-2-seeds-to-reach-semifinals-h1mtof
news	https://www.thepicklehub.net/vi/news/fujiwara-va-sawaki-gay-soc-danh-bai-hat-giong-so-2-de-tien-vao-ban-ket-h1mtof
news	https://www.thepicklehub.net/news/selkirk-omni-review-adjustable-moi-weights-make-all-the-difference-x0xfmk
news	https://www.thepicklehub.net/vi/news/danh-gia-selkirk-omni-he-thong-dieu-chinh-trong-luong-moi-tao-nen-su-khac-biet-x0xfmk
news	https://www.thepicklehub.net/news/beware-of-this-clever-fake-paddle-scam-at-big-box-stores-3h4igr
news	https://www.thepicklehub.net/vi/news/canh-bao-chieu-tro-trao-doi-vot-pickleball-gia-tai-cac-he-thong-ban-le-lon-3h4igr
news	https://www.thepicklehub.net/news/master-the-pickleball-combo-to-reach-50-and-beyond-5xrkzo
news	https://www.thepicklehub.net/vi/news/bi-quyet-lam-chu-ky-thuat-combo-trong-pickleball-de-dat-trinh-do-50-tro-len-5xrkzo
news	https://www.thepicklehub.net/news/master-the-pickleball-dink-3-essential-techniques-tu2d0a
news	https://www.thepicklehub.net/vi/news/lam-chu-cu-dink-trong-pickleball-3-ky-thuat-thiet-yeu-tu2d0a
news	https://www.thepicklehub.net/news/5-obscure-pickleball-rules-youre-probably-breaking-t2nnei
news	https://www.thepicklehub.net/vi/news/5-luat-pickleball-it-nguoi-biet-ma-co-the-ban-dang-pham-phai-t2nnei
news	https://www.thepicklehub.net/news/a-day-in-the-life-of-pro-pickleball-player-jack-munro-11gorz
news	https://www.thepicklehub.net/vi/news/mot-ngay-tap-luyen-cua-tay-vot-chuyen-nghiep-jack-munro-11gorz
news	https://www.thepicklehub.net/news/how-to-speed-up-from-the-kitchen-step-by-step-for-3540-players-15ffm4
news	https://www.thepicklehub.net/vi/news/bi-quyet-tang-toc-do-bong-tai-kitchen-cho-nguoi-choi-trinh-do-3540-15ffm4
news	https://www.thepicklehub.net/news/how-to-strengthen-your-wrists-for-pickleball-6-injury-prevention-exercises-187iiy
news	https://www.thepicklehub.net/vi/news/6-bai-tap-tang-cuong-suc-manh-co-tay-giup-phong-tranh-chan-thuong-trong-pickleba-187iiy
news	https://www.thepicklehub.net/news/mlp-columbus-preview-what-to-expect-for-event-2-lf5jrd
news	https://www.thepicklehub.net/vi/news/nhan-dinh-mlp-columbus-nhung-diem-nhan-dang-chu-y-tai-chang-2-lf5jrd
news	https://www.thepicklehub.net/news/anna-leigh-waters-undefeated-singles-streak-by-the-numbers-1hsbbi
news	https://www.thepicklehub.net/vi/news/giai-ma-chuoi-bat-bai-kho-tin-cua-anna-leigh-waters-tai-noi-dung-don-1hsbbi
news	https://www.thepicklehub.net/news/how-to-defend-against-a-stacking-team-in-pickleball-counter-tactics-29zynm
news	https://www.thepicklehub.net/vi/news/bi-quyet-doi-pho-voi-chien-thuat-stacking-trong-pickleball-29zynm
news	https://www.thepicklehub.net/news/professional-pickleball-association-announces-ppa-spain-8211-newest-internationa-1juarg
news	https://www.thepicklehub.net/vi/news/ppa-cong-bo-giai-dau-ppa-spain-danh-dau-buoc-tien-moi-tai-thi-truong-chau-au-1juarg
news	https://www.thepicklehub.net/news/master-the-hand-speed-drill-a-5-step-system-to-dominate-at-the-kitchen-line-fmae1h
news	https://www.thepicklehub.net/vi/news/lam-chu-ky-thuat-phan-xa-tay-5-buoc-giup-ban-thong-tri-khu-vuc-kitchen-fmae1h
news	https://www.thepicklehub.net/news/pickleball-placement-strategy-exactly-where-to-aim-every-shot-to-win-more-games-kc9rqo
news	https://www.thepicklehub.net/vi/news/chien-thuat-chon-diem-roi-trong-pickleball-nham-vao-dau-de-gianh-chien-thang-kc9rqo
news	https://www.thepicklehub.net/news/how-to-punish-the-forehand-counter-in-pickleball-1oocow
news	https://www.thepicklehub.net/vi/news/cach-khac-che-cu-danh-tra-thuan-tay-forehand-counter-trong-pickleball-1oocow
news	https://www.thepicklehub.net/news/10-things-advanced-pickleball-players-do-differently-1k2gdi
news	https://www.thepicklehub.net/vi/news/10-thoi-quen-tao-nen-dang-cap-cua-cac-tay-vot-pickleball-chuyen-nghiep-1k2gdi
news	https://www.thepicklehub.net/news/mlp-dallas-event-recap-16lqfz
news	https://www.thepicklehub.net/vi/news/tong-ket-su-kien-mlp-dallas-khoi-dau-day-an-tuong-cho-mua-giai-2026-16lqfz
news	https://www.thepicklehub.net/news/why-right-side-pickleball-is-harder-than-playing-the-left-163y8f
news	https://www.thepicklehub.net/vi/news/vi-sao-choi-vi-tri-ben-phai-trong-pickleball-kho-hon-ben-trai-163y8f
news	https://www.thepicklehub.net/news/pa-man-admits-to-cutting-pickleball-nets-after-on-court-injury-ruined-his-summer-1ckkfe
news	https://www.thepicklehub.net/vi/news/nguoi-dan-ong-tai-pennsylvania-thua-nhan-pha-hoai-luoi-pickleball-vi-chan-thuong-1ckkfe
news	https://www.thepicklehub.net/news/how-gabe-tardios-paddle-grip-technique-is-changing-pro-pickleball-1thnj7
news	https://www.thepicklehub.net/vi/news/ky-thuat-cam-vot-cua-gabe-tardio-dang-thay-doi-loi-choi-pickleball-chuyen-nghiep-1thnj7
news	https://www.thepicklehub.net/news/the-only-pickleball-serve-you-need-in-2026-1yz21u
news	https://www.thepicklehub.net/vi/news/tuyet-chieu-giao-bong-pickleball-toi-uu-nhat-cho-nam-2026-1yz21u
news	https://www.thepicklehub.net/news/beginner-pickleball-mistakes-that-are-costing-you-points-and-easy-fixes-5btmuf
news	https://www.thepicklehub.net/vi/news/nhung-sai-lam-co-ban-khien-ban-mat-diem-trong-pickleball-va-cach-khac-phuc-nhanh-5btmuf
news	https://www.thepicklehub.net/news/how-to-develop-third-shot-drop-consistency-the-drill-protocol-that-works-1q53iu
news	https://www.thepicklehub.net/vi/news/bi-quyet-cai-thien-cu-third-shot-drop-bai-tap-thuc-chien-giup-ban-on-dinh-hon-1q53iu
news	https://www.thepicklehub.net/news/why-pro-players-choke-up-on-their-pickleball-grip-f2jkq8
news	https://www.thepicklehub.net/vi/news/tai-sao-cac-tay-vot-chuyen-nghiep-thuong-cam-vot-pickleball-cao-hon-binh-thuong-f2jkq8
news	https://www.thepicklehub.net/news/who-covers-the-middle-ball-at-the-pickleball-kitchen-the-definitive-answer-z0cipy
news	https://www.thepicklehub.net/vi/news/ai-nen-do-bong-o-khu-vuc-giua-san-kitchen-cau-tra-loi-chuan-xac-nhat-z0cipy
news	https://www.thepicklehub.net/news/pickleball-net-height-official-measurements-how-it-affects-every-shot-10fuk2
news	https://www.thepicklehub.net/vi/news/chieu-cao-luoi-pickleball-thong-so-chuan-va-anh-huong-den-tung-cu-danh-10fuk2
news	https://www.thepicklehub.net/news/how-to-move-from-35-to-40-in-pickleball-a-3-month-improvement-plan-1hzk3y
news	https://www.thepicklehub.net/vi/news/lo-trinh-3-thang-nang-trinh-pickleball-tu-35-len-40-1hzk3y
news	https://www.thepicklehub.net/news/opinion-jared-pauls-5-key-takeaways-from-mlp-dallas-1sa2mm
news	https://www.thepicklehub.net/vi/news/goc-nhin-5-bai-hoc-dat-gia-tu-giai-mlp-dallas-qua-lang-kinh-jared-paul-1sa2mm
news	https://www.thepicklehub.net/news/major-league-pickleball-2026-week-1-overreactions-updated-power-rankings-1bk83n
news	https://www.thepicklehub.net/vi/news/nhin-lai-tuan-mo-man-mlp-2026-nhung-phan-ung-trai-chieu-va-bang-xep-hang-suc-man-1bk83n
news	https://www.thepicklehub.net/news/a-top-pickleball-pros-real-daily-drilling-sequence-1fwjkh
news	https://www.thepicklehub.net/vi/news/lo-trinh-tap-luyen-dinking-moi-ngay-cua-tay-vot-chuyen-nghiep-1fwjkh
news	https://www.thepicklehub.net/news/the-forehand-counter-in-pickleball-the-1-skill-for-good-hands-12axm7
news	https://www.thepicklehub.net/vi/news/ky-thuat-forehand-counter-trong-pickleball-chia-khoa-vang-cho-nhung-pha-phan-xa--12axm7
news	https://www.thepicklehub.net/news/master-the-backhand-roll-dink-3-keys-to-consistency-over-50-1qr9ep
news	https://www.thepicklehub.net/vi/news/lam-chu-cu-backhand-roll-dink-3-bi-quyet-giup-nguoi-choi-tren-50-tuoi-danh-on-di-1qr9ep
news	https://www.thepicklehub.net/news/how-to-control-the-kitchen-in-pickleball-the-3-essential-techniques-rtlp3r
news	https://www.thepicklehub.net/vi/news/kiem-soat-khu-vuc-kitchen-trong-pickleball-3-ky-thuat-cot-loi-khong-the-bo-qua-rtlp3r
news	https://www.thepicklehub.net/news/how-to-add-topspin-to-your-pickleball-shots-brush-angle-and-paddle-path-xwn3gm
news	https://www.thepicklehub.net/vi/news/bi-quyet-tao-xoay-len-topspin-trong-pickleball-goc-tiep-xuc-va-quy-dao-vot-xwn3gm
news	https://www.thepicklehub.net/news/pickleball-court-measurements-the-definitive-reference-for-every-line-and-zone-1gdpdg
news	https://www.thepicklehub.net/vi/news/kich-thuoc-san-pickleball-chuan-huong-dan-chi-tiet-ve-cac-vach-ke-va-khu-vuc-thi-1gdpdg
news	https://www.thepicklehub.net/news/how-to-attack-dead-dinks-in-pickleball-identify-and-execute-every-time-1ptiww
news	https://www.thepicklehub.net/vi/news/bi-quyet-tan-cong-nhung-pha-dink-chet-trong-pickleball-nhan-dien-va-dut-diem-chu-1ptiww
news	https://www.thepicklehub.net/news/senior-pickleball-doubles-strategy-play-smarter-not-harder-after-60-12mqo6
news	https://www.thepicklehub.net/vi/news/chien-thuat-danh-doi-cho-nguoi-choi-pickleball-tren-60-tuoi-choi-thong-minh-thay-12mqo6
news	https://www.thepicklehub.net/news/how-to-use-pickleball-strategy-to-beat-younger-faster-players-1rhojw
news	https://www.thepicklehub.net/vi/news/bi-quyet-giup-tay-vot-ky-cuu-danh-bai-doi-thu-tre-khoe-trong-pickleball-1rhojw
news	https://www.thepicklehub.net/news/the-complete-guide-to-the-backhand-flick-1ksbut
news	https://www.thepicklehub.net/vi/news/huong-dan-chi-tiet-ky-thuat-backhand-flick-trong-pickleball-1ksbut
news	https://www.thepicklehub.net/news/how-to-stop-getting-attacked-in-pickleball-5-pro-strategies-13o4jg
news	https://www.thepicklehub.net/vi/news/5-chien-thuat-tu-chuyen-gia-giup-ban-thoat-khoi-cac-pha-tan-cong-don-dap-trong-p-13o4jg
news	https://www.thepicklehub.net/news/abc8217s-of-the-2025-2026-ppa-tour-season-anna-leigh-and-ben8217s-championships-zicjbk
news	https://www.thepicklehub.net/vi/news/nhin-lai-mua-giai-ppa-tour-2025-2026-ky-nguyen-thong-tri-cua-anna-leigh-waters-v-zicjbk
news	https://www.thepicklehub.net/news/it-took-christian-alshon-1000-attempts-to-hit-this-dude-perfect-trickshot-14cau3
news	https://www.thepicklehub.net/vi/news/christian-alshon-mat-hon-1000-lan-thu-de-thuc-hien-cu-trickshot-kieu-dude-perfec-14cau3
news	https://www.thepicklehub.net/news/wong-leads-the-charge-as-macao-open-brackets-drop-133jfw
news	https://www.thepicklehub.net/vi/news/macao-open-2026-hong-kit-wong-dan-dau-danh-sach-hat-giong-133jfw
news	https://www.thepicklehub.net/news/how-to-stay-on-the-pickleball-court-longer-wqlw05
news	https://www.thepicklehub.net/vi/news/bi-quyet-giup-ban-duy-tri-the-luc-va-choi-pickleball-ben-bi-hon-wqlw05
news	https://www.thepicklehub.net/news/how-to-hit-the-forehand-slap-shot-in-pickleball-1w0503
news	https://www.thepicklehub.net/news/advanced-pickleball-how-to-hit-the-third-shot-roll-drop-1sttp1
news	https://www.thepicklehub.net/vi/news/ky-thuat-nang-cao-cach-thuc-hien-cu-third-shot-roll-drop-trong-pickleball-1sttp1
news	https://www.thepicklehub.net/news/why-the-pickleball-return-of-serve-is-your-most-important-shot-1yrbsp
news	https://www.thepicklehub.net/vi/news/vi-sao-cu-tra-giao-bong-return-of-serve-la-ky-thuat-quan-trong-nhat-trong-pickle-1yrbsp
news	https://www.thepicklehub.net/news/how-to-master-pickleball-anticipation-like-a-pro-player-1ms9jf
news	https://www.thepicklehub.net/vi/news/bi-quyet-ren-luyen-kha-nang-phan-doan-bong-dinh-cao-nhu-cac-tay-vot-chuyen-nghie-1ms9jf
news	https://www.thepicklehub.net/news/9-new-pickleball-paddles-worth-a-second-look-5odvsx
news	https://www.thepicklehub.net/vi/news/9-mau-vot-pickleball-moi-dang-de-ban-can-nhac-nang-cap-5odvsx
news	https://www.thepicklehub.net/news/first-look-selkirk-omni-debuts-as-successor-to-the-boomstik-jdvv28
news	https://www.thepicklehub.net/vi/news/selkirk-ra-mat-omni-the-he-ke-nhiem-day-hua-hen-cua-dong-boomstik-jdvv28
news	https://www.thepicklehub.net/news/here-it-is-the-most-unique-new-paddle-thats-usap-approved-zz4q32
news	https://www.thepicklehub.net/news/just-kidding-this-might-actually-be-the-wackiest-usap-approved-paddle-yet-65d2fw
news	https://www.thepicklehub.net/vi/news/dua-chut-thoi-day-co-le-la-cay-vot-ky-quac-nhat-tung-duoc-usap-phe-duyet-65d2fw
news	https://www.thepicklehub.net/news/graphic-all-20-team-rosters-for-major-league-pickleball-2026-ynrbab
news	https://www.thepicklehub.net/vi/news/danh-sach-chi-tiet-20-doi-tuyen-tai-major-league-pickleball-2026-ynrbab
news	https://www.thepicklehub.net/news/how-to-hit-the-overhead-smash-in-pickleball-footwork-trophy-position-and-finish-10s1cj
news	https://www.thepicklehub.net/vi/news/bi-quyet-thuc-hien-cu-overhead-smash-trong-pickleball-tu-bo-chan-den-tu-the-vung-10s1cj
news	https://www.thepicklehub.net/news/pickleball-stacking-for-beginners-full-stack-vs-half-stack-explained-fyq8t0
news	https://www.thepicklehub.net/vi/news/huong-dan-stacking-cho-nguoi-moi-phan-biet-full-stack-va-half-stack-trong-pickle-fyq8t0
news	https://www.thepicklehub.net/news/the-new-2026-major-league-pickleball-format-fully-explained-16tdp8
news	https://www.thepicklehub.net/vi/news/giai-ma-the-thuc-thi-dau-moi-cua-major-league-pickleball-giai-dong-doi-my-vao-na-16tdp8
news	https://www.thepicklehub.net/news/ranking-the-top-10-mens-doubles-duos-in-major-league-pickleball-1i8a8a
news	https://www.thepicklehub.net/vi/news/xep-hang-10-cap-doi-nam-xuat-sac-nhat-tai-major-league-pickleball-1i8a8a
news	https://www.thepicklehub.net/news/your-partner-is-hitting-a-3rd-shot-drop-what-are-you-doing-v2gyo
news	https://www.thepicklehub.net/vi/news/dong-doi-thuc-hien-cu-3rd-shot-drop-ban-can-di-chuyen-the-nao-cho-dung-v2gyo
news	https://www.thepicklehub.net/news/4-pickleball-drills-to-fix-95-of-unforced-errors-12jil6
news	https://www.thepicklehub.net/vi/news/4-bai-tap-pickleball-giup-loai-bo-95-loi-tu-danh-hong-12jil6
news	https://www.thepicklehub.net/news/ranking-the-top-10-womens-doubles-duos-in-major-league-pickleball-7ua15u
news	https://www.thepicklehub.net/vi/news/xep-hang-10-cap-doi-nu-xuat-sac-nhat-tai-major-league-pickleball-7ua15u
news	https://www.thepicklehub.net/news/the-defense-does-not-rest-for-anna-bright-and-anna-leigh-waters-19nqw6
news	https://www.thepicklehub.net/vi/news/kha-nang-phong-ngu-dinh-cao-cua-anna-bright-va-anna-leigh-waters-19nqw6
news	https://www.thepicklehub.net/news/master-the-zone-of-truth-in-pickleball-for-unstoppable-returns-zcyq1d
news	https://www.thepicklehub.net/vi/news/lam-chu-zone-of-truth-trong-pickleball-de-co-nhung-pha-tra-giao-bong-khong-the-c-zcyq1d
news	https://www.thepicklehub.net/news/pro-pickleball-drilling-routine-train-like-a-60-dupr-nvh6wl
news	https://www.thepicklehub.net/vi/news/giao-an-tap-luyen-pickleball-chuyen-nghiep-bi-quyet-dat-trinh-do-60-dupr-nvh6wl
news	https://www.thepicklehub.net/news/pickleball-topspin-is-way-easier-than-you-think-a-pros-guide-1984jz
news	https://www.thepicklehub.net/vi/news/bi-quyet-danh-topspin-trong-pickleball-cuc-de-tu-tay-vot-chuyen-nghiep-1984jz
news	https://www.thepicklehub.net/news/professional-pickleballs-global-expansion-continues-with-the-announcement-of-the-qnb2a4
news	https://www.thepicklehub.net/vi/news/pickleball-chuyen-nghiep-vuon-tam-the-gioi-voi-thong-bao-ve-app-asia-tour-qnb2a4
news	https://www.thepicklehub.net/news/joola-drops-limited-edition-ice-pop-inspired-pro-v-paddle-1wkf5g
news	https://www.thepicklehub.net/vi/news/joola-ra-mat-vot-pro-v-phien-ban-gioi-han-lay-cam-hung-tu-kem-que-ice-pop-1wkf5g
news	https://www.thepicklehub.net/news/joola-celebrating-summer-with-limited-edition-pro-v-paddles-ice-cream-truck-tour-iolki1
news	https://www.thepicklehub.net/vi/news/joola-don-he-ruc-ro-voi-dong-vot-pro-v-gioi-han-va-tour-xe-kem-xuyen-nuoc-my-iolki1
news	https://www.thepicklehub.net/news/warping-points-sophon-all-court-feel-durable-grit-for-just-150-16pf7c
news	https://www.thepicklehub.net/vi/news/vot-warping-point-sophon-cam-giac-bong-toan-san-va-do-ben-vuot-troi-voi-gia-chi--16pf7c
news	https://www.thepicklehub.net/news/fila-joins-ppa-tour-asia-as-official-local-platinum-partner-for-mb-ho-chi-minh-c-18ty9t
news	https://www.thepicklehub.net/vi/news/fila-tro-thanh-doi-tac-bach-kim-cua-ppa-tour-asia-tai-giai-mb-ho-chi-minh-city-o-18ty9t
news	https://www.thepicklehub.net/news/2026-carvana-ppa-tour-spring-season-produces-record-breaking-growth-across-all-k-r5ghsi
news	https://www.thepicklehub.net/vi/news/mua-giai-mua-xuan-2026-cua-carvana-ppa-tour-ghi-nhan-su-tang-truong-ky-luc-tren--r5ghsi
news	https://www.thepicklehub.net/news/how-to-choose-the-right-paddle-for-your-game-in-2026-ma68qy
news	https://www.thepicklehub.net/vi/news/bi-quyet-chon-vot-pickleball-phu-hop-nhat-cho-loi-choi-cua-ban-trong-nam-2026-ma68qy
news	https://www.thepicklehub.net/news/fourth-ball-pressure-the-shot-changing-pickleball-in-2026-1fd51p
news	https://www.thepicklehub.net/vi/news/fourth-ball-pressure-cu-danh-dinh-hinh-loi-choi-pickleball-chuyen-nghiep-nam-202-1fd51p
news	https://www.thepicklehub.net/news/the-pickleball-return-strategy-pros-use-to-control-every-rally-twc0wl
news	https://www.thepicklehub.net/vi/news/chien-thuat-tra-giao-bong-giup-cac-tay-vot-chuyen-nghiep-kiem-soat-moi-duong-cau-twc0wl
news	https://www.thepicklehub.net/news/the-fourth-shot-drop-shape-the-rally-win-more-points-na47jn
news	https://www.thepicklehub.net/vi/news/fourth-shot-drop-tuyet-chieu-kiem-soat-nhip-do-va-lam-chu-cuoc-choi-na47jn
news	https://www.thepicklehub.net/news/6-differences-between-pro-and-amateur-pickleball-players-19xh94
news	https://www.thepicklehub.net/vi/news/6-diem-khac-biet-cot-loi-giua-tay-vot-pickleball-chuyen-nghiep-va-nghiep-du-19xh94
news	https://www.thepicklehub.net/news/the-topspin-dink-a-complete-pickleball-guide-1l9bwb
news	https://www.thepicklehub.net/vi/news/tuyet-chieu-topspin-dink-cam-nang-toan-dien-cho-nguoi-choi-pickleball-1l9bwb
news	https://www.thepicklehub.net/news/7-essential-pro-tips-to-navigate-the-pickleball-transition-zone-1bw6cw
news	https://www.thepicklehub.net/vi/news/7-bi-quyet-tu-chuyen-gia-giup-ban-lam-chu-khu-vuc-chuyen-tiep-trong-pickleball-1bw6cw
news	https://www.thepicklehub.net/news/stats-wrap-stats-and-facts-from-the-2025-2026-season-j5c66y
news	https://www.thepicklehub.net/vi/news/nhin-lai-nhung-con-so-an-tuong-cua-mua-giai-ppa-tour-2025-2026-j5c66y
news	https://www.thepicklehub.net/news/major-league-pickleball-dallas-pools-schedule-and-viewing-guide-13mew7
news	https://www.thepicklehub.net/vi/news/major-league-pickleball-dallas-bang-dau-lich-thi-dau-va-huong-dan-theo-doi-13mew7
news	https://www.thepicklehub.net/news/why-you-pop-up-dinks-in-pickleball-3-simple-fixes-m2ez4c
news	https://www.thepicklehub.net/vi/news/tai-sao-ban-hay-danh-dink-bong-trong-pickleball-va-3-cach-khac-phuc-don-gian-m2ez4c
news	https://www.thepicklehub.net/news/how-to-stay-mentally-focused-during-a-pickleball-match-5-in-game-techniques-b9vnlm
news	https://www.thepicklehub.net/vi/news/5-ky-thuat-giu-vung-tam-ly-thi-dau-pickleball-hieu-qua-b9vnlm
news	https://www.thepicklehub.net/news/how-to-hit-a-crosscourt-dink-in-pickleball-technique-tips-from-the-pros-1k0p5q
news	https://www.thepicklehub.net/vi/news/bi-quyet-thuc-hien-cu-dink-cheo-san-trong-pickleball-tu-cac-tay-vot-chuyen-nghie-1k0p5q
news	https://www.thepicklehub.net/news/mari-humbergs-complete-guide-to-the-backhand-flick-70ccbz
news	https://www.thepicklehub.net/vi/news/huong-dan-chi-tiet-ky-thuat-backhand-flick-tu-tay-vot-chuyen-nghiep-mari-humberg-70ccbz
news	https://www.thepicklehub.net/news/how-to-hit-pickleball-resets-under-pressure-in-tough-positions-xskjcw
news	https://www.thepicklehub.net/vi/news/bi-quyet-thuc-hien-cu-reset-trong-pickleball-khi-chiu-ap-luc-lon-xskjcw
news	https://www.thepicklehub.net/news/major-league-pickleball-2026-preseason-power-rankings-new-jersey-st-louis-are-th-o7is3u
news	https://www.thepicklehub.net/vi/news/xep-hang-suc-manh-mlp-2026-new-jersey-va-st-louis-la-nhung-ung-vien-vo-dich-sang-o7is3u
news	https://www.thepicklehub.net/news/the-harsh-truth-about-40-open-play-1o8aak
news	https://www.thepicklehub.net/vi/news/su-that-phu-phang-dang-sau-cac-tran-dau-open-play-trinh-do-40-1o8aak
news	https://www.thepicklehub.net/news/mlp-dallas-event-preview-first-stop-for-2026-major-league-pickleball-18b1ef
news	https://www.thepicklehub.net/vi/news/tieu-diem-mlp-dallas-chang-mo-man-mua-giai-2026-cua-major-league-pickleball-18b1ef
news	https://www.thepicklehub.net/news/the-secret-to-winning-more-firefights-off-ball-positioning-nns58h
news	https://www.thepicklehub.net/vi/news/bi-quyet-chien-thang-trong-cac-pha-doi-cong-nhanh-ky-thuat-di-chuyen-khong-bong-nns58h
news	https://www.thepicklehub.net/news/watch-anna-brights-go-to-three-person-pickleball-drills-af8rwb
news	https://www.thepicklehub.net/vi/news/video-cac-bai-tap-pickleball-3-nguoi-hieu-qua-cua-anna-bright-af8rwb
news	https://www.thepicklehub.net/news/how-to-poach-effectively-in-pickleball-when-why-and-how-to-execute-1pvbtc
news	https://www.thepicklehub.net/vi/news/bi-quyet-thuc-hien-cu-poach-hieu-qua-trong-pickleball-khi-nao-tai-sao-va-cach-th-1pvbtc
news	https://www.thepicklehub.net/news/how-to-reset-in-pickleball-when-you-are-under-attack-at-the-kitchen-1gy56a
news	https://www.thepicklehub.net/vi/news/bi-quyet-thuc-hien-cu-reset-khi-bi-doi-thu-don-ep-tai-khu-vuc-kitchen-1gy56a
news	https://www.thepicklehub.net/news/how-to-serve-in-pickleball-a-beginners-step-by-step-guide-gdu0jf
news	https://www.thepicklehub.net/vi/news/huong-dan-chi-tiet-cach-giao-bong-pickleball-cho-nguoi-moi-bat-dau-gdu0jf
news	https://www.thepicklehub.net/news/titles-shared-in-kuala-lumpur-as-truong-leads-the-race-to-complete-the-dragon-2wnmal
news	https://www.thepicklehub.net/vi/news/chia-se-danh-hieu-tai-kuala-lumpur-truong-dan-dau-cuoc-dua-chinh-phuc-dragon-2wnmal
news	https://www.thepicklehub.net/news/wang-eyes-triple-crown-as-all-top-seeds-march-into-championship-sunday-finals-1ynbt3
news	https://www.thepicklehub.net/vi/news/chao-yi-wang-huong-toi-triple-crown-tai-chung-ket-panas-kuala-lumpur-open-2026-1ynbt3
news	https://www.thepicklehub.net/news/pickleball-doubles-communication-the-calls-every-team-needs-to-win-ss6bmt
news	https://www.thepicklehub.net/vi/news/giao-tiep-trong-danh-doi-pickleball-nhung-khau-lenh-then-chot-de-gianh-chien-tha-ss6bmt
news	https://www.thepicklehub.net/news/5-pickleball-drills-reshaping-your-strategy-in-2026-12coxz
news	https://www.thepicklehub.net/vi/news/5-bai-tap-pickleball-giup-nang-tam-chien-thuat-cua-ban-trong-nam-2026-12coxz
news	https://www.thepicklehub.net/news/fix-these-pickleball-serve-mistakes-now-uao5yo
news	https://www.thepicklehub.net/vi/news/khac-phuc-ngay-nhung-loi-giao-bong-pickleball-pho-bien-uao5yo
news	https://www.thepicklehub.net/news/master-the-drip-shot-in-pickleball-a-complete-guide-1u0kl9
news	https://www.thepicklehub.net/vi/news/bi-quyet-lam-chu-cu-danh-drip-shot-trong-pickleball-huong-dan-toan-tap-1u0kl9
news	https://www.thepicklehub.net/news/kwon-stuns-three-time-champion-long-in-quarterfinal-upset-wr3i4k
news	https://www.thepicklehub.net/vi/news/cu-soc-tai-tu-ket-mihae-kwon-danh-bai-nha-vo-dich-3-lan-long-wr3i4k
news	https://www.thepicklehub.net/news/why-diamond-tough-technology-changes-the-game-879zin
news	https://www.thepicklehub.net/vi/news/cong-nghe-diamond-tough-buoc-ngoat-thay-doi-cuoc-choi-pickleball-879zin
news	https://www.thepicklehub.net/news/three-seeds-down-men8217s-singles-draw-blown-open-trrvnb
news	https://www.thepicklehub.net/vi/news/cu-soc-tai-panas-kuala-lumpur-open-2026-ba-hat-giong-hang-dau-noi-dung-don-nam-b-trrvnb
news	https://www.thepicklehub.net/news/who-could-challenge-the-top-seeds-next-ppa-tour-season-1yjaw0
news	https://www.thepicklehub.net/vi/news/nhung-cap-doi-nao-du-suc-lat-do-cac-hat-giong-hang-dau-tai-mua-giai-ppa-tour-toi-1yjaw0
news	https://www.thepicklehub.net/news/how-11six24-went-from-an-under-the-radar-brand-to-major-player-in-the-paddle-mar-16dw4i
news	https://www.thepicklehub.net/vi/news/11six24-tu-thuong-hieu-vo-danh-den-the-luc-moi-tren-thi-truong-vot-pickleball-16dw4i
news	https://www.thepicklehub.net/news/championship-sunday-standout-stats-from-the-toys-8220r8221-us-ppa-finals-mhlth8
news	https://www.thepicklehub.net/vi/news/nhung-con-so-an-tuong-tai-ngay-chung-ket-giai-toys-r-us-ppa-finals-mhlth8
news	https://www.thepicklehub.net/news/old-guard-on-top-as-kuala-lumpur-opens-with-upsets-and-home-soil-drama-185u0w
news	https://www.thepicklehub.net/vi/news/kuala-lumpur-open-cac-lao-tuong-ap-dao-trong-ngay-mo-man-day-kich-tinh-185u0w
news	https://www.thepicklehub.net/news/selkirk-sport-announces-acquisition-of-bread-butter-pickleball-company-pmgm6t
news	https://www.thepicklehub.net/vi/news/selkirk-sport-chinh-thuc-thau-tom-thuong-hieu-vot-bread-butter-pickleball-pmgm6t
news	https://www.thepicklehub.net/news/2026-ppa-tour-finals-recap-ben-johns-anna-leigh-waters-complete-near-perfect-spr-1pspmg
news	https://www.thepicklehub.net/vi/news/tong-ket-ppa-tour-finals-2026-ben-johns-va-anna-leigh-waters-khep-lai-mua-xuan-h-1pspmg
news	https://www.thepicklehub.net/news/set-your-alarms-it8217s-tama-time-in-asia-1ydjeh
news	https://www.thepicklehub.net/vi/news/dung-bo-lo-hien-tuong-tama-shimabukuro-do-bo-giai-dau-tai-chau-a-1ydjeh
news	https://www.thepicklehub.net/news/tama-shimabukuro-pickleballs-newest-superstar-discusses-atlanta-run-that-changed-1wn32o
news	https://www.thepicklehub.net/vi/news/tama-shimabukuro-ngoi-sao-moi-cua-lang-pickleball-chia-se-ve-buoc-ngoat-tai-giai-1wn32o
news	https://www.thepicklehub.net/news/2026-ppa-tour-finals-format-pools-and-schedule-13tem4
news	https://www.thepicklehub.net/vi/news/ppa-tour-finals-2026-the-thuc-bang-dau-va-lich-thi-dau-chi-tiet-13tem4
news	https://www.thepicklehub.net/news/toys-r-us-ppa-finals-presented-by-joola-storylines-may-6-10-2026-1mjt74
news	https://www.thepicklehub.net/vi/news/nhung-tam-diem-dang-chu-y-tai-giai-chung-ket-ppa-tour-do-toys-r-us-va-joola-dong-1mjt74
news	https://www.thepicklehub.net/news/brackets-set-the-stage-triple-crown-bid-rematches-and-home-soil-drama-17hmrx
news	https://www.thepicklehub.net/vi/news/ket-qua-boc-tham-panas-kuala-lumpur-open-2026-san-triple-crown-va-nhung-man-tai--17hmrx
news	https://www.thepicklehub.net/news/partners-the-first-reality-docuseries-inside-professional-pickleball-is-here-wbmsn9
news	https://www.thepicklehub.net/vi/news/partners-loat-phim-tai-lieu-thuc-te-dau-tien-ve-the-gioi-pickleball-chuyen-nghie-wbmsn9
news	https://www.thepicklehub.net/news/i-watched-every-episode-of-the-new-pro-pickleball-docuseries-partners-heres-what-8kzrip
news	https://www.thepicklehub.net/vi/news/toi-da-xem-tron-bo-phim-tai-lieu-partners-ve-pickleball-chuyen-nghiep-va-day-la--8kzrip
news	https://www.thepicklehub.net/news/draw-reveal-toys-r-us-ppa-finals-h18vaa
news	https://www.thepicklehub.net/vi/news/cong-bo-ket-qua-boc-tham-giai-toys-r-us-ppa-finals-h18vaa
news	https://www.thepicklehub.net/news/championship-sunday-standout-stats-from-the-veolia-atlanta-pickleball-championsh-1fznxf
news	https://www.thepicklehub.net/vi/news/nhung-thong-ke-an-tuong-tai-chung-ket-giai-veolia-atlanta-pickleball-championshi-1fznxf
news	https://www.thepicklehub.net/news/this-epic-house-with-pickleball-court-in-lakeland-florida-could-be-yours-for-269-1d9nga
news	https://www.thepicklehub.net/vi/news/so-huu-can-biet-thu-trieu-do-tai-florida-voi-san-pickleball-rieng-dang-cap-1d9nga
news	https://www.thepicklehub.net/news/draw-reveal-ppa-500-in-san-clemente-14lgfh
news	https://www.thepicklehub.net/vi/news/cong-bo-nhanh-dau-giai-ppa-500-tai-san-clemente-14lgfh
news	https://www.thepicklehub.net/news/how-to-help-families-of-plane-crash-victims-who-were-heading-to-pickleball-tourn-1sd4m0
news	https://www.thepicklehub.net/vi/news/chung-tay-ho-tro-gia-dinh-cac-nan-nhan-vu-tai-nan-may-bay-khi-di-thi-dau-pickleb-1sd4m0
news	https://www.thepicklehub.net/news/2026-atlanta-pickleball-championships-tama-shimabukuro-steals-the-spotlight-but--1elvd0
news	https://www.thepicklehub.net/vi/news/giai-atlanta-pickleball-championships-2026-tama-shimabukuro-toa-sang-cac-hat-gio-1elvd0
news	https://www.thepicklehub.net/news/apollo-sports-capital-leads-225m-investment-in-parent-company-of-ppa-tour-major--15ilm5
news	https://www.thepicklehub.net/vi/news/apollo-sports-capital-rot-225-trieu-usd-vao-don-vi-chu-quan-cua-ppa-tour-va-mlp-15ilm5
news	https://www.thepicklehub.net/news/apollo-sports-capital-leads-landmark-225-million-investment-in-pickleball-inc-82-1wrlh7
news	https://www.thepicklehub.net/vi/news/apollo-sports-capital-rot-225-trieu-usd-vao-pickleball-inc-thau-tom-ppa-tour-va--1wrlh7
news	https://www.thepicklehub.net/news/how-podplay-is-helping-pickleball-facilities-grow-their-business-12s8yy
news	https://www.thepicklehub.net/vi/news/podplay-giai-phap-cong-nghe-toi-uu-giup-cac-san-pickleball-bung-no-doanh-thu-12s8yy
news	https://www.thepicklehub.net/news/ranking-the-top-10-pickleball-events-to-attend-9bw6k3
news	https://www.thepicklehub.net/vi/news/top-10-su-kien-pickleball-dang-cap-nhat-dinh-phai-trai-nghiem-mot-lan-9bw6k3
news	https://www.thepicklehub.net/news/ppa-tour-2026-atlanta-pickleball-championships-draws-schedule-and-storylines-1rafrb
news	https://www.thepicklehub.net/vi/news/ppa-tour-2026-tai-atlanta-lich-thi-dau-nhanh-dau-va-nhung-tam-diem-dang-chu-y-1rafrb
news	https://www.thepicklehub.net/news/upa-a-releases-new-rulebook-that-will-govern-ppa-tour-major-league-pickleball-ma-yzwit0
news	https://www.thepicklehub.net/vi/news/upa-a-ban-hanh-bo-luat-thi-dau-moi-ap-dung-cho-ppa-tour-va-major-league-pickleba-yzwit0
news	https://www.thepicklehub.net/news/qa-with-rising-young-pickleball-pro-cailyn-campbell-k9t66t
news	https://www.thepicklehub.net/vi/news/tro-chuyen-cung-hien-tuong-tre-cailyn-campbell-cua-lang-pickleball-chuyen-nghiep-k9t66t
news	https://www.thepicklehub.net/news/veolia-atlanta-pickleball-championships-storylines-april-27-may-3-2026-5rl7ja
news	https://www.thepicklehub.net/vi/news/nhung-tam-diem-dang-chu-y-tai-giai-veolia-atlanta-pickleball-championships-2026-5rl7ja
news	https://www.thepicklehub.net/news/seeds-locked-heat-loaded-lineup-in-for-kuala-lumpur-1ydohu
news	https://www.thepicklehub.net/vi/news/chot-danh-sach-hat-giong-giai-panas-kuala-lumpur-open-2026-san-sang-bung-no-1ydohu
news	https://www.thepicklehub.net/news/proton-paddles-okd-for-use-in-ppa-tour-major-league-pickleball-events-officials--z3z0o8
news	https://www.thepicklehub.net/vi/news/vot-proton-chinh-thuc-duoc-phep-su-dung-tai-cac-giai-dau-ppa-tour-va-mlp-z3z0o8
news	https://www.thepicklehub.net/news/122-shot-rally-in-sacramento-vc3iqh
news	https://www.thepicklehub.net/vi/news/pha-bong-ben-ky-luc-122-lan-cham-vot-tai-giai-sacramento-open-vc3iqh
news	https://www.thepicklehub.net/news/anna-bright-reveals-which-pro-players-have-impressed-her-the-most-in-2026-1rk454
news	https://www.thepicklehub.net/vi/news/anna-bright-tiet-lo-nhung-tay-vot-chuyen-nghiep-gay-an-tuong-nhat-trong-nam-2026-1rk454
news	https://www.thepicklehub.net/news/championship-sunday-standout-stats-from-the-fasenra-sacramento-open-kw5g3y
news	https://www.thepicklehub.net/vi/news/nhung-thong-ke-an-tuong-tai-ngay-chung-ket-giai-fasenra-sacramento-open-kw5g3y
news	https://www.thepicklehub.net/vi/news/5-chien-thuat-dinh-cao-de-khac-che-loi-choi-tan-cong-manh-trong-pickleball-19d7vu
news	https://www.thepicklehub.net/vi/news/5-meo-choi-pickleball-giup-khac-phuc-95-loi-thuong-gap-1gh1xd
news	https://www.thepicklehub.net/vi/news/5-sai-lam-pho-bien-khien-cu-drop-shot-cua-ban-mat-di-do-chuan-xac-ugaqa4
news	https://www.thepicklehub.net/vi/news/bi-quyet-lam-chu-cu-danh-3rd-shot-drop-trong-pickleball-bxklub
news	https://www.thepicklehub.net/vi/news/5-bi-quyet-nang-trinh-pickleball-tu-35-len-40-1ye8rn
news	https://www.thepicklehub.net/vi/news/ppa-chinh-thuc-cam-su-dung-vot-proton-trong-cac-giai-dau-chuyen-nghiep-dnmmjo
news	https://www.thepicklehub.net/vi/news/bi-quyet-lam-chu-cu-danh-forehand-speedup-trong-pickleball-jbndzt
news	https://www.thepicklehub.net/vi/news/bi-quyet-nang-cao-ky-thuat-reset-trong-pickleball-de-kiem-soat-the-tran-japzda
news	https://www.thepicklehub.net/vi/news/cach-chon-kich-thuoc-can-vot-pickleball-chuan-de-toi-uu-hieu-suat-thi-dau-ad8ngh
news	https://www.thepicklehub.net/vi/news/huong-dan-chon-hinh-dang-vot-pickleball-widebody-hybrid-va-elongated-1xesfd
news	https://www.thepicklehub.net/vi/news/5-bai-hoc-dat-gia-tu-cac-tay-vot-chuyen-nghiep-danh-cho-nguoi-choi-pickleball-ng-fwe4x8
news	https://www.thepicklehub.net/vi/news/diem-tin-chuyen-nhuong-hau-ky-draft-major-league-pickleball-2026-17ossa
news	https://www.thepicklehub.net/vi/news/texas-open-2026-giai-dau-pickleball-day-gio-va-kich-tinh-nhat-lich-su-1iqyed
news	https://www.thepicklehub.net/vi/news/co-hoi-moi-cho-nguoi-choi-pickleball-khoi-dong-chuong-trinh-dupr-reset-1025gz
news	https://www.thepicklehub.net/vi/news/ma-tran-quyet-dinh-khi-nao-nen-tan-cong-khi-nao-nen-bo-nho-trong-pickleball-1eu9gj
news	https://www.thepicklehub.net/vi/news/federico-staksrud-nguoc-dong-ngoan-muc-gianh-danh-hieu-thu-hai-trong-nam-2026-18bzi7
news	https://www.thepicklehub.net/vi/news/kobo-thunder-infinity-cay-vot-pickleball-ky-la-nhat-vua-duoc-usa-pickleball-cap--1thhk1
news	https://www.thepicklehub.net/vi/news/mlp-va-the-dink-ra-mat-he-thong-giai-dau-khu-vuc-cho-nguoi-choi-nghiep-du-1nf1aq
news	https://www.thepicklehub.net/vi/news/pickleball-bung-no-voi-243-trieu-nguoi-choi-tai-my-trong-nam-2025-18tdnf
news	https://www.thepicklehub.net/vi/news/5-buoc-de-thuc-hien-cu-danh-tang-toc-speed-up-bat-ngo-trong-pickleball-uybwxn
news	https://www.thepicklehub.net/vi/news/7-chien-thuat-thong-minh-giup-ban-thoat-khoi-loi-choi-pickleball-bi-dong-iichqi
news	https://www.thepicklehub.net/vi/news/anna-leigh-waters-lan-dau-thi-dau-quoc-te-tai-giai-mb-hanoi-cup-1txswu
news	https://www.thepicklehub.net/vi/news/bi-quyet-nang-tam-ky-nang-phat-bong-pickleball-tu-co-ban-den-chuyen-nghiep-1fuo53
news	https://www.thepicklehub.net/vi/news/3-cu-danh-phai-biet-de-nang-tam-trinh-do-cho-nguoi-choi-pickleball-phong-trao-1vk93e
news	https://www.thepicklehub.net/vi/news/5-sai-lam-chien-thuat-pho-bien-khien-ban-mat-diem-trong-pickleball-lg1far
news	https://www.thepicklehub.net/vi/news/bi-quyet-thuc-hien-cu-atp-trong-pickleball-chuan-xac-nhu-chuyen-gia-12xgoh
news	https://www.thepicklehub.net/vi/news/5-bi-quyet-chon-vot-pickleball-chuan-chuyen-gia-cho-nguoi-moi-bat-dau-rpeks0
news	https://www.thepicklehub.net/vi/news/nhung-dien-bien-dang-chu-y-tai-ngay-khai-man-ppa-texas-open-eo1pem
news	https://www.thepicklehub.net/vi/news/james-ignatowich-chuyen-den-trung-quoc-de-quan-ly-san-xuat-v-32e63768
news	https://www.thepicklehub.net/vi/news/3-ky-thuat-dut-diem-putaway-hieu-qua-nhat-trong-pickleball-vcuyt3
news	https://www.thepicklehub.net/vi/news/anna-bright-xac-lap-ky-luc-cau-thu-pickleball-dat-gia-nhat-lich-su-1risxp
news	https://www.thepicklehub.net/vi/news/mlp-giai-pickleball-dong-doi-my-cong-bo-lich-thi-dau-chinh-thuc-cho-mua-giai-202-xrhtzp
news	https://www.thepicklehub.net/vi/news/4-thoi-quen-nghiep-du-khien-ban-mai-khong-the-nang-trinh-trong-pickleball-3es123
news	https://www.thepicklehub.net/vi/news/bi-quyet-tao-luc-danh-pickleball-uy-luc-nho-xoay-nguoi-dung-cach-gjeitc
news	https://www.thepicklehub.net/vi/news/bi-quyet-phong-thu-bang-hai-tay-chuan-chuyen-gia-trong-pickleball-1yr51i
news	https://www.thepicklehub.net/vi/news/major-league-pickleball-chot-the-thuc-20-doi-khai-tu-challenger-level-tu-nam-202-ut12b8
news	https://www.thepicklehub.net/vi/news/co-hoi-so-huu-vot-pickleball-tesla-phien-ban-gioi-han-tu-selkirk-1wogra
news	https://www.thepicklehub.net/vi/news/ppa-tour-nhan-dinh-va-du-doan-truoc-them-giai-ppa-cape-coral-open-doi8wl
news	https://www.thepicklehub.net/vi/news/anna-leigh-waters-danh-bai-pat-mcafee-tren-song-truyen-hinh-truc-tiep-espn-rymjvj
news	https://www.thepicklehub.net/vi/news/new-york-ra-mat-chuong-trinh-pickleball-thanh-thieu-nien-dau-tien-duoc-mlp-bao-t-1rzh8k
news	https://www.thepicklehub.net/vi/news/vot-thi-dau-chuyen-nghiep-cua-anna-leigh-waters-chinh-thuc-duoc-franklin-ra-mat-1wf8dp
news	https://www.thepicklehub.net/vi/news/nhan-dinh-giai-app-kuala-lumpur-cuoc-dua-tranh-ngoi-vuong-tai-malaysia-l4kgon
news	https://www.thepicklehub.net/vi/news/ket-qua-giai-thuong-120life-dink-awards-2025-vinh-danh-cac-tay-vot-xuat-sac-nhat-1dp7mi
news	https://www.thepicklehub.net/vi/news/bai-viet-thu-nghiem-19gr5g
news	https://www.thepicklehub.net/vi/news/loi-he-thong-quan-ly-phien-lam-viec-tren-openclaw-1au4fo
news	https://www.thepicklehub.net/vi/news/2-chien-thuat-lob-tan-cong-hieu-qua-cho-nguoi-choi-pickleball-lon-tuoi-mqr953
news	https://www.thepicklehub.net/vi/news/cong-bo-the-thuc-va-lich-thi-dau-tai-giai-edward-jones-mlp-cup-n0ycxv
news	https://www.thepicklehub.net/vi/news/ket-qua-edward-jones-mlp-cup-tong-hop-dien-bien-va-cac-nha-vo-dich-qsljea
news	https://www.thepicklehub.net/vi/news/mlp-hop-tac-cung-owl-ai-dua-cong-nghe-bat-bien-tu-dong-vao-mua-giai-2026-ba1jq
news	https://www.thepicklehub.net/vi/news/brooklyn-pickleball-team-chao-don-tara-va-hunter-fieri-gia-nhap-nhom-chu-so-huu-c94lq0
news	https://www.thepicklehub.net/vi/news/mlp-cong-bo-lich-thi-dau-mua-2026-trai-dai-tu-thang-5-den-thang-8-11dyws
news	https://www.thepicklehub.net/vi/news/nhin-lai-5-nam-hinh-thanh-va-phat-trien-cua-major-league-pickleball-20212025-1flru2
news	https://www.thepicklehub.net/vi/news/mlp-2026-nhung-thay-doi-quan-trong-tai-hang-premier-ve-draft-doi-hinh-va-luat-th-1b4ifu
news	https://www.thepicklehub.net/vi/news/cap-nhat-chuyen-nhuong-mlp-2026-cac-thuong-vu-dang-chu-y-va-lo-trinh-chot-doi-hi-x14r6s
news	https://www.thepicklehub.net/vi/news/upa-a-lam-ro-quy-trinh-kiem-dinh-vot-so-voi-tieu-chuan-cua-usa-pickleball-u9f622
news	https://www.thepicklehub.net/vi/news/pickleball-chuyen-nghiep-2026-loi-choi-hon-loan-hay-ky-luat-se-thong-tri-9ajnqq
news	https://www.thepicklehub.net/vi/news/nhat-ky-will-howells-goc-nhin-hau-truong-day-thu-vi-ve-mua-giai-pickleball-chuye-16aohu
news	https://www.thepicklehub.net/vi/news/huong-dan-mua-ve-va-dang-ky-tham-du-ppa-tour-2025-cung-major-league-pickleball-1jmtc9
news	https://www.thepicklehub.net/vi/news/bi-quyet-danh-topspin-drive-tu-ben-johns-4-diem-mau-chot-de-bong-nang-va-on-dinh-g7qmsv
news	https://www.thepicklehub.net/vi/news/nhung-diem-nhan-dang-chu-y-tai-giai-vo-dich-quoc-gia-pickleball-trong-nha-1cu4xs
news	https://www.thepicklehub.net/vi/news/nike-bat-tay-anna-leigh-waters-khi-pickleball-dinh-hinh-xu-huong-thoi-trang-the--hrqt2i
tournaments	https://www.thepicklehub.net/tournament/doordash-mlp-finals-new-york-city
tournaments	https://www.thepicklehub.net/tournament/mlp-playoffs-newport-beach-2026
tournaments	https://www.thepicklehub.net/tournament/mlp-playoffs-dallas-2026
tournaments	https://www.thepicklehub.net/tournament/amway-mlp-orlando
tournaments	https://www.thepicklehub.net/tournament/mlp-san-diego
tournaments	https://www.thepicklehub.net/tournament/edward-jones-mlp-mid-season-tournament
tournaments	https://www.thepicklehub.net/tournament/ppatour-atlanta-championship-2026
tournaments	https://www.thepicklehub.net/tournament/ppatour-greater-zion-cup-2026
tournaments	https://www.thepicklehub.net/tournament/d-joy-tour-2026-leg-2
tournaments	https://www.thepicklehub.net/tournament/ppatour-texas-open-2026
tournaments	https://www.thepicklehub.net/tournament/ppatour-mesa-cup-2026
tournaments	https://www.thepicklehub.net/tournament/ppatour-cape-coral-2026
tournaments	https://www.thepicklehub.net/tournament/world-pickleball-league-india-2026
tournaments	https://www.thepicklehub.net/tournament/ppatour-indoor-national-championships
tournaments	https://www.thepicklehub.net/tournament/ppatour-the-master-2026
matches	https://www.thepicklehub.net/tran-dau/mlp-mlp-1f9fd1ac-03d6-4457-a92e-28be23a75744
matches	https://www.thepicklehub.net/tran-dau/mlp-mlp-7f06c1fc-1a1b-48e2-9ad2-194012cecda2
matches	https://www.thepicklehub.net/tran-dau/mlp-mlp-15deda2f-a755-457e-823a-47358afe0d25
matches	https://www.thepicklehub.net/tran-dau/mlp-mlp-c24c6045-d7d3-4141-9465-239919e61484
matches	https://www.thepicklehub.net/tran-dau/mlp-mlp-70d61618-7d06-4853-91fd-e4a7308859c9
matches	https://www.thepicklehub.net/tran-dau/mlp-mlp-e8b1c97f-680c-4c0f-a7f9-2a70e3bdb4d7
matches	https://www.thepicklehub.net/tran-dau/mlp-mlp-e7d87888-90da-4f45-a147-65feba698029
matches	https://www.thepicklehub.net/tran-dau/mlp-mlp-a7d2efe6-bfa8-465e-b5ae-dec1061c79fd
matches	https://www.thepicklehub.net/tran-dau/mlp-mlp-cafea10e-26d4-492d-83ff-81a7f78c78cd
matches	https://www.thepicklehub.net/tran-dau/mlp-mlp-1ca91f9f-9528-4c29-be33-e743d781b942
matches	https://www.thepicklehub.net/tran-dau/mlp-mlp-11038a80-4f42-4385-97ca-35d70f9cbf23
matches	https://www.thepicklehub.net/tran-dau/mlp-mlp-176e9502-0ce7-43ab-be59-6a8e61ae55a7
matches	https://www.thepicklehub.net/tran-dau/mlp-mlp-3a089d22-b581-44b0-962a-e73bab2a8430
matches	https://www.thepicklehub.net/tran-dau/mlp-mlp-11a06492-b34a-4573-988f-dfb4ac42b6ce
matches	https://www.thepicklehub.net/tran-dau/mlp-mlp-70bc87f9-e42d-4e39-9fe4-c94477e3fa72
matches	https://www.thepicklehub.net/tran-dau/mlp-mlp-2e7edf36-f96d-4c27-8a67-98eb09900269
matches	https://www.thepicklehub.net/tran-dau/mlp-mlp-539195b6-9cb3-478e-87e0-de9355d0bad6
matches	https://www.thepicklehub.net/tran-dau/mlp-mlp-1ca791e6-b124-4e2d-8cc9-d28fb336195d
matches	https://www.thepicklehub.net/tran-dau/mlp-mlp-75506cf7-1e80-47fb-a68d-2c434178f601
matches	https://www.thepicklehub.net/tran-dau/mlp-mlp-fcd95bdb-7131-4814-9783-c515ddf6ecf4
matches	https://www.thepicklehub.net/tran-dau/mlp-mlp-1c53dea3-1f7a-4741-be32-8e6b63157121
matches	https://www.thepicklehub.net/tran-dau/mlp-mlp-e752bdcf-dd88-4fce-b8c8-35db7ece1e4a
matches	https://www.thepicklehub.net/tran-dau/mlp-mlp-e3a185ca-bbd9-43d2-be16-dc3395db2d71
matches	https://www.thepicklehub.net/tran-dau/mlp-mlp-2d42bc47-581f-4640-ab53-c87f03224e7c
matches	https://www.thepicklehub.net/tran-dau/mlp-mlp-06d1ccc6-709a-49ae-a7c0-82defd5aa1ea
matches	https://www.thepicklehub.net/tran-dau/mlp-mlp-54137cd6-bb08-4fd2-8ba5-60de4719514d
matches	https://www.thepicklehub.net/tran-dau/mlp-mlp-23b59d80-42f9-4bd0-8217-4160184f526a
matches	https://www.thepicklehub.net/tran-dau/mlp-mlp-1879740a-6eab-4872-9b5f-e0cd7d76ecbc
matches	https://www.thepicklehub.net/tran-dau/mlp-mlp-c45a0888-f3f1-48a3-a2c2-45f9fe7bc22c
matches	https://www.thepicklehub.net/tran-dau/mlp-mlp-8c8762d6-c776-45e3-a2a4-67c6040b333d
matches	https://www.thepicklehub.net/tran-dau/mlp-mlp-7c8ba479-2f28-4fd9-a969-5755dd3762e6
matches	https://www.thepicklehub.net/tran-dau/mlp-mlp-fd9572f2-5ad1-4a63-b837-75cec936648e
matches	https://www.thepicklehub.net/tran-dau/mlp-mlp-7cbe8fb2-bb98-4d3f-9f7b-58d59e9f538e
matches	https://www.thepicklehub.net/tran-dau/mlp-mlp-a60ceb0f-8636-4f69-8208-afc5793d0a68
matches	https://www.thepicklehub.net/tran-dau/mlp-mlp-20059cc7-cd05-4ef1-89bf-89e947193716
matches	https://www.thepicklehub.net/tran-dau/mlp-mlp-7bac32b4-6142-440e-aae8-9a695ee2561b
matches	https://www.thepicklehub.net/tran-dau/mlp-mlp-c95ddd4b-0dbf-4dde-a2c8-6f1cb957e0b6
matches	https://www.thepicklehub.net/tran-dau/mlp-mlp-f784e00c-553a-4c3e-bd80-9947f1dcae08
matches	https://www.thepicklehub.net/tran-dau/mlp-mlp-3cbc2da8-a8b7-44dd-87b5-0c884c207f12
matches	https://www.thepicklehub.net/tran-dau/mlp-mlp-13333e64-9883-4ff2-a39a-55e14123aa3b
matches	https://www.thepicklehub.net/tran-dau/mlp-mlp-1724623a-856d-4fc5-ad6a-08d9e01c430c
matches	https://www.thepicklehub.net/tran-dau/mlp-mlp-ed72c184-601b-4d41-8f35-6a7a91a23144
matches	https://www.thepicklehub.net/tran-dau/mlp-mlp-12e2d960-1db0-456b-990f-ccdc2a054e78
matches	https://www.thepicklehub.net/tran-dau/mlp-mlp-cc652a66-e2c0-4578-b594-cc130e4a3bb2
matches	https://www.thepicklehub.net/tran-dau/mlp-mlp-daa4053f-e1df-45e4-ad3f-0dfe1fdf6b95
matches	https://www.thepicklehub.net/tran-dau/mlp-mlp-e9c49d31-755d-42f0-afac-6c9dafd2a648
matches	https://www.thepicklehub.net/tran-dau/mlp-mlp-bad31195-9db3-4e3f-af22-e5ef5f920c8e
matches	https://www.thepicklehub.net/tran-dau/mlp-mlp-23805352-8a47-4ae9-83e2-75100da205cc
matches	https://www.thepicklehub.net/tran-dau/mlp-mlp-a42b688a-d59c-48b2-abce-d6de8962539a
matches	https://www.thepicklehub.net/tran-dau/mlp-mlp-1b4bc2a8-dede-407f-88ef-a3821b87bf06
matches	https://www.thepicklehub.net/tran-dau/mlp-mlp-8886a971-c95b-4280-ac43-c27f0f6c9c08
matches	https://www.thepicklehub.net/tran-dau/mlp-mlp-aaa9bb40-5cb9-45c1-84ce-6a8c5c8d3a2a
matches	https://www.thepicklehub.net/tran-dau/mlp-mlp-f6247f54-df2c-421f-89fe-6813f9893883-vs-fe9c66f9-c52c-4153-89bc-207d3bb5d934
matches	https://www.thepicklehub.net/tran-dau/mlp-mlp-db0e1408-288d-4046-b6e0-9b6b279ea8cb-vs-bb45f80b-4be3-4b57-9537-9fb899819a9a
matches	https://www.thepicklehub.net/tran-dau/mlp-mlp-f6247f54-df2c-421f-89fe-6813f9893883-vs-1a39f443-f5f4-41a8-9dea-3edc28dd262b
matches	https://www.thepicklehub.net/tran-dau/mlp-mlp-bb45f80b-4be3-4b57-9537-9fb899819a9a-vs-f6247f54-df2c-421f-89fe-6813f9893883
matches	https://www.thepicklehub.net/tran-dau/mlp-mlp-a0ed0856-558a-42ee-929a-ba8e8f972bb3-vs-01835b00-5626-4d6e-ad40-9357b072eb73
matches	https://www.thepicklehub.net/tran-dau/mlp-mlp-71e58382-1a3a-40b2-bcbb-0a391e67c519-vs-43437cb4-02e1-4653-9bf6-c999a5d6315e
matches	https://www.thepicklehub.net/tran-dau/mlp-mlp-bb45f80b-4be3-4b57-9537-9fb899819a9a-vs-fe9c66f9-c52c-4153-89bc-207d3bb5d934
matches	https://www.thepicklehub.net/tran-dau/mlp-mlp-8d4a420e-5e4d-44f0-af02-4f2d4b655d09-vs-71e58382-1a3a-40b2-bcbb-0a391e67c519
matches	https://www.thepicklehub.net/tran-dau/mlp-mlp-fe9c66f9-c52c-4153-89bc-207d3bb5d934-vs-1a39f443-f5f4-41a8-9dea-3edc28dd262b
matches	https://www.thepicklehub.net/tran-dau/mlp-mlp-43437cb4-02e1-4653-9bf6-c999a5d6315e-vs-01835b00-5626-4d6e-ad40-9357b072eb73
matches	https://www.thepicklehub.net/tran-dau/mlp-mlp-b7b1049e-446a-44f8-88ff-865db2298db5-vs-01835b00-5626-4d6e-ad40-9357b072eb73
matches	https://www.thepicklehub.net/tran-dau/mlp-mlp-dfd50c88-6687-4e6f-8e67-4b9932a8dbd7-vs-bb45f80b-4be3-4b57-9537-9fb899819a9a
matches	https://www.thepicklehub.net/tran-dau/mlp-mlp-45f9b36e-9e22-4218-b40f-e9c25281d225-vs-8d4a420e-5e4d-44f0-af02-4f2d4b655d09
matches	https://www.thepicklehub.net/tran-dau/mlp-mlp-f6247f54-df2c-421f-89fe-6813f9893883-vs-bb45f80b-4be3-4b57-9537-9fb899819a9a
matches	https://www.thepicklehub.net/tran-dau/mlp-mlp-70219ed7-f994-45cc-8137-781b08e5fdbe-vs-dfd50c88-6687-4e6f-8e67-4b9932a8dbd7
matches	https://www.thepicklehub.net/tran-dau/mlp-mlp-8d4a420e-5e4d-44f0-af02-4f2d4b655d09-vs-a0ed0856-558a-42ee-929a-ba8e8f972bb3
matches	https://www.thepicklehub.net/tran-dau/mlp-mlp-f6247f54-df2c-421f-89fe-6813f9893883-vs-b7b1049e-446a-44f8-88ff-865db2298db5
matches	https://www.thepicklehub.net/tran-dau/mlp-mlp-802e3e69-7173-48e4-9ac9-622d2fd20463-vs-e9b1ce59-d394-4570-8776-2782c94723f5
matches	https://www.thepicklehub.net/tran-dau/mlp-mlp-01835b00-5626-4d6e-ad40-9357b072eb73-vs-a0ed0856-558a-42ee-929a-ba8e8f972bb3
matches	https://www.thepicklehub.net/tran-dau/mlp-mlp-802e3e69-7173-48e4-9ac9-622d2fd20463-vs-45f9b36e-9e22-4218-b40f-e9c25281d225
matches	https://www.thepicklehub.net/tran-dau/mlp-mlp-e9b1ce59-d394-4570-8776-2782c94723f5-vs-bb45f80b-4be3-4b57-9537-9fb899819a9a
matches	https://www.thepicklehub.net/tran-dau/mlp-mlp-e9b1ce59-d394-4570-8776-2782c94723f5-vs-b7b1049e-446a-44f8-88ff-865db2298db5
matches	https://www.thepicklehub.net/tran-dau/mlp-mlp-bb45f80b-4be3-4b57-9537-9fb899819a9a-vs-802e3e69-7173-48e4-9ac9-622d2fd20463
matches	https://www.thepicklehub.net/tran-dau/mlp-mlp-8d4a420e-5e4d-44f0-af02-4f2d4b655d09-vs-01835b00-5626-4d6e-ad40-9357b072eb73
matches	https://www.thepicklehub.net/tran-dau/mlp-mlp-e9b1ce59-d394-4570-8776-2782c94723f5-vs-f6247f54-df2c-421f-89fe-6813f9893883
matches	https://www.thepicklehub.net/tran-dau/mlp-mlp-b7b1049e-446a-44f8-88ff-865db2298db5-vs-db0e1408-288d-4046-b6e0-9b6b279ea8cb
matches	https://www.thepicklehub.net/tran-dau/mlp-mlp-dfd50c88-6687-4e6f-8e67-4b9932a8dbd7-vs-01835b00-5626-4d6e-ad40-9357b072eb73
matches	https://www.thepicklehub.net/tran-dau/mlp-mlp-0c38d948-0091-469a-9ddb-e6ecc0cf1dee-vs-519868c1-a900-4db4-b123-0a49acd49c34
matches	https://www.thepicklehub.net/tran-dau/mlp-mlp-b4f37e71-b9e0-4387-8606-3e22546ad5a9-vs-a0ed0856-558a-42ee-929a-ba8e8f972bb3
matches	https://www.thepicklehub.net/tran-dau/mlp-mlp-db0e1408-288d-4046-b6e0-9b6b279ea8cb-vs-f6247f54-df2c-421f-89fe-6813f9893883
matches	https://www.thepicklehub.net/tran-dau/mlp-mlp-71e58382-1a3a-40b2-bcbb-0a391e67c519-vs-8d4a420e-5e4d-44f0-af02-4f2d4b655d09
matches	https://www.thepicklehub.net/tran-dau/mlp-mlp-dfd50c88-6687-4e6f-8e67-4b9932a8dbd7-vs-b4f37e71-b9e0-4387-8606-3e22546ad5a9
matches	https://www.thepicklehub.net/tran-dau/mlp-mlp-01835b00-5626-4d6e-ad40-9357b072eb73-vs-45f9b36e-9e22-4218-b40f-e9c25281d225
matches	https://www.thepicklehub.net/tran-dau/mlp-mlp-519868c1-a900-4db4-b123-0a49acd49c34-vs-db0e1408-288d-4046-b6e0-9b6b279ea8cb
matches	https://www.thepicklehub.net/tran-dau/mlp-mlp-8d4a420e-5e4d-44f0-af02-4f2d4b655d09-vs-bb45f80b-4be3-4b57-9537-9fb899819a9a
matches	https://www.thepicklehub.net/tran-dau/mlp-mlp-45f9b36e-9e22-4218-b40f-e9c25281d225-vs-e9b1ce59-d394-4570-8776-2782c94723f5
matches	https://www.thepicklehub.net/tran-dau/mlp-mlp-1a39f443-f5f4-41a8-9dea-3edc28dd262b-vs-f6247f54-df2c-421f-89fe-6813f9893883
matches	https://www.thepicklehub.net/tran-dau/mlp-mlp-802e3e69-7173-48e4-9ac9-622d2fd20463-vs-bb45f80b-4be3-4b57-9537-9fb899819a9a
matches	https://www.thepicklehub.net/tran-dau/mlp-mlp-8d4a420e-5e4d-44f0-af02-4f2d4b655d09-vs-f9ffc495-1981-46e8-a6bf-c2f7a9ae9fc9
matches	https://www.thepicklehub.net/tran-dau/mlp-mlp-e9b1ce59-d394-4570-8776-2782c94723f5-vs-3c94cf60-2ab3-4014-9bb2-9ba0357a7392
matches	https://www.thepicklehub.net/tran-dau/mlp-mlp-a0ed0856-558a-42ee-929a-ba8e8f972bb3-vs-70219ed7-f994-45cc-8137-781b08e5fdbe
matches	https://www.thepicklehub.net/tran-dau/mlp-mlp-fe9c66f9-c52c-4153-89bc-207d3bb5d934-vs-3a93eba1-5623-4d00-b81b-4911a6942e03
matches	https://www.thepicklehub.net/tran-dau/mlp-mlp-dfd50c88-6687-4e6f-8e67-4b9932a8dbd7-vs-8d4a420e-5e4d-44f0-af02-4f2d4b655d09
matches	https://www.thepicklehub.net/tran-dau/mlp-mlp-519868c1-a900-4db4-b123-0a49acd49c34-vs-e9b1ce59-d394-4570-8776-2782c94723f5
matches	https://www.thepicklehub.net/tran-dau/mlp-mlp-1a39f443-f5f4-41a8-9dea-3edc28dd262b-vs-1975c3fd-c1b0-4ecc-b1cf-91f8d1f946a7
matches	https://www.thepicklehub.net/tran-dau/mlp-mlp-b7b1049e-446a-44f8-88ff-865db2298db5-vs-a0ed0856-558a-42ee-929a-ba8e8f972bb3
matches	https://www.thepicklehub.net/tran-dau/mlp-mlp-fe9c66f9-c52c-4153-89bc-207d3bb5d934-vs-71e58382-1a3a-40b2-bcbb-0a391e67c519
matches	https://www.thepicklehub.net/tran-dau/mlp-mlp-01835b00-5626-4d6e-ad40-9357b072eb73-vs-43437cb4-02e1-4653-9bf6-c999a5d6315e
matches	https://www.thepicklehub.net/tran-dau/mlp-mlp-0c38d948-0091-469a-9ddb-e6ecc0cf1dee-vs-1a39f443-f5f4-41a8-9dea-3edc28dd262b
matches	https://www.thepicklehub.net/tran-dau/mlp-mlp-802e3e69-7173-48e4-9ac9-622d2fd20463-vs-1975c3fd-c1b0-4ecc-b1cf-91f8d1f946a7
matches	https://www.thepicklehub.net/tran-dau/mlp-mlp-8d4a420e-5e4d-44f0-af02-4f2d4b655d09-vs-f6247f54-df2c-421f-89fe-6813f9893883
matches	https://www.thepicklehub.net/tran-dau/mlp-mlp-45f9b36e-9e22-4218-b40f-e9c25281d225-vs-3a93eba1-5623-4d00-b81b-4911a6942e03
matches	https://www.thepicklehub.net/tran-dau/mlp-mlp-71e58382-1a3a-40b2-bcbb-0a391e67c519-vs-6e6e4897-ccb9-4ea0-8fda-219e79f7a1ab
matches	https://www.thepicklehub.net/tran-dau/mlp-mlp-a0ed0856-558a-42ee-929a-ba8e8f972bb3-vs-3c94cf60-2ab3-4014-9bb2-9ba0357a7392
matches	https://www.thepicklehub.net/tran-dau/mlp-mlp-bb45f80b-4be3-4b57-9537-9fb899819a9a-vs-1a39f443-f5f4-41a8-9dea-3edc28dd262b
matches	https://www.thepicklehub.net/tran-dau/mlp-mlp-43437cb4-02e1-4653-9bf6-c999a5d6315e-vs-f9ffc495-1981-46e8-a6bf-c2f7a9ae9fc9
matches	https://www.thepicklehub.net/tran-dau/mlp-mlp-0c38d948-0091-469a-9ddb-e6ecc0cf1dee-vs-fe9c66f9-c52c-4153-89bc-207d3bb5d934
matches	https://www.thepicklehub.net/tran-dau/mlp-mlp-01835b00-5626-4d6e-ad40-9357b072eb73-vs-db0e1408-288d-4046-b6e0-9b6b279ea8cb
matches	https://www.thepicklehub.net/tran-dau/mlp-mlp-b4f37e71-b9e0-4387-8606-3e22546ad5a9-vs-45f9b36e-9e22-4218-b40f-e9c25281d225
matches	https://www.thepicklehub.net/tran-dau/mlp-mlp-e9b1ce59-d394-4570-8776-2782c94723f5-vs-43437cb4-02e1-4653-9bf6-c999a5d6315e
matches	https://www.thepicklehub.net/tran-dau/mlp-mlp-fe9c66f9-c52c-4153-89bc-207d3bb5d934-vs-01835b00-5626-4d6e-ad40-9357b072eb73
matches	https://www.thepicklehub.net/tran-dau/mlp-mlp-0c38d948-0091-469a-9ddb-e6ecc0cf1dee-vs-db0e1408-288d-4046-b6e0-9b6b279ea8cb
matches	https://www.thepicklehub.net/tran-dau/mlp-mlp-6e6e4897-ccb9-4ea0-8fda-219e79f7a1ab-vs-70219ed7-f994-45cc-8137-781b08e5fdbe
matches	https://www.thepicklehub.net/tran-dau/mlp-mlp-43437cb4-02e1-4653-9bf6-c999a5d6315e-vs-45f9b36e-9e22-4218-b40f-e9c25281d225
matches	https://www.thepicklehub.net/tran-dau/mlp-mlp-71e58382-1a3a-40b2-bcbb-0a391e67c519-vs-0c38d948-0091-469a-9ddb-e6ecc0cf1dee
matches	https://www.thepicklehub.net/tran-dau/mlp-mlp-6e6e4897-ccb9-4ea0-8fda-219e79f7a1ab-vs-e9b1ce59-d394-4570-8776-2782c94723f5
matches	https://www.thepicklehub.net/tran-dau/mlp-mlp-70219ed7-f994-45cc-8137-781b08e5fdbe-vs-01835b00-5626-4d6e-ad40-9357b072eb73
matches	https://www.thepicklehub.net/tran-dau/mlp-mlp-b4f37e71-b9e0-4387-8606-3e22546ad5a9-vs-e9b1ce59-d394-4570-8776-2782c94723f5
matches	https://www.thepicklehub.net/tran-dau/mlp-mlp-45f9b36e-9e22-4218-b40f-e9c25281d225-vs-0c38d948-0091-469a-9ddb-e6ecc0cf1dee
matches	https://www.thepicklehub.net/tran-dau/mlp-mlp-e9b1ce59-d394-4570-8776-2782c94723f5-vs-70219ed7-f994-45cc-8137-781b08e5fdbe
matches	https://www.thepicklehub.net/tran-dau/mlp-mlp-6e6e4897-ccb9-4ea0-8fda-219e79f7a1ab-vs-fe9c66f9-c52c-4153-89bc-207d3bb5d934
matches	https://www.thepicklehub.net/tran-dau/mlp-mlp-01835b00-5626-4d6e-ad40-9357b072eb73-vs-b4f37e71-b9e0-4387-8606-3e22546ad5a9
matches	https://www.thepicklehub.net/tran-dau/mlp-mlp-0c38d948-0091-469a-9ddb-e6ecc0cf1dee-vs-43437cb4-02e1-4653-9bf6-c999a5d6315e
matches	https://www.thepicklehub.net/tran-dau/mlp-mlp-71e58382-1a3a-40b2-bcbb-0a391e67c519-vs-db0e1408-288d-4046-b6e0-9b6b279ea8cb
matches	https://www.thepicklehub.net/tran-dau/mlp-mlp-e9b1ce59-d394-4570-8776-2782c94723f5-vs-fe9c66f9-c52c-4153-89bc-207d3bb5d934
matches	https://www.thepicklehub.net/tran-dau/mlp-mlp-01835b00-5626-4d6e-ad40-9357b072eb73-vs-6e6e4897-ccb9-4ea0-8fda-219e79f7a1ab
matches	https://www.thepicklehub.net/tran-dau/mlp-mlp-43437cb4-02e1-4653-9bf6-c999a5d6315e-vs-71e58382-1a3a-40b2-bcbb-0a391e67c519
matches	https://www.thepicklehub.net/tran-dau/mlp-mlp-70219ed7-f994-45cc-8137-781b08e5fdbe-vs-fe9c66f9-c52c-4153-89bc-207d3bb5d934
matches	https://www.thepicklehub.net/tran-dau/mlp-mlp-db0e1408-288d-4046-b6e0-9b6b279ea8cb-vs-43437cb4-02e1-4653-9bf6-c999a5d6315e
matches	https://www.thepicklehub.net/tran-dau/mlp-mlp-45f9b36e-9e22-4218-b40f-e9c25281d225-vs-71e58382-1a3a-40b2-bcbb-0a391e67c519
matches	https://www.thepicklehub.net/tran-dau/mlp-mlp-b4f37e71-b9e0-4387-8606-3e22546ad5a9-vs-6e6e4897-ccb9-4ea0-8fda-219e79f7a1ab
matches	https://www.thepicklehub.net/tran-dau/mlp-mlp-fe9c66f9-c52c-4153-89bc-207d3bb5d934-vs-b4f37e71-b9e0-4387-8606-3e22546ad5a9
matches	https://www.thepicklehub.net/tran-dau/mlp-mlp-b7b1049e-446a-44f8-88ff-865db2298db5-vs-71e58382-1a3a-40b2-bcbb-0a391e67c519
matches	https://www.thepicklehub.net/tran-dau/mlp-mlp-e9b1ce59-d394-4570-8776-2782c94723f5-vs-a0ed0856-558a-42ee-929a-ba8e8f972bb3
matches	https://www.thepicklehub.net/tran-dau/mlp-mlp-b7b1049e-446a-44f8-88ff-865db2298db5-vs-519868c1-a900-4db4-b123-0a49acd49c34
matches	https://www.thepicklehub.net/tran-dau/mlp-mlp-71e58382-1a3a-40b2-bcbb-0a391e67c519-vs-dfd50c88-6687-4e6f-8e67-4b9932a8dbd7
matches	https://www.thepicklehub.net/tran-dau/mlp-mlp-519868c1-a900-4db4-b123-0a49acd49c34-vs-1a39f443-f5f4-41a8-9dea-3edc28dd262b
matches	https://www.thepicklehub.net/tran-dau/mlp-mlp-db0e1408-288d-4046-b6e0-9b6b279ea8cb-vs-b7b1049e-446a-44f8-88ff-865db2298db5
matches	https://www.thepicklehub.net/tran-dau/mlp-mlp-dfd50c88-6687-4e6f-8e67-4b9932a8dbd7-vs-e9b1ce59-d394-4570-8776-2782c94723f5
matches	https://www.thepicklehub.net/tran-dau/mlp-mlp-1a39f443-f5f4-41a8-9dea-3edc28dd262b-vs-db0e1408-288d-4046-b6e0-9b6b279ea8cb
matches	https://www.thepicklehub.net/tran-dau/mlp-mlp-71e58382-1a3a-40b2-bcbb-0a391e67c519-vs-fe9c66f9-c52c-4153-89bc-207d3bb5d934
matches	https://www.thepicklehub.net/tran-dau/mlp-mlp-b4f37e71-b9e0-4387-8606-3e22546ad5a9-vs-b7b1049e-446a-44f8-88ff-865db2298db5
matches	https://www.thepicklehub.net/tran-dau/mlp-mlp-b7b1049e-446a-44f8-88ff-865db2298db5-vs-1a39f443-f5f4-41a8-9dea-3edc28dd262b
matches	https://www.thepicklehub.net/tran-dau/mlp-mlp-db0e1408-288d-4046-b6e0-9b6b279ea8cb-vs-802e3e69-7173-48e4-9ac9-622d2fd20463
matches	https://www.thepicklehub.net/tran-dau/mlp-mlp-fe9c66f9-c52c-4153-89bc-207d3bb5d934-vs-e9b1ce59-d394-4570-8776-2782c94723f5
matches	https://www.thepicklehub.net/tran-dau/mlp-mlp-a0ed0856-558a-42ee-929a-ba8e8f972bb3-vs-71e58382-1a3a-40b2-bcbb-0a391e67c519
matches	https://www.thepicklehub.net/tran-dau/mlp-mlp-802e3e69-7173-48e4-9ac9-622d2fd20463-vs-1a39f443-f5f4-41a8-9dea-3edc28dd262b
matches	https://www.thepicklehub.net/tran-dau/mlp-mlp-1a39f443-f5f4-41a8-9dea-3edc28dd262b-vs-b4f37e71-b9e0-4387-8606-3e22546ad5a9
matches	https://www.thepicklehub.net/tran-dau/mlp-mlp-b7b1049e-446a-44f8-88ff-865db2298db5-vs-802e3e69-7173-48e4-9ac9-622d2fd20463
matches	https://www.thepicklehub.net/tran-dau/mlp-mlp-b4f37e71-b9e0-4387-8606-3e22546ad5a9-vs-db0e1408-288d-4046-b6e0-9b6b279ea8cb
matches	https://www.thepicklehub.net/tran-dau/mlp-mlp-e9b1ce59-d394-4570-8776-2782c94723f5-vs-71e58382-1a3a-40b2-bcbb-0a391e67c519
matches	https://www.thepicklehub.net/tran-dau/mlp-mlp-fe9c66f9-c52c-4153-89bc-207d3bb5d934-vs-802e3e69-7173-48e4-9ac9-622d2fd20463
matches	https://www.thepicklehub.net/tran-dau/mlp-mlp-b4f37e71-b9e0-4387-8606-3e22546ad5a9-vs-43437cb4-02e1-4653-9bf6-c999a5d6315e
matches	https://www.thepicklehub.net/tran-dau/mlp-mlp-a0ed0856-558a-42ee-929a-ba8e8f972bb3-vs-8d4a420e-5e4d-44f0-af02-4f2d4b655d09
matches	https://www.thepicklehub.net/tran-dau/mlp-mlp-519868c1-a900-4db4-b123-0a49acd49c34-vs-b4f37e71-b9e0-4387-8606-3e22546ad5a9
matches	https://www.thepicklehub.net/tran-dau/mlp-mlp-802e3e69-7173-48e4-9ac9-622d2fd20463-vs-70219ed7-f994-45cc-8137-781b08e5fdbe
matches	https://www.thepicklehub.net/tran-dau/mlp-mlp-dfd50c88-6687-4e6f-8e67-4b9932a8dbd7-vs-45f9b36e-9e22-4218-b40f-e9c25281d225
matches	https://www.thepicklehub.net/tran-dau/mlp-mlp-43437cb4-02e1-4653-9bf6-c999a5d6315e-vs-a0ed0856-558a-42ee-929a-ba8e8f972bb3
matches	https://www.thepicklehub.net/tran-dau/mlp-mlp-fe9c66f9-c52c-4153-89bc-207d3bb5d934-vs-f6247f54-df2c-421f-89fe-6813f9893883
matches	https://www.thepicklehub.net/tran-dau/mlp-mlp-70219ed7-f994-45cc-8137-781b08e5fdbe-vs-8d4a420e-5e4d-44f0-af02-4f2d4b655d09
matches	https://www.thepicklehub.net/tran-dau/mlp-mlp-802e3e69-7173-48e4-9ac9-622d2fd20463-vs-519868c1-a900-4db4-b123-0a49acd49c34
matches	https://www.thepicklehub.net/tran-dau/mlp-mlp-dfd50c88-6687-4e6f-8e67-4b9932a8dbd7-vs-43437cb4-02e1-4653-9bf6-c999a5d6315e
matches	https://www.thepicklehub.net/tran-dau/mlp-mlp-f6247f54-df2c-421f-89fe-6813f9893883-vs-a0ed0856-558a-42ee-929a-ba8e8f972bb3
matches	https://www.thepicklehub.net/tran-dau/mlp-mlp-45f9b36e-9e22-4218-b40f-e9c25281d225-vs-fe9c66f9-c52c-4153-89bc-207d3bb5d934
matches	https://www.thepicklehub.net/tran-dau/mlp-mlp-8d4a420e-5e4d-44f0-af02-4f2d4b655d09-vs-519868c1-a900-4db4-b123-0a49acd49c34
matches	https://www.thepicklehub.net/tran-dau/mlp-mlp-a0ed0856-558a-42ee-929a-ba8e8f972bb3-vs-45f9b36e-9e22-4218-b40f-e9c25281d225
matches	https://www.thepicklehub.net/tran-dau/mlp-mlp-dfd50c88-6687-4e6f-8e67-4b9932a8dbd7-vs-fe9c66f9-c52c-4153-89bc-207d3bb5d934
matches	https://www.thepicklehub.net/tran-dau/mlp-mlp-b4f37e71-b9e0-4387-8606-3e22546ad5a9-vs-802e3e69-7173-48e4-9ac9-622d2fd20463
matches	https://www.thepicklehub.net/tran-dau/mlp-mlp-f6247f54-df2c-421f-89fe-6813f9893883-vs-dfd50c88-6687-4e6f-8e67-4b9932a8dbd7
matches	https://www.thepicklehub.net/tran-dau/mlp-mlp-45f9b36e-9e22-4218-b40f-e9c25281d225-vs-43437cb4-02e1-4653-9bf6-c999a5d6315e
matches	https://www.thepicklehub.net/tran-dau/mlp-mlp-fe9c66f9-c52c-4153-89bc-207d3bb5d934-vs-a0ed0856-558a-42ee-929a-ba8e8f972bb3
matches	https://www.thepicklehub.net/tran-dau/mlp-mlp-70219ed7-f994-45cc-8137-781b08e5fdbe-vs-b4f37e71-b9e0-4387-8606-3e22546ad5a9
matches	https://www.thepicklehub.net/tran-dau/mlp-mlp-8d4a420e-5e4d-44f0-af02-4f2d4b655d09-vs-802e3e69-7173-48e4-9ac9-622d2fd20463
matches	https://www.thepicklehub.net/tran-dau/mlp-mlp-43437cb4-02e1-4653-9bf6-c999a5d6315e-vs-f6247f54-df2c-421f-89fe-6813f9893883
matches	https://www.thepicklehub.net/tran-dau/mlp-mlp-519868c1-a900-4db4-b123-0a49acd49c34-vs-70219ed7-f994-45cc-8137-781b08e5fdbe
matches	https://www.thepicklehub.net/tran-dau/mlp-mlp-b4f37e71-b9e0-4387-8606-3e22546ad5a9-vs-8d4a420e-5e4d-44f0-af02-4f2d4b655d09
matches	https://www.thepicklehub.net/tran-dau/mlp-mlp-45f9b36e-9e22-4218-b40f-e9c25281d225-vs-f6247f54-df2c-421f-89fe-6813f9893883
matches	https://www.thepicklehub.net/tran-dau/mlp-mlp-fe9c66f9-c52c-4153-89bc-207d3bb5d934-vs-43437cb4-02e1-4653-9bf6-c999a5d6315e
matches	https://www.thepicklehub.net/tran-dau/mlp-mlp-dfd50c88-6687-4e6f-8e67-4b9932a8dbd7-vs-b7b1049e-446a-44f8-88ff-865db2298db5
matches	https://www.thepicklehub.net/tran-dau/mlp-mlp-519868c1-a900-4db4-b123-0a49acd49c34-vs-0c38d948-0091-469a-9ddb-e6ecc0cf1dee
matches	https://www.thepicklehub.net/tran-dau/mlp-mlp-802e3e69-7173-48e4-9ac9-622d2fd20463-vs-a0ed0856-558a-42ee-929a-ba8e8f972bb3
matches	https://www.thepicklehub.net/tran-dau/mlp-mlp-0c38d948-0091-469a-9ddb-e6ecc0cf1dee-vs-b7b1049e-446a-44f8-88ff-865db2298db5
matches	https://www.thepicklehub.net/tran-dau/mlp-mlp-db0e1408-288d-4046-b6e0-9b6b279ea8cb-vs-45f9b36e-9e22-4218-b40f-e9c25281d225
matches	https://www.thepicklehub.net/tran-dau/mlp-mlp-1a39f443-f5f4-41a8-9dea-3edc28dd262b-vs-70219ed7-f994-45cc-8137-781b08e5fdbe
matches	https://www.thepicklehub.net/tran-dau/mlp-mlp-bb45f80b-4be3-4b57-9537-9fb899819a9a-vs-e9b1ce59-d394-4570-8776-2782c94723f5
matches	https://www.thepicklehub.net/tran-dau/mlp-mlp-01835b00-5626-4d6e-ad40-9357b072eb73-vs-0c38d948-0091-469a-9ddb-e6ecc0cf1dee
matches	https://www.thepicklehub.net/tran-dau/mlp-mlp-bb45f80b-4be3-4b57-9537-9fb899819a9a-vs-45f9b36e-9e22-4218-b40f-e9c25281d225
matches	https://www.thepicklehub.net/tran-dau/mlp-mlp-70219ed7-f994-45cc-8137-781b08e5fdbe-vs-db0e1408-288d-4046-b6e0-9b6b279ea8cb
matches	https://www.thepicklehub.net/tran-dau/mlp-mlp-8d4a420e-5e4d-44f0-af02-4f2d4b655d09-vs-e9b1ce59-d394-4570-8776-2782c94723f5
matches	https://www.thepicklehub.net/tran-dau/mlp-mlp-1a39f443-f5f4-41a8-9dea-3edc28dd262b-vs-b7b1049e-446a-44f8-88ff-865db2298db5
matches	https://www.thepicklehub.net/tran-dau/mlp-mlp-45f9b36e-9e22-4218-b40f-e9c25281d225-vs-6e6e4897-ccb9-4ea0-8fda-219e79f7a1ab
matches	https://www.thepicklehub.net/tran-dau/mlp-mlp-db0e1408-288d-4046-b6e0-9b6b279ea8cb-vs-0c38d948-0091-469a-9ddb-e6ecc0cf1dee
matches	https://www.thepicklehub.net/tran-dau/mlp-mlp-70219ed7-f994-45cc-8137-781b08e5fdbe-vs-e9b1ce59-d394-4570-8776-2782c94723f5
matches	https://www.thepicklehub.net/tran-dau/mlp-mlp-01835b00-5626-4d6e-ad40-9357b072eb73-vs-8d4a420e-5e4d-44f0-af02-4f2d4b655d09
matches	https://www.thepicklehub.net/tran-dau/mlp-mlp-6e6e4897-ccb9-4ea0-8fda-219e79f7a1ab-vs-1a39f443-f5f4-41a8-9dea-3edc28dd262b
matches	https://www.thepicklehub.net/tran-dau/mlp-mlp-db0e1408-288d-4046-b6e0-9b6b279ea8cb-vs-01835b00-5626-4d6e-ad40-9357b072eb73
matches	https://www.thepicklehub.net/tran-dau/mlp-mlp-b7b1049e-446a-44f8-88ff-865db2298db5-vs-45f9b36e-9e22-4218-b40f-e9c25281d225
matches	https://www.thepicklehub.net/tran-dau/mlp-mlp-0c38d948-0091-469a-9ddb-e6ecc0cf1dee-vs-8d4a420e-5e4d-44f0-af02-4f2d4b655d09
matches	https://www.thepicklehub.net/tran-dau/mlp-mlp-6e6e4897-ccb9-4ea0-8fda-219e79f7a1ab-vs-bb45f80b-4be3-4b57-9537-9fb899819a9a
matches	https://www.thepicklehub.net/tran-dau/mlp-mlp-e9b1ce59-d394-4570-8776-2782c94723f5-vs-db0e1408-288d-4046-b6e0-9b6b279ea8cb
matches	https://www.thepicklehub.net/tran-dau/mlp-mlp-01835b00-5626-4d6e-ad40-9357b072eb73-vs-70219ed7-f994-45cc-8137-781b08e5fdbe
matches	https://www.thepicklehub.net/tran-dau/mlp-mlp-45f9b36e-9e22-4218-b40f-e9c25281d225-vs-1a39f443-f5f4-41a8-9dea-3edc28dd262b
matches	https://www.thepicklehub.net/tran-dau/mlp-mlp-bb45f80b-4be3-4b57-9537-9fb899819a9a-vs-b7b1049e-446a-44f8-88ff-865db2298db5
matches	https://www.thepicklehub.net/tran-dau/mlp-mlp-0c38d948-0091-469a-9ddb-e6ecc0cf1dee-vs-e9b1ce59-d394-4570-8776-2782c94723f5
matches	https://www.thepicklehub.net/tran-dau/mlp-mlp-8d4a420e-5e4d-44f0-af02-4f2d4b655d09-vs-70219ed7-f994-45cc-8137-781b08e5fdbe
matches	https://www.thepicklehub.net/tran-dau/mlp-mlp-8d4a420e-5e4d-44f0-af02-4f2d4b655d09-vs-db0e1408-288d-4046-b6e0-9b6b279ea8cb
matches	https://www.thepicklehub.net/tran-dau/mlp-mlp-0c38d948-0091-469a-9ddb-e6ecc0cf1dee-vs-70219ed7-f994-45cc-8137-781b08e5fdbe
matches	https://www.thepicklehub.net/tran-dau/mlp-mlp-e9b1ce59-d394-4570-8776-2782c94723f5-vs-01835b00-5626-4d6e-ad40-9357b072eb73
matches	https://www.thepicklehub.net/tran-dau/mlp-mlp-b7b1049e-446a-44f8-88ff-865db2298db5-vs-6e6e4897-ccb9-4ea0-8fda-219e79f7a1ab
matches	https://www.thepicklehub.net/tran-dau/mlp-mlp-1a39f443-f5f4-41a8-9dea-3edc28dd262b-vs-bb45f80b-4be3-4b57-9537-9fb899819a9a
matches	https://www.thepicklehub.net/tran-dau/clb-thanh-dong-pickleball-ffbfdb73
matches	https://www.thepicklehub.net/tran-dau/clb-thanh-dong-pickleball-5d098df8
matches	https://www.thepicklehub.net/tran-dau/clb-thanh-dong-pickleball-11239fb8
matches	https://www.thepicklehub.net/tran-dau/clb-thanh-dong-pickleball-e7c8197a
matches	https://www.thepicklehub.net/tran-dau/clb-thanh-dong-pickleball-913196e8
matches	https://www.thepicklehub.net/tran-dau/clb-thanh-dong-pickleball-a606eea4
matches	https://www.thepicklehub.net/tran-dau/clb-thanh-dong-pickleball-366ea48f
matches	https://www.thepicklehub.net/tran-dau/clb-thanh-dong-pickleball-a0678e81
matches	https://www.thepicklehub.net/tran-dau/clb-thanh-dong-pickleball-fac5f109
matches	https://www.thepicklehub.net/tran-dau/clb-thanh-dong-pickleball-e5517c5c
matches	https://www.thepicklehub.net/tran-dau/clb-thanh-dong-pickleball-a8bbb589
matches	https://www.thepicklehub.net/tran-dau/clb-thanh-dong-pickleball-79ed2104
matches	https://www.thepicklehub.net/tran-dau/clb-thanh-dong-pickleball-8233ee2c
matches	https://www.thepicklehub.net/tran-dau/clb-thanh-dong-pickleball-d6f5acc0
matches	https://www.thepicklehub.net/tran-dau/clb-thanh-dong-pickleball-ccbf62eb
matches	https://www.thepicklehub.net/tran-dau/clb-thanh-dong-pickleball-f87145a2
matches	https://www.thepicklehub.net/tran-dau/clb-thanh-dong-pickleball-c7809a54
matches	https://www.thepicklehub.net/tran-dau/clb-thanh-dong-pickleball-cd9f6049
matches	https://www.thepicklehub.net/tran-dau/clb-thanh-dong-pickleball-c158ae3f
matches	https://www.thepicklehub.net/tran-dau/clb-thanh-dong-pickleball-d043baa6
matches	https://www.thepicklehub.net/tran-dau/mlp-mlp-dfd50c88-6687-4e6f-8e67-4b9932a8dbd7-vs-6e6e4897-ccb9-4ea0-8fda-219e79f7a1ab
matches	https://www.thepicklehub.net/tran-dau/mlp-mlp-db0e1408-288d-4046-b6e0-9b6b279ea8cb-vs-70219ed7-f994-45cc-8137-781b08e5fdbe
matches	https://www.thepicklehub.net/tran-dau/mlp-mlp-519868c1-a900-4db4-b123-0a49acd49c34-vs-a0ed0856-558a-42ee-929a-ba8e8f972bb3
matches	https://www.thepicklehub.net/tran-dau/mlp-mlp-dfd50c88-6687-4e6f-8e67-4b9932a8dbd7-vs-db0e1408-288d-4046-b6e0-9b6b279ea8cb
matches	https://www.thepicklehub.net/tran-dau/mlp-mlp-6e6e4897-ccb9-4ea0-8fda-219e79f7a1ab-vs-519868c1-a900-4db4-b123-0a49acd49c34
matches	https://www.thepicklehub.net/tran-dau/mlp-mlp-70219ed7-f994-45cc-8137-781b08e5fdbe-vs-a0ed0856-558a-42ee-929a-ba8e8f972bb3
matches	https://www.thepicklehub.net/tran-dau/mlp-mlp-db0e1408-288d-4046-b6e0-9b6b279ea8cb-vs-519868c1-a900-4db4-b123-0a49acd49c34
matches	https://www.thepicklehub.net/tran-dau/mlp-mlp-dfd50c88-6687-4e6f-8e67-4b9932a8dbd7-vs-70219ed7-f994-45cc-8137-781b08e5fdbe
matches	https://www.thepicklehub.net/tran-dau/mlp-mlp-6e6e4897-ccb9-4ea0-8fda-219e79f7a1ab-vs-a0ed0856-558a-42ee-929a-ba8e8f972bb3
matches	https://www.thepicklehub.net/tran-dau/mlp-mlp-70219ed7-f994-45cc-8137-781b08e5fdbe-vs-519868c1-a900-4db4-b123-0a49acd49c34
matches	https://www.thepicklehub.net/tran-dau/mlp-mlp-db0e1408-288d-4046-b6e0-9b6b279ea8cb-vs-6e6e4897-ccb9-4ea0-8fda-219e79f7a1ab
matches	https://www.thepicklehub.net/tran-dau/mlp-mlp-a0ed0856-558a-42ee-929a-ba8e8f972bb3-vs-dfd50c88-6687-4e6f-8e67-4b9932a8dbd7
matches	https://www.thepicklehub.net/tran-dau/mlp-mlp-70219ed7-f994-45cc-8137-781b08e5fdbe-vs-6e6e4897-ccb9-4ea0-8fda-219e79f7a1ab
matches	https://www.thepicklehub.net/tran-dau/mlp-mlp-519868c1-a900-4db4-b123-0a49acd49c34-vs-dfd50c88-6687-4e6f-8e67-4b9932a8dbd7
matches	https://www.thepicklehub.net/tran-dau/mlp-mlp-a0ed0856-558a-42ee-929a-ba8e8f972bb3-vs-db0e1408-288d-4046-b6e0-9b6b279ea8cb
matches	https://www.thepicklehub.net/tran-dau/mlp-mlp-0c38d948-0091-469a-9ddb-e6ecc0cf1dee-vs-01835b00-5626-4d6e-ad40-9357b072eb73
matches	https://www.thepicklehub.net/tran-dau/mlp-mlp-802e3e69-7173-48e4-9ac9-622d2fd20463-vs-b7b1049e-446a-44f8-88ff-865db2298db5
matches	https://www.thepicklehub.net/tran-dau/mlp-mlp-01835b00-5626-4d6e-ad40-9357b072eb73-vs-b7b1049e-446a-44f8-88ff-865db2298db5
matches	https://www.thepicklehub.net/tran-dau/mlp-mlp-f6247f54-df2c-421f-89fe-6813f9893883-vs-802e3e69-7173-48e4-9ac9-622d2fd20463
matches	https://www.thepicklehub.net/tran-dau/mlp-mlp-0c38d948-0091-469a-9ddb-e6ecc0cf1dee-vs-f6247f54-df2c-421f-89fe-6813f9893883
matches	https://www.thepicklehub.net/tran-dau/mlp-mlp-01835b00-5626-4d6e-ad40-9357b072eb73-vs-802e3e69-7173-48e4-9ac9-622d2fd20463
matches	https://www.thepicklehub.net/tran-dau/mlp-mlp-b7b1049e-446a-44f8-88ff-865db2298db5-vs-f6247f54-df2c-421f-89fe-6813f9893883
matches	https://www.thepicklehub.net/tran-dau/mlp-mlp-802e3e69-7173-48e4-9ac9-622d2fd20463-vs-0c38d948-0091-469a-9ddb-e6ecc0cf1dee
matches	https://www.thepicklehub.net/tran-dau/mlp-mlp-f6247f54-df2c-421f-89fe-6813f9893883-vs-01835b00-5626-4d6e-ad40-9357b072eb73
matches	https://www.thepicklehub.net/tran-dau/mlp-mlp-b7b1049e-446a-44f8-88ff-865db2298db5-vs-0c38d948-0091-469a-9ddb-e6ecc0cf1dee
matches	https://www.thepicklehub.net/tran-dau/clb-thanh-dong-pickleball-169b45db
matches	https://www.thepicklehub.net/tran-dau/clb-thanh-dong-pickleball-4b4de5a0
matches	https://www.thepicklehub.net/tran-dau/clb-thanh-dong-pickleball-2e4938e3
events	https://www.thepicklehub.net/social/fun-game-social-tuan3
events	https://www.thepicklehub.net/vi/social/fun-game-social-tuan3
events	https://www.thepicklehub.net/social/fun-game-social-tuan2
events	https://www.thepicklehub.net/vi/social/fun-game-social-tuan2
events	https://www.thepicklehub.net/social/fun-game-social
events	https://www.thepicklehub.net/vi/social/fun-game-social
events	https://www.thepicklehub.net/social/co-dinh-thu-2
events	https://www.thepicklehub.net/vi/social/co-dinh-thu-2
events	https://www.thepicklehub.net/clb/marites-pickle-club
events	https://www.thepicklehub.net/clb/kim-lien
events	https://www.thepicklehub.net/clb/163-tran-hoa
events	https://www.thepicklehub.net/clb/tpp
events	https://www.thepicklehub.net/clb/122-dinh-cong
events	https://www.thepicklehub.net/clb/plx
events	https://www.thepicklehub.net/clb/sportcaree-pickleball
events	https://www.thepicklehub.net/clb/thanh-dong-pickleball
events	https://www.thepicklehub.net/clb/test
events	https://www.thepicklehub.net/clb/tinhgiomay
events	https://www.thepicklehub.net/clb/leo-hilbert
events	https://www.thepicklehub.net/clb/175-dinh-cong
players	https://www.thepicklehub.net/nguoi-choi/sontung
players	https://www.thepicklehub.net/nguoi-choi/congle
players	https://www.thepicklehub.net/nguoi-choi/sontx91
players	https://www.thepicklehub.net/nguoi-choi/trungnguyen0706
players	https://www.thepicklehub.net/nguoi-choi/giang-truong-nguyen
players	https://www.thepicklehub.net/nguoi-choi/khanh-trang
players	https://www.thepicklehub.net/nguoi-choi/ngochai-dinh86
players	https://www.thepicklehub.net/nguoi-choi/nguyen-anh-vu
players	https://www.thepicklehub.net/nguoi-choi/do-hung
players	https://www.thepicklehub.net/nguoi-choi/pham-quang
players	https://www.thepicklehub.net/nguoi-choi/erne-king
players	https://www.thepicklehub.net/nguoi-choi/tapickleball
players	https://www.thepicklehub.net/nguoi-choi/thecuong-685w
videos	https://www.thepicklehub.net/watch/64a46348-e29b-4f76-902b-1f921effa59d
videos	https://www.thepicklehub.net/watch/39317bbd-9328-4b3e-8645-24c3cb1f14ac
videos	https://www.thepicklehub.net/watch/182a892b-f6f6-4728-9133-b09686f9d82f
videos	https://www.thepicklehub.net/watch/f8c9742d-62c0-490e-bc2f-9d69dec50ff7
videos	https://www.thepicklehub.net/watch/23827192-f861-47e6-b917-cdc7ac51ca65
videos	https://www.thepicklehub.net/watch/91cf2783-441b-4d10-aa85-2227dd6dc783
livestreams	https://www.thepicklehub.net/live/54ca7b79-9ee0-4352-8e47-63125335f19a
livestreams	https://www.thepicklehub.net/live/994a0956-222a-4058-82ce-85cad59b2e90
livestreams	https://www.thepicklehub.net/live/0dd5049a-9e35-47fa-93db-2c44c647d631
livestreams	https://www.thepicklehub.net/live/6277dca2-b5e5-41b2-9abd-0a7815c829a9
livestreams	https://www.thepicklehub.net/live/d41a4662-2fe6-4b69-997b-dfe3bb08c121
livestreams	https://www.thepicklehub.net/live/d7750a98-2d19-440e-8197-51662492891f
livestreams	https://www.thepicklehub.net/live/3e211e67-2caa-47c1-b002-f180546980f9
livestreams	https://www.thepicklehub.net/live/8ca98c2a-cb45-4772-ac4e-30d4f83dbd9b
livestreams	https://www.thepicklehub.net/live/10779a7c-46f4-4501-a65e-e852eb2fb565
livestreams	https://www.thepicklehub.net/live/c2138621-6d0d-4bb1-82e4-7cb9ff249de0
livestreams	https://www.thepicklehub.net/live/b083fc1f-fe9c-492a-9908-60f68b53a098
livestreams	https://www.thepicklehub.net/live/80b73967-afa2-45ae-9277-dba37450d364
livestreams	https://www.thepicklehub.net/live/8737c0a3-4f15-4bd8-92da-7f2f82859755
livestreams	https://www.thepicklehub.net/live/2ee90ef1-99bc-4c2e-9b87-693d3dfec3f6
livestreams	https://www.thepicklehub.net/live/e46c02c6-7ded-4049-93a5-d973eb9297d3
livestreams	https://www.thepicklehub.net/live/5b4fb4ee-1b38-4294-b16f-33a4ca0e2cb8
livestreams	https://www.thepicklehub.net/live/d8481dc4-d29e-4dad-9f9a-6a19cfd05e05
livestreams	https://www.thepicklehub.net/live/e283def0-68cc-4aa8-984c-94f562590177
livestreams	https://www.thepicklehub.net/live/57fe3b87-5d35-4aca-a17c-e4a24d866386
livestreams	https://www.thepicklehub.net/live/afc2506b-e81f-417d-9425-e3d46694d1d9
livestreams	https://www.thepicklehub.net/live/c8e56c37-d405-4281-b66f-c5d925f89595
livestreams	https://www.thepicklehub.net/live/1f5fcca2-c276-4ce7-bbca-fbfa471b77cc
livestreams	https://www.thepicklehub.net/live/2cac01eb-217a-4634-95fa-4f915773bce2
livestreams	https://www.thepicklehub.net/live/22459077-bf71-4f91-841c-799f0bdd1909
livestreams	https://www.thepicklehub.net/live/1a2ac1e2-3be3-40a2-a2bd-2e0054717bf6
livestreams	https://www.thepicklehub.net/live/886f6401-8496-42f8-b2a5-82cce2b08540
livestreams	https://www.thepicklehub.net/live/44e75b8e-afe0-4a00-a85a-ecea8ee87af5
livestreams	https://www.thepicklehub.net/live/e5c61e50-d121-4560-9c0a-6d978861d613
livestreams	https://www.thepicklehub.net/live/9439d561-5857-4b94-8304-7d787c5502c3
livestreams	https://www.thepicklehub.net/live/9f50562f-c924-4d15-842b-c6497d1c828f
livestreams	https://www.thepicklehub.net/live/923432b7-f97f-441d-8e6e-77774e05e0d5
organizations	https://www.thepicklehub.net/org/canpickleball
organizations	https://www.thepicklehub.net/org/tapickleball
organizations	https://www.thepicklehub.net/org/pb-academy
venues	https://www.thepicklehub.net/san/09-hub-picleball
venues	https://www.thepicklehub.net/vi/san/09-hub-picleball
venues	https://www.thepicklehub.net/san/2max-pickleball
venues	https://www.thepicklehub.net/vi/san/2max-pickleball
venues	https://www.thepicklehub.net/san/aba-fit-max-hud
venues	https://www.thepicklehub.net/vi/san/aba-fit-max-hud
venues	https://www.thepicklehub.net/san/aba-fit-max-hud-cn2
venues	https://www.thepicklehub.net/vi/san/aba-fit-max-hud-cn2
venues	https://www.thepicklehub.net/san/atc-tennis-and-pickleball-thao-dien
venues	https://www.thepicklehub.net/vi/san/atc-tennis-and-pickleball-thao-dien
venues	https://www.thepicklehub.net/san/bich-phuong-pickleball
venues	https://www.thepicklehub.net/vi/san/bich-phuong-pickleball
venues	https://www.thepicklehub.net/san/bon-pick
venues	https://www.thepicklehub.net/vi/san/bon-pick
venues	https://www.thepicklehub.net/san/cau-long-truong-dai-hoc-tdtt-da-nang
venues	https://www.thepicklehub.net/vi/san/cau-long-truong-dai-hoc-tdtt-da-nang
venues	https://www.thepicklehub.net/san/d-complex
venues	https://www.thepicklehub.net/vi/san/d-complex
venues	https://www.thepicklehub.net/san/d-lucky
venues	https://www.thepicklehub.net/vi/san/d-lucky
venues	https://www.thepicklehub.net/san/dai-linh-pickleball
venues	https://www.thepicklehub.net/vi/san/dai-linh-pickleball
venues	https://www.thepicklehub.net/san/dai-phat-2
venues	https://www.thepicklehub.net/vi/san/dai-phat-2
venues	https://www.thepicklehub.net/san/dai-phat-3
venues	https://www.thepicklehub.net/vi/san/dai-phat-3
venues	https://www.thepicklehub.net/san/dong-khoa-picklball-by-dd-sol
venues	https://www.thepicklehub.net/vi/san/dong-khoa-picklball-by-dd-sol
venues	https://www.thepicklehub.net/san/dong-khoa-picklball-by-dd-sol-cn1
venues	https://www.thepicklehub.net/vi/san/dong-khoa-picklball-by-dd-sol-cn1
venues	https://www.thepicklehub.net/san/fit-max-hud-cn1
venues	https://www.thepicklehub.net/vi/san/fit-max-hud-cn1
venues	https://www.thepicklehub.net/san/go-pickleball-nha-trang
venues	https://www.thepicklehub.net/vi/san/go-pickleball-nha-trang
venues	https://www.thepicklehub.net/san/go-pickleball-vung-tau
venues	https://www.thepicklehub.net/vi/san/go-pickleball-vung-tau
venues	https://www.thepicklehub.net/san/hhp-pickelball
venues	https://www.thepicklehub.net/vi/san/hhp-pickelball
venues	https://www.thepicklehub.net/san/khanh-pickleball
venues	https://www.thepicklehub.net/vi/san/khanh-pickleball
venues	https://www.thepicklehub.net/san/lam-hong-hai
venues	https://www.thepicklehub.net/vi/san/lam-hong-hai
venues	https://www.thepicklehub.net/san/linh-dong-pickleball
venues	https://www.thepicklehub.net/vi/san/linh-dong-pickleball
venues	https://www.thepicklehub.net/san/mr-dong-an-5
venues	https://www.thepicklehub.net/vi/san/mr-dong-an-5
venues	https://www.thepicklehub.net/san/nfs-arena-dong-ngac
venues	https://www.thepicklehub.net/vi/san/nfs-arena-dong-ngac
venues	https://www.thepicklehub.net/san/nha-pickleball
venues	https://www.thepicklehub.net/vi/san/nha-pickleball
venues	https://www.thepicklehub.net/san/ninh-tien-stadium
venues	https://www.thepicklehub.net/vi/san/ninh-tien-stadium
venues	https://www.thepicklehub.net/san/pickfit-thanh-xuan
venues	https://www.thepicklehub.net/vi/san/pickfit-thanh-xuan
venues	https://www.thepicklehub.net/san/pickleball-international
venues	https://www.thepicklehub.net/vi/san/pickleball-international
venues	https://www.thepicklehub.net/san/pitcham
venues	https://www.thepicklehub.net/vi/san/pitcham
venues	https://www.thepicklehub.net/san/puzolan-cafe-pick
venues	https://www.thepicklehub.net/vi/san/puzolan-cafe-pick
venues	https://www.thepicklehub.net/san/san-lazada
venues	https://www.thepicklehub.net/vi/san/san-lazada
venues	https://www.thepicklehub.net/san/sana-fit-max-hud
venues	https://www.thepicklehub.net/vi/san/sana-fit-max-hud
venues	https://www.thepicklehub.net/san/senhobola-9s
venues	https://www.thepicklehub.net/vi/san/senhobola-9s
venues	https://www.thepicklehub.net/san/six-point
venues	https://www.thepicklehub.net/vi/san/six-point
venues	https://www.thepicklehub.net/san/sixtyninetree-pickleball
venues	https://www.thepicklehub.net/vi/san/sixtyninetree-pickleball
venues	https://www.thepicklehub.net/san/sport-ha-noi-trong-tim
venues	https://www.thepicklehub.net/vi/san/sport-ha-noi-trong-tim
venues	https://www.thepicklehub.net/san/the-thao-bien-phong-cho-gao
venues	https://www.thepicklehub.net/vi/san/the-thao-bien-phong-cho-gao
venues	https://www.thepicklehub.net/san/trung-tam-pickleball-tam-diep
venues	https://www.thepicklehub.net/vi/san/trung-tam-pickleball-tam-diep
venues	https://www.thepicklehub.net/san/tup-leu-ly-tuong
venues	https://www.thepicklehub.net/vi/san/tup-leu-ly-tuong
venues	https://www.thepicklehub.net/san/win-pickleball-club
venues	https://www.thepicklehub.net/vi/san/win-pickleball-club
venues	https://www.thepicklehub.net/san/san-cau-long-tqt-duong-noi
venues	https://www.thepicklehub.net/vi/san/san-cau-long-tqt-duong-noi
venues	https://www.thepicklehub.net/san/san-cau-long-vb-van-phuc
venues	https://www.thepicklehub.net/vi/san/san-cau-long-vb-van-phuc
venues	https://www.thepicklehub.net/san/san-gia-thuy-pickleball
venues	https://www.thepicklehub.net/vi/san/san-gia-thuy-pickleball
venues	https://www.thepicklehub.net/san/san-green-t-a
venues	https://www.thepicklehub.net/vi/san/san-green-t-a
venues	https://www.thepicklehub.net/san/san-le-ninh-t-a
venues	https://www.thepicklehub.net/vi/san/san-le-ninh-t-a
venues	https://www.thepicklehub.net/san/san-pick-viet
venues	https://www.thepicklehub.net/vi/san/san-pick-viet
venues	https://www.thepicklehub.net/san/san-pick-vinh-hoang
venues	https://www.thepicklehub.net/vi/san/san-pick-vinh-hoang
venues	https://www.thepicklehub.net/san/san-pick360-dai-tu
venues	https://www.thepicklehub.net/vi/san/san-pick360-dai-tu
venues	https://www.thepicklehub.net/san/san-pickleball-cong-vien-bac-linh-dam
venues	https://www.thepicklehub.net/vi/san/san-pickleball-cong-vien-bac-linh-dam
venues	https://www.thepicklehub.net/san/san-pickleball-duc-minh-tay-bac
venues	https://www.thepicklehub.net/vi/san/san-pickleball-duc-minh-tay-bac
venues	https://www.thepicklehub.net/san/san-pickleball-ktx-khu-a-chi-nhanh-2
venues	https://www.thepicklehub.net/vi/san/san-pickleball-ktx-khu-a-chi-nhanh-2
venues	https://www.thepicklehub.net/san/san-pickleball-ktx-khu-a-chi-nhanh-3
venues	https://www.thepicklehub.net/vi/san/san-pickleball-ktx-khu-a-chi-nhanh-3
venues	https://www.thepicklehub.net/san/san-pickleball-ktx-khu-a-chi-nhanh-4
venues	https://www.thepicklehub.net/vi/san/san-pickleball-ktx-khu-a-chi-nhanh-4
venues	https://www.thepicklehub.net/san/san-pickleball-ktx-khu-a-cn1
venues	https://www.thepicklehub.net/vi/san/san-pickleball-ktx-khu-a-cn1
venues	https://www.thepicklehub.net/san/san-pickleball-nam-long-sport
venues	https://www.thepicklehub.net/vi/san/san-pickleball-nam-long-sport
venues	https://www.thepicklehub.net/san/san-pickleball-quan-doi
venues	https://www.thepicklehub.net/vi/san/san-pickleball-quan-doi
venues	https://www.thepicklehub.net/san/san-pickleball-truong-ban-mai-van-phuc-ha-dong
venues	https://www.thepicklehub.net/vi/san/san-pickleball-truong-ban-mai-van-phuc-ha-dong
venues	https://www.thepicklehub.net/san/san-pickleball-viet-hung-bon-mua
venues	https://www.thepicklehub.net/vi/san/san-pickleball-viet-hung-bon-mua
venues	https://www.thepicklehub.net/san/san-tennis-nam-long-sport
venues	https://www.thepicklehub.net/vi/san/san-tennis-nam-long-sport
venues	https://www.thepicklehub.net/san/san-thanh-thinh
venues	https://www.thepicklehub.net/vi/san/san-thanh-thinh
venues	https://www.thepicklehub.net/san/song-xanh-pickleball
venues	https://www.thepicklehub.net/vi/san/song-xanh-pickleball
venues	https://www.thepicklehub.net/san/tdh-pickleball
venues	https://www.thepicklehub.net/vi/san/tdh-pickleball
venues	https://www.thepicklehub.net/san/the-dinker-club
venues	https://www.thepicklehub.net/vi/san/the-dinker-club
venues	https://www.thepicklehub.net/san/the-kitchen-pickleball-club
venues	https://www.thepicklehub.net/vi/san/the-kitchen-pickleball-club
venues	https://www.thepicklehub.net/san/the-pickleball-lounge
venues	https://www.thepicklehub.net/vi/san/the-pickleball-lounge
venues	https://www.thepicklehub.net/san/the-pickleball-lounge-2
venues	https://www.thepicklehub.net/vi/san/the-pickleball-lounge-2
venues	https://www.thepicklehub.net/san/the-pyar-pickleball-club
venues	https://www.thepicklehub.net/vi/san/the-pyar-pickleball-club
venues	https://www.thepicklehub.net/san/thu-tuyet-pickleball-bong-da
venues	https://www.thepicklehub.net/vi/san/thu-tuyet-pickleball-bong-da
venues	https://www.thepicklehub.net/san/tison-pickleball
venues	https://www.thepicklehub.net/vi/san/tison-pickleball
venues	https://www.thepicklehub.net/san/tpk-pickleball
venues	https://www.thepicklehub.net/vi/san/tpk-pickleball
venues	https://www.thepicklehub.net/san/trang-trang-arena-pickleball-club
venues	https://www.thepicklehub.net/vi/san/trang-trang-arena-pickleball-club
venues	https://www.thepicklehub.net/san/trung-nguyen-pickleball
venues	https://www.thepicklehub.net/vi/san/trung-nguyen-pickleball
venues	https://www.thepicklehub.net/san/trung-tam-pickle-ball-truong-thpt-hung-vuong
venues	https://www.thepicklehub.net/vi/san/trung-tam-pickle-ball-truong-thpt-hung-vuong
venues	https://www.thepicklehub.net/san/trung-tam-the-thao-z133
venues	https://www.thepicklehub.net/vi/san/trung-tam-the-thao-z133
venues	https://www.thepicklehub.net/san/tuan-vu-pickleball
venues	https://www.thepicklehub.net/vi/san/tuan-vu-pickleball
venues	https://www.thepicklehub.net/san/tuktuk-pickleball
venues	https://www.thepicklehub.net/vi/san/tuktuk-pickleball
venues	https://www.thepicklehub.net/san/urban-pickleball-01
venues	https://www.thepicklehub.net/vi/san/urban-pickleball-01
venues	https://www.thepicklehub.net/san/van-thuc-pickleball
venues	https://www.thepicklehub.net/vi/san/van-thuc-pickleball
venues	https://www.thepicklehub.net/san/vietgangz-pickleball
venues	https://www.thepicklehub.net/vi/san/vietgangz-pickleball
venues	https://www.thepicklehub.net/san/vnpickleball-khanh-duy
venues	https://www.thepicklehub.net/vi/san/vnpickleball-khanh-duy
venues	https://www.thepicklehub.net/san/002-pickleball-club-khang-dien
venues	https://www.thepicklehub.net/vi/san/002-pickleball-club-khang-dien
venues	https://www.thepicklehub.net/san/002-pickleball-club-thao-dien
venues	https://www.thepicklehub.net/vi/san/002-pickleball-club-thao-dien
venues	https://www.thepicklehub.net/san/aiko-pickleball-phu-do
venues	https://www.thepicklehub.net/vi/san/aiko-pickleball-phu-do
venues	https://www.thepicklehub.net/san/cau-hac-pickleball
venues	https://www.thepicklehub.net/vi/san/cau-hac-pickleball
venues	https://www.thepicklehub.net/san/champa-pickleball
venues	https://www.thepicklehub.net/vi/san/champa-pickleball
venues	https://www.thepicklehub.net/san/clb-pickleball-189-pham-tu
venues	https://www.thepicklehub.net/vi/san/clb-pickleball-189-pham-tu
venues	https://www.thepicklehub.net/san/clb-pickleball-d-villa-coffee
venues	https://www.thepicklehub.net/vi/san/clb-pickleball-d-villa-coffee
venues	https://www.thepicklehub.net/san/clb-pickleball-vu-dai-kim
venues	https://www.thepicklehub.net/vi/san/clb-pickleball-vu-dai-kim
venues	https://www.thepicklehub.net/san/club-86-pickleball
venues	https://www.thepicklehub.net/vi/san/club-86-pickleball
venues	https://www.thepicklehub.net/san/cm-pickleball
venues	https://www.thepicklehub.net/vi/san/cm-pickleball
venues	https://www.thepicklehub.net/san/dinkasaur-pickleball-vinh
venues	https://www.thepicklehub.net/vi/san/dinkasaur-pickleball-vinh
venues	https://www.thepicklehub.net/san/forheads-pickleball-club
venues	https://www.thepicklehub.net/vi/san/forheads-pickleball-club
venues	https://www.thepicklehub.net/san/forheads-sports-club
venues	https://www.thepicklehub.net/vi/san/forheads-sports-club
venues	https://www.thepicklehub.net/san/happy-pickleball-ba-ria
venues	https://www.thepicklehub.net/vi/san/happy-pickleball-ba-ria
venues	https://www.thepicklehub.net/san/hoang-ngheu-tennis-pickleball
venues	https://www.thepicklehub.net/vi/san/hoang-ngheu-tennis-pickleball
venues	https://www.thepicklehub.net/san/htl-pickleball-ham-tu-quan
venues	https://www.thepicklehub.net/vi/san/htl-pickleball-ham-tu-quan
venues	https://www.thepicklehub.net/san/hung-hau-pickleball
venues	https://www.thepicklehub.net/vi/san/hung-hau-pickleball
venues	https://www.thepicklehub.net/san/joola-club-pickleball
venues	https://www.thepicklehub.net/vi/san/joola-club-pickleball
venues	https://www.thepicklehub.net/san/khoe-pickleball
venues	https://www.thepicklehub.net/vi/san/khoe-pickleball
venues	https://www.thepicklehub.net/san/kingdom-pickleball
venues	https://www.thepicklehub.net/vi/san/kingdom-pickleball
venues	https://www.thepicklehub.net/san/lakeside-pickleball-coffe-rua-xe
venues	https://www.thepicklehub.net/vi/san/lakeside-pickleball-coffe-rua-xe
venues	https://www.thepicklehub.net/san/level-pickleball
venues	https://www.thepicklehub.net/vi/san/level-pickleball
venues	https://www.thepicklehub.net/san/lotus-pickleball-gia-lam
venues	https://www.thepicklehub.net/vi/san/lotus-pickleball-gia-lam
venues	https://www.thepicklehub.net/san/ms-pickleball
venues	https://www.thepicklehub.net/vi/san/ms-pickleball
venues	https://www.thepicklehub.net/san/new-sport
venues	https://www.thepicklehub.net/vi/san/new-sport
venues	https://www.thepicklehub.net/san/nguyen-hung-pickleball-club-can-tho
venues	https://www.thepicklehub.net/vi/san/nguyen-hung-pickleball-club-can-tho
venues	https://www.thepicklehub.net/san/ninex-pickleball-club
venues	https://www.thepicklehub.net/vi/san/ninex-pickleball-club
venues	https://www.thepicklehub.net/san/ob-pickleball
venues	https://www.thepicklehub.net/vi/san/ob-pickleball
venues	https://www.thepicklehub.net/san/phuong-pickleball
venues	https://www.thepicklehub.net/vi/san/phuong-pickleball
venues	https://www.thepicklehub.net/san/pickle-ball-pho-mieu
venues	https://www.thepicklehub.net/vi/san/pickle-ball-pho-mieu
venues	https://www.thepicklehub.net/san/pickleball-182-dinh-thon-cum-3-san
venues	https://www.thepicklehub.net/vi/san/pickleball-182-dinh-thon-cum-3-san
venues	https://www.thepicklehub.net/san/pickleball-182-dinh-thon-cum-4-san
venues	https://www.thepicklehub.net/vi/san/pickleball-182-dinh-thon-cum-4-san
venues	https://www.thepicklehub.net/san/pickleball-bo-ke-buu-long-nhat
venues	https://www.thepicklehub.net/vi/san/pickleball-bo-ke-buu-long-nhat
venues	https://www.thepicklehub.net/san/pickleball-cong-vien-bac-linh-dam
venues	https://www.thepicklehub.net/vi/san/pickleball-cong-vien-bac-linh-dam
venues	https://www.thepicklehub.net/san/pickleball-dam-hong-2-co-mai-che
venues	https://www.thepicklehub.net/vi/san/pickleball-dam-hong-2-co-mai-che
venues	https://www.thepicklehub.net/san/pickleball-duc-minh-tay-bac
venues	https://www.thepicklehub.net/vi/san/pickleball-duc-minh-tay-bac
venues	https://www.thepicklehub.net/san/pickleball-gia-hoa
venues	https://www.thepicklehub.net/vi/san/pickleball-gia-hoa
venues	https://www.thepicklehub.net/san/pickleball-khanh-hoi
venues	https://www.thepicklehub.net/vi/san/pickleball-khanh-hoi
venues	https://www.thepicklehub.net/san/pickleball-kim-hanh-aura
venues	https://www.thepicklehub.net/vi/san/pickleball-kim-hanh-aura
venues	https://www.thepicklehub.net/san/pickleball-nbi-nam-thanh
venues	https://www.thepicklehub.net/vi/san/pickleball-nbi-nam-thanh
venues	https://www.thepicklehub.net/san/pickleball-nghi-kim
venues	https://www.thepicklehub.net/vi/san/pickleball-nghi-kim
venues	https://www.thepicklehub.net/san/pickleball-no-1-quy-nhon-city
venues	https://www.thepicklehub.net/vi/san/pickleball-no-1-quy-nhon-city
venues	https://www.thepicklehub.net/san/pickleball-yen-hoa
venues	https://www.thepicklehub.net/vi/san/pickleball-yen-hoa
venues	https://www.thepicklehub.net/san/picklecity
venues	https://www.thepicklehub.net/vi/san/picklecity
venues	https://www.thepicklehub.net/san/pickoball-sai-gon-club
venues	https://www.thepicklehub.net/vi/san/pickoball-sai-gon-club
venues	https://www.thepicklehub.net/san/pinpon-sport
venues	https://www.thepicklehub.net/vi/san/pinpon-sport
venues	https://www.thepicklehub.net/san/san-cau-long-pickleball-qvbadminton
venues	https://www.thepicklehub.net/vi/san/san-cau-long-pickleball-qvbadminton
venues	https://www.thepicklehub.net/san/sky-pickle-club
venues	https://www.thepicklehub.net/vi/san/sky-pickle-club
venues	https://www.thepicklehub.net/san/sky-pickleball
venues	https://www.thepicklehub.net/vi/san/sky-pickleball
venues	https://www.thepicklehub.net/san/sport-tay-ho
venues	https://www.thepicklehub.net/vi/san/sport-tay-ho
venues	https://www.thepicklehub.net/san/arena-athletics-ph
venues	https://www.thepicklehub.net/vi/san/arena-athletics-ph
venues	https://www.thepicklehub.net/san/athletiqs-airdome-id
venues	https://www.thepicklehub.net/vi/san/athletiqs-airdome-id
venues	https://www.thepicklehub.net/san/baseline-pickleball-club-ph
venues	https://www.thepicklehub.net/vi/san/baseline-pickleball-club-ph
venues	https://www.thepicklehub.net/san/family-court-ph
venues	https://www.thepicklehub.net/vi/san/family-court-ph
venues	https://www.thepicklehub.net/san/filinvest-east-pickeball-court-ph
venues	https://www.thepicklehub.net/vi/san/filinvest-east-pickeball-court-ph
venues	https://www.thepicklehub.net/san/franita-seaside-picklers-ph
venues	https://www.thepicklehub.net/vi/san/franita-seaside-picklers-ph
venues	https://www.thepicklehub.net/san/greenscapes-leisurehub-ph
venues	https://www.thepicklehub.net/vi/san/greenscapes-leisurehub-ph
venues	https://www.thepicklehub.net/san/ground-game-pickleball-court-ph
venues	https://www.thepicklehub.net/vi/san/ground-game-pickleball-court-ph
venues	https://www.thepicklehub.net/san/horizon-pickleball-club-ph
venues	https://www.thepicklehub.net/vi/san/horizon-pickleball-club-ph
venues	https://www.thepicklehub.net/san/john-hay-sports-pavilion-ph
venues	https://www.thepicklehub.net/vi/san/john-hay-sports-pavilion-ph
venues	https://www.thepicklehub.net/san/mz-racquet-zone-ph
venues	https://www.thepicklehub.net/vi/san/mz-racquet-zone-ph
venues	https://www.thepicklehub.net/san/niceserve-pickleball-court-ph
venues	https://www.thepicklehub.net/vi/san/niceserve-pickleball-court-ph
venues	https://www.thepicklehub.net/san/nickleball-avenue-ph
venues	https://www.thepicklehub.net/vi/san/nickleball-avenue-ph
venues	https://www.thepicklehub.net/san/one-courtyard-ph
venues	https://www.thepicklehub.net/vi/san/one-courtyard-ph
venues	https://www.thepicklehub.net/san/paddle-and-scrubs-ph
venues	https://www.thepicklehub.net/vi/san/paddle-and-scrubs-ph
venues	https://www.thepicklehub.net/san/paddle-yard-ph
venues	https://www.thepicklehub.net/vi/san/paddle-yard-ph
venues	https://www.thepicklehub.net/san/pickleball-courts-kabacan-ph
venues	https://www.thepicklehub.net/vi/san/pickleball-courts-kabacan-ph
venues	https://www.thepicklehub.net/san/picklehub-baguio-ph
venues	https://www.thepicklehub.net/vi/san/picklehub-baguio-ph
venues	https://www.thepicklehub.net/san/picklepoint-iloilo-ph
venues	https://www.thepicklehub.net/vi/san/picklepoint-iloilo-ph
venues	https://www.thepicklehub.net/san/pickleville-ph
venues	https://www.thepicklehub.net/vi/san/pickleville-ph
venues	https://www.thepicklehub.net/san/pumpd-pickleball-cebu-ph
venues	https://www.thepicklehub.net/vi/san/pumpd-pickleball-cebu-ph
venues	https://www.thepicklehub.net/san/sangguniang-panlalawigan-pickleball-court-ph
venues	https://www.thepicklehub.net/vi/san/sangguniang-panlalawigan-pickleball-court-ph
venues	https://www.thepicklehub.net/san/sm-pickleball-ph
venues	https://www.thepicklehub.net/vi/san/sm-pickleball-ph
venues	https://www.thepicklehub.net/san/stack-room-ph
venues	https://www.thepicklehub.net/vi/san/stack-room-ph
venues	https://www.thepicklehub.net/san/sun-valley-covered-court-ph
venues	https://www.thepicklehub.net/vi/san/sun-valley-covered-court-ph
venues	https://www.thepicklehub.net/san/sun-valley-pickleball-court-ph
venues	https://www.thepicklehub.net/vi/san/sun-valley-pickleball-court-ph
venues	https://www.thepicklehub.net/san/the-pickle-co-1016-ph
venues	https://www.thepicklehub.net/vi/san/the-pickle-co-1016-ph
venues	https://www.thepicklehub.net/san/tup-t-gymnasium-ph
venues	https://www.thepicklehub.net/vi/san/tup-t-gymnasium-ph
venues	https://www.thepicklehub.net/san/westfield-pickleball-center-ph
venues	https://www.thepicklehub.net/vi/san/westfield-pickleball-center-ph
venues	https://www.thepicklehub.net/san/all-time-pickleball-club-th
venues	https://www.thepicklehub.net/vi/san/all-time-pickleball-club-th
venues	https://www.thepicklehub.net/san/backyard-court-th
venues	https://www.thepicklehub.net/vi/san/backyard-court-th
venues	https://www.thepicklehub.net/san/bok-bok-pickleball-courts-th
venues	https://www.thepicklehub.net/vi/san/bok-bok-pickleball-courts-th
venues	https://www.thepicklehub.net/san/chiang-mai-pickleball-th
venues	https://www.thepicklehub.net/vi/san/chiang-mai-pickleball-th
venues	https://www.thepicklehub.net/san/double-bounce-my
venues	https://www.thepicklehub.net/vi/san/double-bounce-my
venues	https://www.thepicklehub.net/san/gio-me-pickle-my
venues	https://www.thepicklehub.net/vi/san/gio-me-pickle-my
venues	https://www.thepicklehub.net/san/heritage-courts-my
venues	https://www.thepicklehub.net/vi/san/heritage-courts-my
venues	https://www.thepicklehub.net/san/hopc-my
venues	https://www.thepicklehub.net/vi/san/hopc-my
venues	https://www.thepicklehub.net/san/hustlr-pickleball-social-club-my
venues	https://www.thepicklehub.net/vi/san/hustlr-pickleball-social-club-my
venues	https://www.thepicklehub.net/san/hyprground-my
venues	https://www.thepicklehub.net/vi/san/hyprground-my
venues	https://www.thepicklehub.net/san/hyprground-my-2
venues	https://www.thepicklehub.net/vi/san/hyprground-my-2
venues	https://www.thepicklehub.net/san/jsports-pickleball-my
venues	https://www.thepicklehub.net/vi/san/jsports-pickleball-my
venues	https://www.thepicklehub.net/san/king-s-court-my
venues	https://www.thepicklehub.net/vi/san/king-s-court-my
venues	https://www.thepicklehub.net/san/kl-city-pickleball-my
venues	https://www.thepicklehub.net/vi/san/kl-city-pickleball-my
venues	https://www.thepicklehub.net/san/kompleks-d-star-arena-my
venues	https://www.thepicklehub.net/vi/san/kompleks-d-star-arena-my
venues	https://www.thepicklehub.net/san/lavana-3-pickleball-centre-my
venues	https://www.thepicklehub.net/vi/san/lavana-3-pickleball-centre-my
venues	https://www.thepicklehub.net/san/peak-sports-hub-bn
venues	https://www.thepicklehub.net/vi/san/peak-sports-hub-bn
venues	https://www.thepicklehub.net/san/picker-pickle-my
venues	https://www.thepicklehub.net/vi/san/picker-pickle-my
venues	https://www.thepicklehub.net/san/pickle-by-the-sea-my
venues	https://www.thepicklehub.net/vi/san/pickle-by-the-sea-my
venues	https://www.thepicklehub.net/san/pickle-depot-my
venues	https://www.thepicklehub.net/vi/san/pickle-depot-my
venues	https://www.thepicklehub.net/san/pickle-lah-pickleball-court-my
venues	https://www.thepicklehub.net/vi/san/pickle-lah-pickleball-court-my
venues	https://www.thepicklehub.net/san/pickle-lane-society-my
venues	https://www.thepicklehub.net/vi/san/pickle-lane-society-my
venues	https://www.thepicklehub.net/san/pickle-luxx-my
venues	https://www.thepicklehub.net/vi/san/pickle-luxx-my
venues	https://www.thepicklehub.net/san/pickle-park-my
venues	https://www.thepicklehub.net/vi/san/pickle-park-my
venues	https://www.thepicklehub.net/san/pickle-social-club-my
venues	https://www.thepicklehub.net/vi/san/pickle-social-club-my
venues	https://www.thepicklehub.net/san/pickle-vibe-my
venues	https://www.thepicklehub.net/vi/san/pickle-vibe-my
venues	https://www.thepicklehub.net/san/pickleball-bangkok-th
venues	https://www.thepicklehub.net/vi/san/pickleball-bangkok-th
venues	https://www.thepicklehub.net/san/pickleball-chiang-mai-city-th
venues	https://www.thepicklehub.net/vi/san/pickleball-chiang-mai-city-th
venues	https://www.thepicklehub.net/san/ptp-th
venues	https://www.thepicklehub.net/vi/san/ptp-th
venues	https://www.thepicklehub.net/san/smash-zone-bn
venues	https://www.thepicklehub.net/vi/san/smash-zone-bn
venues	https://www.thepicklehub.net/san/the-pickle-vibe-my
venues	https://www.thepicklehub.net/vi/san/the-pickle-vibe-my
venues	https://www.thepicklehub.net/san/urban-pickle-my
venues	https://www.thepicklehub.net/vi/san/urban-pickle-my
venues	https://www.thepicklehub.net/san/w-badminton-pickleball-centre-my
venues	https://www.thepicklehub.net/vi/san/w-badminton-pickleball-centre-my
venues	https://www.thepicklehub.net/san/world-club-sport-pickleball-th
venues	https://www.thepicklehub.net/vi/san/world-club-sport-pickleball-th
venues	https://www.thepicklehub.net/san/bukit-canberra-singapore
venues	https://www.thepicklehub.net/vi/san/bukit-canberra-singapore
venues	https://www.thepicklehub.net/san/choa-chu-kang-sports-centre-singapore
venues	https://www.thepicklehub.net/vi/san/choa-chu-kang-sports-centre-singapore
venues	https://www.thepicklehub.net/san/delta-sports-centre-singapore
venues	https://www.thepicklehub.net/vi/san/delta-sports-centre-singapore
venues	https://www.thepicklehub.net/san/kallang-tennis-hub-singapore
venues	https://www.thepicklehub.net/vi/san/kallang-tennis-hub-singapore
venues	https://www.thepicklehub.net/san/the-cage-dempsey-singapore
venues	https://www.thepicklehub.net/vi/san/the-cage-dempsey-singapore
venues	https://www.thepicklehub.net/san/the-sports-arina-singapore
venues	https://www.thepicklehub.net/vi/san/the-sports-arina-singapore
venues	https://www.thepicklehub.net/san/clb-pickleball-368-long-xuyen
venues	https://www.thepicklehub.net/vi/san/clb-pickleball-368-long-xuyen
venues	https://www.thepicklehub.net/san/clb-pickleball-soc-trang
venues	https://www.thepicklehub.net/vi/san/clb-pickleball-soc-trang
venues	https://www.thepicklehub.net/san/club-pickleball-tennis-p-t-rach-gia
venues	https://www.thepicklehub.net/vi/san/club-pickleball-tennis-p-t-rach-gia
venues	https://www.thepicklehub.net/san/d-max-pickleball-club-vinh-long
venues	https://www.thepicklehub.net/vi/san/d-max-pickleball-club-vinh-long
venues	https://www.thepicklehub.net/san/dop-pickleball-rach-gia
venues	https://www.thepicklehub.net/vi/san/dop-pickleball-rach-gia
venues	https://www.thepicklehub.net/san/khu-du-lich-huynh-kha-tra-vinh
venues	https://www.thepicklehub.net/vi/san/khu-du-lich-huynh-kha-tra-vinh
venues	https://www.thepicklehub.net/san/khu-lien-hop-the-thao-trung-ngoc-tra-vinh
venues	https://www.thepicklehub.net/vi/san/khu-lien-hop-the-thao-trung-ngoc-tra-vinh
venues	https://www.thepicklehub.net/san/phuoc-thanh-iv-vinh-long
venues	https://www.thepicklehub.net/vi/san/phuoc-thanh-iv-vinh-long
venues	https://www.thepicklehub.net/san/pickleball-369-cao-lanh
venues	https://www.thepicklehub.net/vi/san/pickleball-369-cao-lanh
venues	https://www.thepicklehub.net/san/pickleball-68-club-rach-gia
venues	https://www.thepicklehub.net/vi/san/pickleball-68-club-rach-gia
venues	https://www.thepicklehub.net/san/pickleball-atl-vinh-chau
venues	https://www.thepicklehub.net/vi/san/pickleball-atl-vinh-chau
venues	https://www.thepicklehub.net/san/pickleball-coffee-hung-dao-cao-lanh
venues	https://www.thepicklehub.net/vi/san/pickleball-coffee-hung-dao-cao-lanh
venues	https://www.thepicklehub.net/san/pickleball-happy-sport-ben-tre
venues	https://www.thepicklehub.net/vi/san/pickleball-happy-sport-ben-tre
venues	https://www.thepicklehub.net/san/pickleball-hoang-tay-cao-lanh
venues	https://www.thepicklehub.net/vi/san/pickleball-hoang-tay-cao-lanh
venues	https://www.thepicklehub.net/san/pickleball-international-arena-vinh-long
venues	https://www.thepicklehub.net/vi/san/pickleball-international-arena-vinh-long
venues	https://www.thepicklehub.net/san/pickleball-liberty-tra-vinh
venues	https://www.thepicklehub.net/vi/san/pickleball-liberty-tra-vinh
venues	https://www.thepicklehub.net/san/pickleball-my-hanh-vinh-long
venues	https://www.thepicklehub.net/vi/san/pickleball-my-hanh-vinh-long
venues	https://www.thepicklehub.net/san/pickleball-partner-jb-long-xuyen
venues	https://www.thepicklehub.net/vi/san/pickleball-partner-jb-long-xuyen
venues	https://www.thepicklehub.net/san/pickleball-thap-nhat-phong-cao-lanh
venues	https://www.thepicklehub.net/vi/san/pickleball-thap-nhat-phong-cao-lanh
venues	https://www.thepicklehub.net/san/pickleball-thuan-2-soc-trang
venues	https://www.thepicklehub.net/vi/san/pickleball-thuan-2-soc-trang
venues	https://www.thepicklehub.net/san/pickleball-tran-ho-ben-tre
venues	https://www.thepicklehub.net/vi/san/pickleball-tran-ho-ben-tre
venues	https://www.thepicklehub.net/san/sa-center-pickleball-long-xuyen
venues	https://www.thepicklehub.net/vi/san/sa-center-pickleball-long-xuyen
venues	https://www.thepicklehub.net/san/san-at-pickleball-ben-tre
venues	https://www.thepicklehub.net/vi/san/san-at-pickleball-ben-tre
venues	https://www.thepicklehub.net/san/san-pickleball-287-arena-phu-quoc
venues	https://www.thepicklehub.net/vi/san/san-pickleball-287-arena-phu-quoc
venues	https://www.thepicklehub.net/san/san-pickleball-an-chau-chuong-sa-dec
venues	https://www.thepicklehub.net/vi/san/san-pickleball-an-chau-chuong-sa-dec
venues	https://www.thepicklehub.net/san/san-pickleball-bol-ca-mau
venues	https://www.thepicklehub.net/vi/san/san-pickleball-bol-ca-mau
venues	https://www.thepicklehub.net/san/san-pickleball-chau-pho-tam-giang-chau-doc
venues	https://www.thepicklehub.net/vi/san/san-pickleball-chau-pho-tam-giang-chau-doc
venues	https://www.thepicklehub.net/san/san-pickleball-cu-hanh-ca-mau
venues	https://www.thepicklehub.net/vi/san/san-pickleball-cu-hanh-ca-mau
venues	https://www.thepicklehub.net/san/san-pickleball-hoa-phat-bac-lieu-chau-hung
venues	https://www.thepicklehub.net/vi/san/san-pickleball-hoa-phat-bac-lieu-chau-hung
venues	https://www.thepicklehub.net/san/san-pickleball-mtd-phu-quoc
venues	https://www.thepicklehub.net/vi/san/san-pickleball-mtd-phu-quoc
venues	https://www.thepicklehub.net/san/san-pickleball-nam-anh-rach-gia
venues	https://www.thepicklehub.net/vi/san/san-pickleball-nam-anh-rach-gia
venues	https://www.thepicklehub.net/san/san-pickleball-nowzone-chau-doc
venues	https://www.thepicklehub.net/vi/san/san-pickleball-nowzone-chau-doc
venues	https://www.thepicklehub.net/san/san-pickleball-phuoc-thanh-ammis-ca-mau
venues	https://www.thepicklehub.net/vi/san/san-pickleball-phuoc-thanh-ammis-ca-mau
venues	https://www.thepicklehub.net/san/san-pickleball-son-beo-phu-quoc
venues	https://www.thepicklehub.net/vi/san/san-pickleball-son-beo-phu-quoc
venues	https://www.thepicklehub.net/san/san-pickleball-suoi-da-phu-quoc
venues	https://www.thepicklehub.net/vi/san/san-pickleball-suoi-da-phu-quoc
venues	https://www.thepicklehub.net/san/san-pickleball-thuan-thao-long-xuyen
venues	https://www.thepicklehub.net/vi/san/san-pickleball-thuan-thao-long-xuyen
venues	https://www.thepicklehub.net/san/san-pickleball-thuy-sport-ca-mau
venues	https://www.thepicklehub.net/vi/san/san-pickleball-thuy-sport-ca-mau
venues	https://www.thepicklehub.net/san/san-pickleball-win-win-chau-doc
venues	https://www.thepicklehub.net/vi/san/san-pickleball-win-win-chau-doc
venues	https://www.thepicklehub.net/san/skyline-pickleball-club-cao-lanh
venues	https://www.thepicklehub.net/vi/san/skyline-pickleball-club-cao-lanh
venues	https://www.thepicklehub.net/san/song-huong-pickleball-long-xuyen
venues	https://www.thepicklehub.net/vi/san/song-huong-pickleball-long-xuyen
venues	https://www.thepicklehub.net/san/van-kim-long-pickleball-sa-dec
venues	https://www.thepicklehub.net/vi/san/van-kim-long-pickleball-sa-dec
venues	https://www.thepicklehub.net/san/b-court-pickleball-tuy-hoa
venues	https://www.thepicklehub.net/vi/san/b-court-pickleball-tuy-hoa
venues	https://www.thepicklehub.net/san/cay-go-pickleball-tay-ninh
venues	https://www.thepicklehub.net/vi/san/cay-go-pickleball-tay-ninh
venues	https://www.thepicklehub.net/san/clb-ngo-quyen-da-lat
venues	https://www.thepicklehub.net/vi/san/clb-ngo-quyen-da-lat
venues	https://www.thepicklehub.net/san/clb-pickleball-16-thang-4-phan-rang
venues	https://www.thepicklehub.net/vi/san/clb-pickleball-16-thang-4-phan-rang
venues	https://www.thepicklehub.net/san/clb-pickleball-1997-phan-rang
venues	https://www.thepicklehub.net/vi/san/clb-pickleball-1997-phan-rang
venues	https://www.thepicklehub.net/san/clb-pickleball-dong-khoa-my-tho
venues	https://www.thepicklehub.net/vi/san/clb-pickleball-dong-khoa-my-tho
venues	https://www.thepicklehub.net/san/clb-pickleball-tien-giang-my-tho
venues	https://www.thepicklehub.net/vi/san/clb-pickleball-tien-giang-my-tho
venues	https://www.thepicklehub.net/san/clb-pickleball-viet-sport-bao-loc
venues	https://www.thepicklehub.net/vi/san/clb-pickleball-viet-sport-bao-loc
venues	https://www.thepicklehub.net/san/clb-pickleballs-tuong-phan-thiet
venues	https://www.thepicklehub.net/vi/san/clb-pickleballs-tuong-phan-thiet
venues	https://www.thepicklehub.net/san/cua-hang-san-pickleball-dong-xoai
venues	https://www.thepicklehub.net/vi/san/cua-hang-san-pickleball-dong-xoai
venues	https://www.thepicklehub.net/san/cum-san-pickleball-tran-quoc-tuan-quang-ngai
venues	https://www.thepicklehub.net/vi/san/cum-san-pickleball-tran-quoc-tuan-quang-ngai
venues	https://www.thepicklehub.net/san/dc-club-pickleball-pleiku
venues	https://www.thepicklehub.net/vi/san/dc-club-pickleball-pleiku
venues	https://www.thepicklehub.net/san/dila-pickleball-da-lat
venues	https://www.thepicklehub.net/vi/san/dila-pickleball-da-lat
venues	https://www.thepicklehub.net/san/highfive-pickleball-gia-lai-pleiku
venues	https://www.thepicklehub.net/vi/san/highfive-pickleball-gia-lai-pleiku
venues	https://www.thepicklehub.net/san/liberty-pickleball-cafe-pleiku
venues	https://www.thepicklehub.net/vi/san/liberty-pickleball-cafe-pleiku
venues	https://www.thepicklehub.net/san/n-joy-pickleball-club-pleiku
venues	https://www.thepicklehub.net/vi/san/n-joy-pickleball-club-pleiku
venues	https://www.thepicklehub.net/san/nguyen-sport-pickleball-bao-loc
venues	https://www.thepicklehub.net/vi/san/nguyen-sport-pickleball-bao-loc
venues	https://www.thepicklehub.net/san/pickleball-bao-loc
venues	https://www.thepicklehub.net/vi/san/pickleball-bao-loc
venues	https://www.thepicklehub.net/san/pickleball-binh-minh-club-gia-nghia
venues	https://www.thepicklehub.net/vi/san/pickleball-binh-minh-club-gia-nghia
venues	https://www.thepicklehub.net/san/pickleball-center-tay-ninh
venues	https://www.thepicklehub.net/vi/san/pickleball-center-tay-ninh
venues	https://www.thepicklehub.net/san/pickleball-dong-xoai-93-dong-xoai
venues	https://www.thepicklehub.net/vi/san/pickleball-dong-xoai-93-dong-xoai
venues	https://www.thepicklehub.net/san/pickleball-gia-lai-pleiku
venues	https://www.thepicklehub.net/vi/san/pickleball-gia-lai-pleiku
venues	https://www.thepicklehub.net/san/pickleball-hoang-viet-pleiku
venues	https://www.thepicklehub.net/vi/san/pickleball-hoang-viet-pleiku
venues	https://www.thepicklehub.net/san/pickleball-horizon-binh-phuoc-dong-xoai
venues	https://www.thepicklehub.net/vi/san/pickleball-horizon-binh-phuoc-dong-xoai
venues	https://www.thepicklehub.net/san/pickleball-jenda-pico-phan-thiet
venues	https://www.thepicklehub.net/vi/san/pickleball-jenda-pico-phan-thiet
venues	https://www.thepicklehub.net/san/pickleball-ninh-chu-phan-rang
venues	https://www.thepicklehub.net/vi/san/pickleball-ninh-chu-phan-rang
venues	https://www.thepicklehub.net/san/pickleball-peekaboo-tay-ninh
venues	https://www.thepicklehub.net/vi/san/pickleball-peekaboo-tay-ninh
venues	https://www.thepicklehub.net/san/pickleball-tan-an
venues	https://www.thepicklehub.net/vi/san/pickleball-tan-an
venues	https://www.thepicklehub.net/san/pickleball-thanh-phat-dat-da-lat
venues	https://www.thepicklehub.net/vi/san/pickleball-thanh-phat-dat-da-lat
venues	https://www.thepicklehub.net/san/san-b-lao-pickleball-coffee-bao-loc
venues	https://www.thepicklehub.net/vi/san/san-b-lao-pickleball-coffee-bao-loc
venues	https://www.thepicklehub.net/san/san-kata-tay-ninh
venues	https://www.thepicklehub.net/vi/san/san-kata-tay-ninh
venues	https://www.thepicklehub.net/san/san-mb-pickleball-phan-rang
venues	https://www.thepicklehub.net/vi/san/san-mb-pickleball-phan-rang
venues	https://www.thepicklehub.net/san/san-pickleball-binh-ngoc-tuy-hoa
venues	https://www.thepicklehub.net/vi/san/san-pickleball-binh-ngoc-tuy-hoa
venues	https://www.thepicklehub.net/san/san-pickleball-buu-dien-tay-ninh
venues	https://www.thepicklehub.net/vi/san/san-pickleball-buu-dien-tay-ninh
venues	https://www.thepicklehub.net/san/san-pickleball-cau-sat-234-pleiku
venues	https://www.thepicklehub.net/vi/san/san-pickleball-cau-sat-234-pleiku
venues	https://www.thepicklehub.net/san/san-pickleball-hai-dang-tay-ninh
venues	https://www.thepicklehub.net/vi/san/san-pickleball-hai-dang-tay-ninh
venues	https://www.thepicklehub.net/san/san-pickleball-moc-thao-tuy-hoa
venues	https://www.thepicklehub.net/vi/san/san-pickleball-moc-thao-tuy-hoa
venues	https://www.thepicklehub.net/san/san-pickleball-ninh-tinh-tuy-hoa
venues	https://www.thepicklehub.net/vi/san/san-pickleball-ninh-tinh-tuy-hoa
venues	https://www.thepicklehub.net/san/san-pickleball-phuong-anh-kon-tum
venues	https://www.thepicklehub.net/vi/san/san-pickleball-phuong-anh-kon-tum
venues	https://www.thepicklehub.net/san/san-pickleball-quang-minh-bao-loc
venues	https://www.thepicklehub.net/vi/san/san-pickleball-quang-minh-bao-loc
venues	https://www.thepicklehub.net/san/san-pickleball-st-phan-rang
venues	https://www.thepicklehub.net/vi/san/san-pickleball-st-phan-rang
venues	https://www.thepicklehub.net/san/san-pickleball-tam-dao-pleiku
venues	https://www.thepicklehub.net/vi/san/san-pickleball-tam-dao-pleiku
venues	https://www.thepicklehub.net/san/san-pickleball-trung-sport-bao-loc
venues	https://www.thepicklehub.net/vi/san/san-pickleball-trung-sport-bao-loc
venues	https://www.thepicklehub.net/san/sh-pickleball-cafe-pleiku
venues	https://www.thepicklehub.net/vi/san/sh-pickleball-cafe-pleiku
venues	https://www.thepicklehub.net/san/tennis-pickleball-hoang-thien-bao-loc
venues	https://www.thepicklehub.net/vi/san/tennis-pickleball-hoang-thien-bao-loc
venues	https://www.thepicklehub.net/san/terra-cafe-pickleball-tuy-hoa
venues	https://www.thepicklehub.net/vi/san/terra-cafe-pickleball-tuy-hoa
venues	https://www.thepicklehub.net/san/thanh-duy-pickleball-bao-loc
venues	https://www.thepicklehub.net/vi/san/thanh-duy-pickleball-bao-loc
venues	https://www.thepicklehub.net/san/the-court-dalat-pickleball-da-lat
venues	https://www.thepicklehub.net/vi/san/the-court-dalat-pickleball-da-lat
venues	https://www.thepicklehub.net/san/tkd-pickleball-club-da-lat
venues	https://www.thepicklehub.net/vi/san/tkd-pickleball-club-da-lat
venues	https://www.thepicklehub.net/san/up-pickleball-club-phan-thiet
venues	https://www.thepicklehub.net/vi/san/up-pickleball-club-phan-thiet
venues	https://www.thepicklehub.net/san/garden-pickleball-club-quang-ngai
venues	https://www.thepicklehub.net/vi/san/garden-pickleball-club-quang-ngai
venues	https://www.thepicklehub.net/san/hot-kitchen-pickleball-hoi-an
venues	https://www.thepicklehub.net/vi/san/hot-kitchen-pickleball-hoi-an
venues	https://www.thepicklehub.net/san/ob-pickleball-coffee-quang-ngai
venues	https://www.thepicklehub.net/vi/san/ob-pickleball-coffee-quang-ngai
venues	https://www.thepicklehub.net/san/pickleball-bao-long-ha-tinh
venues	https://www.thepicklehub.net/vi/san/pickleball-bao-long-ha-tinh
venues	https://www.thepicklehub.net/san/pickleball-green-t-a-ha-tinh
venues	https://www.thepicklehub.net/vi/san/pickleball-green-t-a-ha-tinh
venues	https://www.thepicklehub.net/san/pickleball-hao-quang-ha-tinh
venues	https://www.thepicklehub.net/vi/san/pickleball-hao-quang-ha-tinh
venues	https://www.thepicklehub.net/san/pickleball-thuy-manh-ha-tinh
venues	https://www.thepicklehub.net/vi/san/pickleball-thuy-manh-ha-tinh
venues	https://www.thepicklehub.net/san/pickleball-winehouse-ha-tinh
venues	https://www.thepicklehub.net/vi/san/pickleball-winehouse-ha-tinh
venues	https://www.thepicklehub.net/san/roy-pickleball-quang-ngai
venues	https://www.thepicklehub.net/vi/san/roy-pickleball-quang-ngai
venues	https://www.thepicklehub.net/san/san-bamboo-pickleball-ha-tinh
venues	https://www.thepicklehub.net/vi/san/san-bamboo-pickleball-ha-tinh
venues	https://www.thepicklehub.net/san/san-pickleball-36-thanh-hoa
venues	https://www.thepicklehub.net/vi/san/san-pickleball-36-thanh-hoa
venues	https://www.thepicklehub.net/san/san-pickleball-525-dong-hoi
venues	https://www.thepicklehub.net/vi/san/san-pickleball-525-dong-hoi
venues	https://www.thepicklehub.net/san/san-pickleball-an-sinh-thanh-hoa
venues	https://www.thepicklehub.net/vi/san/san-pickleball-an-sinh-thanh-hoa
venues	https://www.thepicklehub.net/san/san-pickleball-anh-duong-quang-ngai
venues	https://www.thepicklehub.net/vi/san/san-pickleball-anh-duong-quang-ngai
venues	https://www.thepicklehub.net/san/san-pickleball-bb-sam-son
venues	https://www.thepicklehub.net/vi/san/san-pickleball-bb-sam-son
venues	https://www.thepicklehub.net/san/san-pickleball-ben-thuy-vinh-riverside-vinh
venues	https://www.thepicklehub.net/vi/san/san-pickleball-ben-thuy-vinh-riverside-vinh
venues	https://www.thepicklehub.net/san/san-pickleball-celina-dong-hoi
venues	https://www.thepicklehub.net/vi/san/san-pickleball-celina-dong-hoi
venues	https://www.thepicklehub.net/san/san-pickleball-central-park-vinh
venues	https://www.thepicklehub.net/vi/san/san-pickleball-central-park-vinh
venues	https://www.thepicklehub.net/san/san-pickleball-cua-tien-home-vinh
venues	https://www.thepicklehub.net/vi/san/san-pickleball-cua-tien-home-vinh
venues	https://www.thepicklehub.net/san/san-pickleball-do-thi-xanh-thanh-hoa
venues	https://www.thepicklehub.net/vi/san/san-pickleball-do-thi-xanh-thanh-hoa
venues	https://www.thepicklehub.net/san/san-pickleball-dong-son-thanh-hoa
venues	https://www.thepicklehub.net/vi/san/san-pickleball-dong-son-thanh-hoa
venues	https://www.thepicklehub.net/san/san-pickleball-duy-dinh-dong-ha
venues	https://www.thepicklehub.net/vi/san/san-pickleball-duy-dinh-dong-ha
venues	https://www.thepicklehub.net/san/san-pickleball-flc-sam-son
venues	https://www.thepicklehub.net/vi/san/san-pickleball-flc-sam-son
venues	https://www.thepicklehub.net/san/san-pickleball-for-all-dong-ha
venues	https://www.thepicklehub.net/vi/san/san-pickleball-for-all-dong-ha
venues	https://www.thepicklehub.net/san/san-pickleball-giao-te-vinh
venues	https://www.thepicklehub.net/vi/san/san-pickleball-giao-te-vinh
venues	https://www.thepicklehub.net/san/san-pickleball-handico-club-vinh
venues	https://www.thepicklehub.net/vi/san/san-pickleball-handico-club-vinh
venues	https://www.thepicklehub.net/san/san-pickleball-hoi-ngo-dong-ha
venues	https://www.thepicklehub.net/vi/san/san-pickleball-hoi-ngo-dong-ha
venues	https://www.thepicklehub.net/san/san-pickleball-hs-vinh
venues	https://www.thepicklehub.net/vi/san/san-pickleball-hs-vinh
venues	https://www.thepicklehub.net/san/san-pickleball-khu-the-thao-dhl-tam-ky
venues	https://www.thepicklehub.net/vi/san/san-pickleball-khu-the-thao-dhl-tam-ky
venues	https://www.thepicklehub.net/san/san-pickleball-minh-khang-vinh
venues	https://www.thepicklehub.net/vi/san/san-pickleball-minh-khang-vinh
venues	https://www.thepicklehub.net/san/san-pickleball-new-star-thanh-hoa
venues	https://www.thepicklehub.net/vi/san/san-pickleball-new-star-thanh-hoa
venues	https://www.thepicklehub.net/san/san-pickleball-newsky-center-thanh-hoa
venues	https://www.thepicklehub.net/vi/san/san-pickleball-newsky-center-thanh-hoa
venues	https://www.thepicklehub.net/san/san-pickleball-newstar-quang-binh-dong-hoi
venues	https://www.thepicklehub.net/vi/san/san-pickleball-newstar-quang-binh-dong-hoi
venues	https://www.thepicklehub.net/san/san-pickleball-ngoc-lam-dong-ha
venues	https://www.thepicklehub.net/vi/san/san-pickleball-ngoc-lam-dong-ha
venues	https://www.thepicklehub.net/san/san-pickleball-picklezone-vinh-heritage-vinh
venues	https://www.thepicklehub.net/vi/san/san-pickleball-picklezone-vinh-heritage-vinh
venues	https://www.thepicklehub.net/san/san-pickleball-quang-binh-dong-hoi
venues	https://www.thepicklehub.net/vi/san/san-pickleball-quang-binh-dong-hoi
venues	https://www.thepicklehub.net/san/san-pickleball-san-bay-dong-hoi
venues	https://www.thepicklehub.net/vi/san/san-pickleball-san-bay-dong-hoi
venues	https://www.thepicklehub.net/san/san-pickleball-style-sam-son
venues	https://www.thepicklehub.net/vi/san/san-pickleball-style-sam-son
venues	https://www.thepicklehub.net/san/san-pickleball-thanh-nien-quang-binh-dong-hoi
venues	https://www.thepicklehub.net/vi/san/san-pickleball-thanh-nien-quang-binh-dong-hoi
venues	https://www.thepicklehub.net/san/san-pickleball-trang-bui-vinh
venues	https://www.thepicklehub.net/vi/san/san-pickleball-trang-bui-vinh
venues	https://www.thepicklehub.net/san/san-pickleball-tri-duc-thanh-hoa
venues	https://www.thepicklehub.net/vi/san/san-pickleball-tri-duc-thanh-hoa
venues	https://www.thepicklehub.net/san/san-pickleball-valley-tp-vinh
venues	https://www.thepicklehub.net/vi/san/san-pickleball-valley-tp-vinh
venues	https://www.thepicklehub.net/san/san-pickleball-van-minh-dong-hoi
venues	https://www.thepicklehub.net/vi/san/san-pickleball-van-minh-dong-hoi
venues	https://www.thepicklehub.net/san/san-pickleball-viet-han-vinh
venues	https://www.thepicklehub.net/vi/san/san-pickleball-viet-han-vinh
venues	https://www.thepicklehub.net/san/san-pickleball-vinh-quang-thanh-thai-thanh-hoa
venues	https://www.thepicklehub.net/vi/san/san-pickleball-vinh-quang-thanh-thai-thanh-hoa
venues	https://www.thepicklehub.net/san/san-pickleball-x3-ba-trieu-thanh-hoa
venues	https://www.thepicklehub.net/vi/san/san-pickleball-x3-ba-trieu-thanh-hoa
venues	https://www.thepicklehub.net/san/san-pickleball-xanh-thanh-hoa
venues	https://www.thepicklehub.net/vi/san/san-pickleball-xanh-thanh-hoa
venues	https://www.thepicklehub.net/san/san-poon-poon-pickleball-hoi-an
venues	https://www.thepicklehub.net/vi/san/san-poon-poon-pickleball-hoi-an
venues	https://www.thepicklehub.net/san/thach-hung-pickleball-ha-tinh
venues	https://www.thepicklehub.net/vi/san/thach-hung-pickleball-ha-tinh
venues	https://www.thepicklehub.net/san/the-clubhouse-pickleball-hoi-an
venues	https://www.thepicklehub.net/vi/san/the-clubhouse-pickleball-hoi-an
venues	https://www.thepicklehub.net/san/clb-pickleball-tuyen-quang
venues	https://www.thepicklehub.net/vi/san/clb-pickleball-tuyen-quang
venues	https://www.thepicklehub.net/san/san-clb-pickleball-the-kitchen-hb-hoa-binh
venues	https://www.thepicklehub.net/vi/san/san-clb-pickleball-the-kitchen-hb-hoa-binh
venues	https://www.thepicklehub.net/san/san-pickleball-19-5-ha-giang
venues	https://www.thepicklehub.net/vi/san/san-pickleball-19-5-ha-giang
venues	https://www.thepicklehub.net/san/san-pickleball-1990-s-club-vi-xuyen
venues	https://www.thepicklehub.net/vi/san/san-pickleball-1990-s-club-vi-xuyen
venues	https://www.thepicklehub.net/san/san-pickleball-24-luxury-lao-cai
venues	https://www.thepicklehub.net/vi/san/san-pickleball-24-luxury-lao-cai
venues	https://www.thepicklehub.net/san/san-pickleball-3bears-lao-cai
venues	https://www.thepicklehub.net/vi/san/san-pickleball-3bears-lao-cai
venues	https://www.thepicklehub.net/san/san-pickleball-alo-yen-bai
venues	https://www.thepicklehub.net/vi/san/san-pickleball-alo-yen-bai
venues	https://www.thepicklehub.net/san/san-pickleball-bao-lam-yen-bai
venues	https://www.thepicklehub.net/vi/san/san-pickleball-bao-lam-yen-bai
venues	https://www.thepicklehub.net/san/san-pickleball-chieng-sinh-son-la
venues	https://www.thepicklehub.net/vi/san/san-pickleball-chieng-sinh-son-la
venues	https://www.thepicklehub.net/san/san-pickleball-clb-sao-mai-son-la
venues	https://www.thepicklehub.net/vi/san/san-pickleball-clb-sao-mai-son-la
venues	https://www.thepicklehub.net/san/san-pickleball-dang-khoa-tran-yen
venues	https://www.thepicklehub.net/vi/san/san-pickleball-dang-khoa-tran-yen
venues	https://www.thepicklehub.net/san/san-pickleball-dang-kiem-lang-son
venues	https://www.thepicklehub.net/vi/san/san-pickleball-dang-kiem-lang-son
venues	https://www.thepicklehub.net/san/san-pickleball-den-hung-viet-tri
venues	https://www.thepicklehub.net/vi/san/san-pickleball-den-hung-viet-tri
venues	https://www.thepicklehub.net/san/san-pickleball-doanh-nhan-tre-tuyen-quang
venues	https://www.thepicklehub.net/vi/san/san-pickleball-doanh-nhan-tre-tuyen-quang
venues	https://www.thepicklehub.net/san/san-pickleball-dung-ha-cao-bang
venues	https://www.thepicklehub.net/vi/san/san-pickleball-dung-ha-cao-bang
venues	https://www.thepicklehub.net/san/san-pickleball-duy-liem-son-la
venues	https://www.thepicklehub.net/vi/san/san-pickleball-duy-liem-son-la
venues	https://www.thepicklehub.net/san/san-pickleball-garden-lang-son
venues	https://www.thepicklehub.net/vi/san/san-pickleball-garden-lang-son
venues	https://www.thepicklehub.net/san/san-pickleball-gia-binh-cao-bang
venues	https://www.thepicklehub.net/vi/san/san-pickleball-gia-binh-cao-bang
venues	https://www.thepicklehub.net/san/san-pickleball-ha-giang
venues	https://www.thepicklehub.net/vi/san/san-pickleball-ha-giang
venues	https://www.thepicklehub.net/san/san-pickleball-ha-son-thanh-son
venues	https://www.thepicklehub.net/vi/san/san-pickleball-ha-son-thanh-son
venues	https://www.thepicklehub.net/san/san-pickleball-hai-son-ha-son-la
venues	https://www.thepicklehub.net/vi/san/san-pickleball-hai-son-ha-son-la
venues	https://www.thepicklehub.net/san/san-pickleball-hg-center-ha-giang
venues	https://www.thepicklehub.net/vi/san/san-pickleball-hg-center-ha-giang
venues	https://www.thepicklehub.net/san/san-pickleball-him-lam-dien-bien-phu
venues	https://www.thepicklehub.net/vi/san/san-pickleball-him-lam-dien-bien-phu
venues	https://www.thepicklehub.net/san/san-pickleball-hoa-binh-bus-cao-bang
venues	https://www.thepicklehub.net/vi/san/san-pickleball-hoa-binh-bus-cao-bang
venues	https://www.thepicklehub.net/san/san-pickleball-limo-dien-bien-phu
venues	https://www.thepicklehub.net/vi/san/san-pickleball-limo-dien-bien-phu
venues	https://www.thepicklehub.net/san/san-pickleball-mai-chau
venues	https://www.thepicklehub.net/vi/san/san-pickleball-mai-chau
venues	https://www.thepicklehub.net/san/san-pickleball-mh-lao-cai
venues	https://www.thepicklehub.net/vi/san/san-pickleball-mh-lao-cai
venues	https://www.thepicklehub.net/san/san-pickleball-minh-hoang-club-cao-bang
venues	https://www.thepicklehub.net/vi/san/san-pickleball-minh-hoang-club-cao-bang
venues	https://www.thepicklehub.net/san/san-pickleball-moc-chau
venues	https://www.thepicklehub.net/vi/san/san-pickleball-moc-chau
venues	https://www.thepicklehub.net/san/san-pickleball-nam-anh-cao-bang
venues	https://www.thepicklehub.net/vi/san/san-pickleball-nam-anh-cao-bang
venues	https://www.thepicklehub.net/san/san-pickleball-nam-hoang-dong-lang-son
venues	https://www.thepicklehub.net/vi/san/san-pickleball-nam-hoang-dong-lang-son
venues	https://www.thepicklehub.net/san/san-pickleball-naro-lang-thai-dien-bien-phu
venues	https://www.thepicklehub.net/vi/san/san-pickleball-naro-lang-thai-dien-bien-phu
venues	https://www.thepicklehub.net/san/san-pickleball-ngoc-diep-dien-bien-phu
venues	https://www.thepicklehub.net/vi/san/san-pickleball-ngoc-diep-dien-bien-phu
venues	https://www.thepicklehub.net/san/san-pickleball-nta-cao-bang
venues	https://www.thepicklehub.net/vi/san/san-pickleball-nta-cao-bang
venues	https://www.thepicklehub.net/san/san-pickleball-passion-phu-loc-lang-son
venues	https://www.thepicklehub.net/vi/san/san-pickleball-passion-phu-loc-lang-son
venues	https://www.thepicklehub.net/san/san-pickleball-phia-dong-lang-son
venues	https://www.thepicklehub.net/vi/san/san-pickleball-phia-dong-lang-son
venues	https://www.thepicklehub.net/san/san-pickleball-phuc-dang-passion-phu-yen
venues	https://www.thepicklehub.net/vi/san/san-pickleball-phuc-dang-passion-phu-yen
venues	https://www.thepicklehub.net/san/san-pickleball-phuong-linh-cao-bang
venues	https://www.thepicklehub.net/vi/san/san-pickleball-phuong-linh-cao-bang
venues	https://www.thepicklehub.net/san/san-pickleball-pom-han-lao-cai
venues	https://www.thepicklehub.net/vi/san/san-pickleball-pom-han-lao-cai
venues	https://www.thepicklehub.net/san/san-pickleball-quang-an-lang-son
venues	https://www.thepicklehub.net/vi/san/san-pickleball-quang-an-lang-son
venues	https://www.thepicklehub.net/san/san-pickleball-sa-pa
venues	https://www.thepicklehub.net/vi/san/san-pickleball-sa-pa
venues	https://www.thepicklehub.net/san/san-pickleball-song-da-hoa-binh
venues	https://www.thepicklehub.net/vi/san/san-pickleball-song-da-hoa-binh
venues	https://www.thepicklehub.net/san/san-pickleball-thanh-dong-son-la
venues	https://www.thepicklehub.net/vi/san/san-pickleball-thanh-dong-son-la
venues	https://www.thepicklehub.net/san/san-pickleball-thao-nguyen-moc-chau
venues	https://www.thepicklehub.net/vi/san/san-pickleball-thao-nguyen-moc-chau
venues	https://www.thepicklehub.net/san/san-pickleball-to-son-lang-son
venues	https://www.thepicklehub.net/vi/san/san-pickleball-to-son-lang-son
venues	https://www.thepicklehub.net/san/san-pickleball-van-ha-cao-bang
venues	https://www.thepicklehub.net/vi/san/san-pickleball-van-ha-cao-bang
venues	https://www.thepicklehub.net/san/san-pickleball-victory-lang-son
venues	https://www.thepicklehub.net/vi/san/san-pickleball-victory-lang-son
venues	https://www.thepicklehub.net/san/san-pickleball-x300-tuyen-quang
venues	https://www.thepicklehub.net/vi/san/san-pickleball-x300-tuyen-quang
venues	https://www.thepicklehub.net/san/san-pickleball-zenny-sport-yen-bai
venues	https://www.thepicklehub.net/vi/san/san-pickleball-zenny-sport-yen-bai
venues	https://www.thepicklehub.net/san/san-top-one-pickleball-lao-cai
venues	https://www.thepicklehub.net/vi/san/san-top-one-pickleball-lao-cai
venues	https://www.thepicklehub.net/san/clb-pickleball-co-do-ninh-binh
venues	https://www.thepicklehub.net/vi/san/clb-pickleball-co-do-ninh-binh
venues	https://www.thepicklehub.net/san/clb-pickleball-passion-ha-nam-phu-ly
venues	https://www.thepicklehub.net/vi/san/clb-pickleball-passion-ha-nam-phu-ly
venues	https://www.thepicklehub.net/san/h83-bac-son-pickleball-thai-nguyen
venues	https://www.thepicklehub.net/vi/san/h83-bac-son-pickleball-thai-nguyen
venues	https://www.thepicklehub.net/san/lad-pickleball-viet-tri
venues	https://www.thepicklehub.net/vi/san/lad-pickleball-viet-tri
venues	https://www.thepicklehub.net/san/san-pickleball-17-arena-thai-binh
venues	https://www.thepicklehub.net/vi/san/san-pickleball-17-arena-thai-binh
venues	https://www.thepicklehub.net/san/san-pickleball-anh-khoa-ninh-binh
venues	https://www.thepicklehub.net/vi/san/san-pickleball-anh-khoa-ninh-binh
venues	https://www.thepicklehub.net/san/san-pickleball-arena-thai-nguyen
venues	https://www.thepicklehub.net/vi/san/san-pickleball-arena-thai-nguyen
venues	https://www.thepicklehub.net/san/san-pickleball-bac-giang-nha-tron-bac-giang
venues	https://www.thepicklehub.net/vi/san/san-pickleball-bac-giang-nha-tron-bac-giang
venues	https://www.thepicklehub.net/san/san-pickleball-bd-bac-giang
venues	https://www.thepicklehub.net/vi/san/san-pickleball-bd-bac-giang
venues	https://www.thepicklehub.net/san/san-pickleball-bom-bg-da-mai-bac-giang
venues	https://www.thepicklehub.net/vi/san/san-pickleball-bom-bg-da-mai-bac-giang
venues	https://www.thepicklehub.net/san/san-pickleball-changhi-ninh-binh
venues	https://www.thepicklehub.net/vi/san/san-pickleball-changhi-ninh-binh
venues	https://www.thepicklehub.net/san/san-pickleball-diamond-arena-thai-binh
venues	https://www.thepicklehub.net/vi/san/san-pickleball-diamond-arena-thai-binh
venues	https://www.thepicklehub.net/san/san-pickleball-dic-academy-vinh-phuc-vinh-yen
venues	https://www.thepicklehub.net/vi/san/san-pickleball-dic-academy-vinh-phuc-vinh-yen
venues	https://www.thepicklehub.net/san/san-pickleball-dong-a-nam-dinh
venues	https://www.thepicklehub.net/vi/san/san-pickleball-dong-a-nam-dinh
venues	https://www.thepicklehub.net/san/san-pickleball-double-t-nam-dinh
venues	https://www.thepicklehub.net/vi/san/san-pickleball-double-t-nam-dinh
venues	https://www.thepicklehub.net/san/san-pickleball-ecopark-van-giang
venues	https://www.thepicklehub.net/vi/san/san-pickleball-ecopark-van-giang
venues	https://www.thepicklehub.net/san/san-pickleball-gia-khang-vinh-phuc-vinh-yen
venues	https://www.thepicklehub.net/vi/san/san-pickleball-gia-khang-vinh-phuc-vinh-yen
venues	https://www.thepicklehub.net/san/san-pickleball-h2-thai-nguyen
venues	https://www.thepicklehub.net/vi/san/san-pickleball-h2-thai-nguyen
venues	https://www.thepicklehub.net/san/san-pickleball-happy-bac-giang
venues	https://www.thepicklehub.net/vi/san/san-pickleball-happy-bac-giang
venues	https://www.thepicklehub.net/san/san-pickleball-happyland-viet-tri
venues	https://www.thepicklehub.net/vi/san/san-pickleball-happyland-viet-tri
venues	https://www.thepicklehub.net/san/san-pickleball-hoang-ha-thai-binh
venues	https://www.thepicklehub.net/vi/san/san-pickleball-hoang-ha-thai-binh
venues	https://www.thepicklehub.net/san/san-pickleball-hung-anh-ninh-binh
venues	https://www.thepicklehub.net/vi/san/san-pickleball-hung-anh-ninh-binh
venues	https://www.thepicklehub.net/san/san-pickleball-hung-nhan-hung-ha
venues	https://www.thepicklehub.net/vi/san/san-pickleball-hung-nhan-hung-ha
venues	https://www.thepicklehub.net/san/san-pickleball-la-vong-nam-dinh
venues	https://www.thepicklehub.net/vi/san/san-pickleball-la-vong-nam-dinh
venues	https://www.thepicklehub.net/san/san-pickleball-lac-quan-nam-dinh
venues	https://www.thepicklehub.net/vi/san/san-pickleball-lac-quan-nam-dinh
venues	https://www.thepicklehub.net/san/san-pickleball-minh-tho-quynh-phu
venues	https://www.thepicklehub.net/vi/san/san-pickleball-minh-tho-quynh-phu
venues	https://www.thepicklehub.net/san/san-pickleball-mt-ninh-binh
venues	https://www.thepicklehub.net/vi/san/san-pickleball-mt-ninh-binh
venues	https://www.thepicklehub.net/san/san-pickleball-my-hao
venues	https://www.thepicklehub.net/vi/san/san-pickleball-my-hao
venues	https://www.thepicklehub.net/san/san-pickleball-nam-song-dao-nam-dinh
venues	https://www.thepicklehub.net/vi/san/san-pickleball-nam-song-dao-nam-dinh
venues	https://www.thepicklehub.net/san/san-pickleball-nam-tran-hung-dao-phu-ly
venues	https://www.thepicklehub.net/vi/san/san-pickleball-nam-tran-hung-dao-phu-ly
venues	https://www.thepicklehub.net/san/san-pickleball-nga-tu-la-hung-ha
venues	https://www.thepicklehub.net/vi/san/san-pickleball-nga-tu-la-hung-ha
venues	https://www.thepicklehub.net/san/san-pickleball-nghia-hung-nam-dinh
venues	https://www.thepicklehub.net/vi/san/san-pickleball-nghia-hung-nam-dinh
venues	https://www.thepicklehub.net/san/san-pickleball-nhat-minh-phuc-yen
venues	https://www.thepicklehub.net/vi/san/san-pickleball-nhat-minh-phuc-yen
venues	https://www.thepicklehub.net/san/san-pickleball-pegos-bac-giang
venues	https://www.thepicklehub.net/vi/san/san-pickleball-pegos-bac-giang
venues	https://www.thepicklehub.net/san/san-pickleball-qt-thai-nguyen
venues	https://www.thepicklehub.net/vi/san/san-pickleball-qt-thai-nguyen
venues	https://www.thepicklehub.net/san/san-pickleball-star-club-viet-tri
venues	https://www.thepicklehub.net/vi/san/san-pickleball-star-club-viet-tri
venues	https://www.thepicklehub.net/san/san-pickleball-t-t-vinh-yen
venues	https://www.thepicklehub.net/vi/san/san-pickleball-t-t-vinh-yen
venues	https://www.thepicklehub.net/san/san-pickleball-tan-dan-phu-nam-dinh
venues	https://www.thepicklehub.net/vi/san/san-pickleball-tan-dan-phu-nam-dinh
venues	https://www.thepicklehub.net/san/san-pickleball-thai-nguyen
venues	https://www.thepicklehub.net/vi/san/san-pickleball-thai-nguyen
venues	https://www.thepicklehub.net/san/san-pickleball-thon-noi-nam-dinh
venues	https://www.thepicklehub.net/vi/san/san-pickleball-thon-noi-nam-dinh
venues	https://www.thepicklehub.net/san/san-pickleball-trung-tam-hung-vuong-van-lam
venues	https://www.thepicklehub.net/vi/san/san-pickleball-trung-tam-hung-vuong-van-lam
venues	https://www.thepicklehub.net/san/san-pickleball-trung-tam-nam-dinh
venues	https://www.thepicklehub.net/vi/san/san-pickleball-trung-tam-nam-dinh
venues	https://www.thepicklehub.net/san/san-pickleball-tuong-minh-bac-giang
venues	https://www.thepicklehub.net/vi/san/san-pickleball-tuong-minh-bac-giang
venues	https://www.thepicklehub.net/san/san-pickleball-viet-ha-vinh-yen
venues	https://www.thepicklehub.net/vi/san/san-pickleball-viet-ha-vinh-yen
venues	https://www.thepicklehub.net/san/san-pickleball-vifoco-bac-giang
venues	https://www.thepicklehub.net/vi/san/san-pickleball-vifoco-bac-giang
venues	https://www.thepicklehub.net/san/san-pickleball-vinh-phuc-academy-vinh-yen
venues	https://www.thepicklehub.net/vi/san/san-pickleball-vinh-phuc-academy-vinh-yen
venues	https://www.thepicklehub.net/san/san-pickleball-voi-t-t-bac-giang
venues	https://www.thepicklehub.net/vi/san/san-pickleball-voi-t-t-bac-giang
venues	https://www.thepicklehub.net/san/san-pickleball-vu-loc-2-van-lam
venues	https://www.thepicklehub.net/vi/san/san-pickleball-vu-loc-2-van-lam
venues	https://www.thepicklehub.net/san/san-pickleball-xuan-truong-nam-dinh
venues	https://www.thepicklehub.net/vi/san/san-pickleball-xuan-truong-nam-dinh
venues	https://www.thepicklehub.net/san/soiva-pickleball-centre-vinh-yen
venues	https://www.thepicklehub.net/vi/san/soiva-pickleball-centre-vinh-yen
venues	https://www.thepicklehub.net/san/alc-pickleball-ha-long
venues	https://www.thepicklehub.net/vi/san/alc-pickleball-ha-long
venues	https://www.thepicklehub.net/san/arena-of-pickleball-hai-duong
venues	https://www.thepicklehub.net/vi/san/arena-of-pickleball-hai-duong
venues	https://www.thepicklehub.net/san/bim-pickleball-central-ha-long
venues	https://www.thepicklehub.net/vi/san/bim-pickleball-central-ha-long
venues	https://www.thepicklehub.net/san/ccn-pickleball-club-uong-bi
venues	https://www.thepicklehub.net/vi/san/ccn-pickleball-club-uong-bi
venues	https://www.thepicklehub.net/san/clb-pickleball-yen-phong-bac-ninh
venues	https://www.thepicklehub.net/vi/san/clb-pickleball-yen-phong-bac-ninh
venues	https://www.thepicklehub.net/san/green-land-pickleball-uong-bi
venues	https://www.thepicklehub.net/vi/san/green-land-pickleball-uong-bi
venues	https://www.thepicklehub.net/san/happy-hub-pickleball-ha-long
venues	https://www.thepicklehub.net/vi/san/happy-hub-pickleball-ha-long
venues	https://www.thepicklehub.net/san/king-pickleball-cam-pha
venues	https://www.thepicklehub.net/vi/san/king-pickleball-cam-pha
venues	https://www.thepicklehub.net/san/phui-pickleball-ha-long
venues	https://www.thepicklehub.net/vi/san/phui-pickleball-ha-long
venues	https://www.thepicklehub.net/san/pickleball-3m-ha-long
venues	https://www.thepicklehub.net/vi/san/pickleball-3m-ha-long
venues	https://www.thepicklehub.net/san/pickleball-cam-thuy-cam-pha
venues	https://www.thepicklehub.net/vi/san/pickleball-cam-thuy-cam-pha
venues	https://www.thepicklehub.net/san/pickleball-ht-ha-long
venues	https://www.thepicklehub.net/vi/san/pickleball-ht-ha-long
venues	https://www.thepicklehub.net/san/pickleball-jupy-ha-long
venues	https://www.thepicklehub.net/vi/san/pickleball-jupy-ha-long
venues	https://www.thepicklehub.net/san/pickleball-trung-vuong-club-uong-bi
venues	https://www.thepicklehub.net/vi/san/pickleball-trung-vuong-club-uong-bi
venues	https://www.thepicklehub.net/san/san-pickleball-1992-bac-ninh
venues	https://www.thepicklehub.net/vi/san/san-pickleball-1992-bac-ninh
venues	https://www.thepicklehub.net/san/san-pickleball-98-tu-son-bac-ninh
venues	https://www.thepicklehub.net/vi/san/san-pickleball-98-tu-son-bac-ninh
venues	https://www.thepicklehub.net/san/san-pickleball-99-bac-ninh
venues	https://www.thepicklehub.net/vi/san/san-pickleball-99-bac-ninh
venues	https://www.thepicklehub.net/san/san-pickleball-ace-bac-ninh
venues	https://www.thepicklehub.net/vi/san/san-pickleball-ace-bac-ninh
venues	https://www.thepicklehub.net/san/san-pickleball-aiko-tam-son-bac-ninh
venues	https://www.thepicklehub.net/vi/san/san-pickleball-aiko-tam-son-bac-ninh
venues	https://www.thepicklehub.net/san/san-pickleball-bac-ninh
venues	https://www.thepicklehub.net/vi/san/san-pickleball-bac-ninh
venues	https://www.thepicklehub.net/san/san-pickleball-beer-center-bac-ninh
venues	https://www.thepicklehub.net/vi/san/san-pickleball-beer-center-bac-ninh
venues	https://www.thepicklehub.net/san/san-pickleball-center-24h-chi-linh
venues	https://www.thepicklehub.net/vi/san/san-pickleball-center-24h-chi-linh
venues	https://www.thepicklehub.net/san/san-pickleball-club-416-hai-duong
venues	https://www.thepicklehub.net/vi/san/san-pickleball-club-416-hai-duong
venues	https://www.thepicklehub.net/san/san-pickleball-cong-doan-ha-long
venues	https://www.thepicklehub.net/vi/san/san-pickleball-cong-doan-ha-long
venues	https://www.thepicklehub.net/san/san-pickleball-deli-bac-ninh
venues	https://www.thepicklehub.net/vi/san/san-pickleball-deli-bac-ninh
venues	https://www.thepicklehub.net/san/san-pickleball-doan-dinh-duyet-hai-duong
venues	https://www.thepicklehub.net/vi/san/san-pickleball-doan-dinh-duyet-hai-duong
venues	https://www.thepicklehub.net/san/san-pickleball-friends-club-bac-ninh
venues	https://www.thepicklehub.net/vi/san/san-pickleball-friends-club-bac-ninh
venues	https://www.thepicklehub.net/san/san-pickleball-hdsport-36-hai-duong
venues	https://www.thepicklehub.net/vi/san/san-pickleball-hdsport-36-hai-duong
venues	https://www.thepicklehub.net/san/san-pickleball-hoang-long-1-bac-ninh
venues	https://www.thepicklehub.net/vi/san/san-pickleball-hoang-long-1-bac-ninh
venues	https://www.thepicklehub.net/san/san-pickleball-hoang-long-2-bac-ninh
venues	https://www.thepicklehub.net/vi/san/san-pickleball-hoang-long-2-bac-ninh
venues	https://www.thepicklehub.net/san/san-pickleball-hung-phat-my-hao
venues	https://www.thepicklehub.net/vi/san/san-pickleball-hung-phat-my-hao
venues	https://www.thepicklehub.net/san/san-pickleball-king-hai-duong
venues	https://www.thepicklehub.net/vi/san/san-pickleball-king-hai-duong
venues	https://www.thepicklehub.net/san/san-pickleball-kinh-bac-bac-ninh
venues	https://www.thepicklehub.net/vi/san/san-pickleball-kinh-bac-bac-ninh
venues	https://www.thepicklehub.net/san/san-pickleball-kt-bac-ninh
venues	https://www.thepicklehub.net/vi/san/san-pickleball-kt-bac-ninh
venues	https://www.thepicklehub.net/san/san-pickleball-level-s-bac-ninh
venues	https://www.thepicklehub.net/vi/san/san-pickleball-level-s-bac-ninh
venues	https://www.thepicklehub.net/san/san-pickleball-mai-ngoc-van-giang
venues	https://www.thepicklehub.net/vi/san/san-pickleball-mai-ngoc-van-giang
venues	https://www.thepicklehub.net/san/san-pickleball-nam-phong-bac-ninh
venues	https://www.thepicklehub.net/vi/san/san-pickleball-nam-phong-bac-ninh
venues	https://www.thepicklehub.net/san/san-pickleball-ok-my-hao
venues	https://www.thepicklehub.net/vi/san/san-pickleball-ok-my-hao
venues	https://www.thepicklehub.net/san/san-pickleball-stars-ha-long
venues	https://www.thepicklehub.net/vi/san/san-pickleball-stars-ha-long
venues	https://www.thepicklehub.net/san/san-pickleball-the-pickle-pit-bac-ninh
venues	https://www.thepicklehub.net/vi/san/san-pickleball-the-pickle-pit-bac-ninh
venues	https://www.thepicklehub.net/san/san-pickleball-thuong-dong-bac-ninh
venues	https://www.thepicklehub.net/vi/san/san-pickleball-thuong-dong-bac-ninh
venues	https://www.thepicklehub.net/san/san-pickleball-thuy-san-bac-ninh
venues	https://www.thepicklehub.net/vi/san/san-pickleball-thuy-san-bac-ninh
venues	https://www.thepicklehub.net/san/san-pickleball-tiger-hai-duong
venues	https://www.thepicklehub.net/vi/san/san-pickleball-tiger-hai-duong
venues	https://www.thepicklehub.net/san/san-pickleball-top-hd-hai-duong
venues	https://www.thepicklehub.net/vi/san/san-pickleball-top-hd-hai-duong
venues	https://www.thepicklehub.net/san/san-pickleball-ts-99-bac-ninh
venues	https://www.thepicklehub.net/vi/san/san-pickleball-ts-99-bac-ninh
venues	https://www.thepicklehub.net/san/san-pickleball-wukong-bac-ninh
venues	https://www.thepicklehub.net/vi/san/san-pickleball-wukong-bac-ninh
venues	https://www.thepicklehub.net/san/san-pickleball-yen-phu-club-yen-my
venues	https://www.thepicklehub.net/vi/san/san-pickleball-yen-phu-club-yen-my
venues	https://www.thepicklehub.net/san/tct-pickleball-ha-long-center-ha-long
venues	https://www.thepicklehub.net/vi/san/tct-pickleball-ha-long-center-ha-long
venues	https://www.thepicklehub.net/san/tukwila-ha-long
venues	https://www.thepicklehub.net/vi/san/tukwila-ha-long
venues	https://www.thepicklehub.net/san/watson-pickleball-ha-long
venues	https://www.thepicklehub.net/vi/san/watson-pickleball-ha-long
venues	https://www.thepicklehub.net/san/3h-pickleball-club-coffee-binh-duong
venues	https://www.thepicklehub.net/vi/san/3h-pickleball-club-coffee-binh-duong
venues	https://www.thepicklehub.net/san/b-b-pickleball-club-quy-nhon
venues	https://www.thepicklehub.net/vi/san/b-b-pickleball-club-quy-nhon
venues	https://www.thepicklehub.net/san/clb-pickleball-06-giai-phong-buon-ma-thuot
venues	https://www.thepicklehub.net/vi/san/clb-pickleball-06-giai-phong-buon-ma-thuot
venues	https://www.thepicklehub.net/san/clb-pickleball-kita-buon-ma-thuot
venues	https://www.thepicklehub.net/vi/san/clb-pickleball-kita-buon-ma-thuot
venues	https://www.thepicklehub.net/san/dong-nam-pickleball-buon-ma-thuot
venues	https://www.thepicklehub.net/vi/san/dong-nam-pickleball-buon-ma-thuot
venues	https://www.thepicklehub.net/san/ha-phuong-pickleball-binh-duong
venues	https://www.thepicklehub.net/vi/san/ha-phuong-pickleball-binh-duong
venues	https://www.thepicklehub.net/san/hue-pickleball-arena-hue
venues	https://www.thepicklehub.net/vi/san/hue-pickleball-arena-hue
venues	https://www.thepicklehub.net/san/hueic-pickleball-club-hue
venues	https://www.thepicklehub.net/vi/san/hueic-pickleball-club-hue
venues	https://www.thepicklehub.net/san/jj-sports-pickleball-binh-duong
venues	https://www.thepicklehub.net/vi/san/jj-sports-pickleball-binh-duong
venues	https://www.thepicklehub.net/san/kong-pickleball-buon-ma-thuot
venues	https://www.thepicklehub.net/vi/san/kong-pickleball-buon-ma-thuot
venues	https://www.thepicklehub.net/san/louis-pickleball-hue
venues	https://www.thepicklehub.net/vi/san/louis-pickleball-hue
venues	https://www.thepicklehub.net/san/mango-pickleball-hue
venues	https://www.thepicklehub.net/vi/san/mango-pickleball-hue
venues	https://www.thepicklehub.net/san/nha-thi-dau-hon-ro-nha-trang
venues	https://www.thepicklehub.net/vi/san/nha-thi-dau-hon-ro-nha-trang
venues	https://www.thepicklehub.net/san/pickleball-ck-dak-lak-buon-ma-thuot
venues	https://www.thepicklehub.net/vi/san/pickleball-ck-dak-lak-buon-ma-thuot
venues	https://www.thepicklehub.net/san/pickleball-friends-club-quy-nhon
venues	https://www.thepicklehub.net/vi/san/pickleball-friends-club-quy-nhon
venues	https://www.thepicklehub.net/san/pickleball-hoang-sa-nha-trang
venues	https://www.thepicklehub.net/vi/san/pickleball-hoang-sa-nha-trang
venues	https://www.thepicklehub.net/san/pickleball-k-joy-buon-ma-thuot
venues	https://www.thepicklehub.net/vi/san/pickleball-k-joy-buon-ma-thuot
venues	https://www.thepicklehub.net/san/pickleball-le-gia-buon-ma-thuot
venues	https://www.thepicklehub.net/vi/san/pickleball-le-gia-buon-ma-thuot
venues	https://www.thepicklehub.net/san/pickleball-zone-75-hue
venues	https://www.thepicklehub.net/vi/san/pickleball-zone-75-hue
venues	https://www.thepicklehub.net/san/san-cau-long-pickleball-phu-dat-binh-duong
venues	https://www.thepicklehub.net/vi/san/san-cau-long-pickleball-phu-dat-binh-duong
venues	https://www.thepicklehub.net/san/san-pickleball-234-bien-hoa
venues	https://www.thepicklehub.net/vi/san/san-pickleball-234-bien-hoa
venues	https://www.thepicklehub.net/san/san-pickleball-260-dien-bien-phu-nha-trang
venues	https://www.thepicklehub.net/vi/san/san-pickleball-260-dien-bien-phu-nha-trang
venues	https://www.thepicklehub.net/san/san-pickleball-633-vinh-niem-hai-phong
venues	https://www.thepicklehub.net/vi/san/san-pickleball-633-vinh-niem-hai-phong
venues	https://www.thepicklehub.net/san/san-pickleball-77-quy-nhon
venues	https://www.thepicklehub.net/vi/san/san-pickleball-77-quy-nhon
venues	https://www.thepicklehub.net/san/san-pickleball-99-bien-hoa
venues	https://www.thepicklehub.net/vi/san/san-pickleball-99-bien-hoa
venues	https://www.thepicklehub.net/san/san-pickleball-banuri-nha-trang
venues	https://www.thepicklehub.net/vi/san/san-pickleball-banuri-nha-trang
venues	https://www.thepicklehub.net/san/san-pickleball-bien-hoa-nguyen-ai-quoc-bien-hoa
venues	https://www.thepicklehub.net/vi/san/san-pickleball-bien-hoa-nguyen-ai-quoc-bien-hoa
venues	https://www.thepicklehub.net/san/san-pickleball-chanh-nghia-binh-duong
venues	https://www.thepicklehub.net/vi/san/san-pickleball-chanh-nghia-binh-duong
venues	https://www.thepicklehub.net/san/san-pickleball-dinh-cao-bien-hoa
venues	https://www.thepicklehub.net/vi/san/san-pickleball-dinh-cao-bien-hoa
venues	https://www.thepicklehub.net/san/san-pickleball-doi-rong-hai-phong
venues	https://www.thepicklehub.net/vi/san/san-pickleball-doi-rong-hai-phong
venues	https://www.thepicklehub.net/san/san-pickleball-dsd-nha-trang
venues	https://www.thepicklehub.net/vi/san/san-pickleball-dsd-nha-trang
venues	https://www.thepicklehub.net/san/san-pickleball-hai-an-hai-phong
venues	https://www.thepicklehub.net/vi/san/san-pickleball-hai-an-hai-phong
venues	https://www.thepicklehub.net/san/san-pickleball-hiep-hoa-bien-hoa
venues	https://www.thepicklehub.net/vi/san/san-pickleball-hiep-hoa-bien-hoa
venues	https://www.thepicklehub.net/san/san-pickleball-hoang-gia-binh-duong
venues	https://www.thepicklehub.net/vi/san/san-pickleball-hoang-gia-binh-duong
venues	https://www.thepicklehub.net/san/san-pickleball-hung-vuong-hai-phong
venues	https://www.thepicklehub.net/vi/san/san-pickleball-hung-vuong-hai-phong
venues	https://www.thepicklehub.net/san/san-pickleball-k-a-friends-hai-phong
venues	https://www.thepicklehub.net/vi/san/san-pickleball-k-a-friends-hai-phong
venues	https://www.thepicklehub.net/san/san-pickleball-khang-tram-quy-nhon
venues	https://www.thepicklehub.net/vi/san/san-pickleball-khang-tram-quy-nhon
venues	https://www.thepicklehub.net/san/san-pickleball-nguyen-thi-dinh-quy-nhon
venues	https://www.thepicklehub.net/vi/san/san-pickleball-nguyen-thi-dinh-quy-nhon
venues	https://www.thepicklehub.net/san/san-pickleball-olala-nha-trang
venues	https://www.thepicklehub.net/vi/san/san-pickleball-olala-nha-trang
venues	https://www.thepicklehub.net/san/san-pickleball-picklepark-quy-nhon
venues	https://www.thepicklehub.net/vi/san/san-pickleball-picklepark-quy-nhon
venues	https://www.thepicklehub.net/san/san-pickleball-thai-son-hai-phong
venues	https://www.thepicklehub.net/vi/san/san-pickleball-thai-son-hai-phong
venues	https://www.thepicklehub.net/san/san-pickleball-thanh-long-hai-phong
venues	https://www.thepicklehub.net/vi/san/san-pickleball-thanh-long-hai-phong
venues	https://www.thepicklehub.net/san/san-pickleball-tivit-binh-duong
venues	https://www.thepicklehub.net/vi/san/san-pickleball-tivit-binh-duong
venues	https://www.thepicklehub.net/san/san-pickleball-vien-dong-nha-trang
venues	https://www.thepicklehub.net/vi/san/san-pickleball-vien-dong-nha-trang
venues	https://www.thepicklehub.net/san/san-tennis-pickleball-hiep-thanh-binh-duong
venues	https://www.thepicklehub.net/vi/san/san-tennis-pickleball-hiep-thanh-binh-duong
venues	https://www.thepicklehub.net/san/zone-pickleball-club-binh-duong
venues	https://www.thepicklehub.net/vi/san/zone-pickleball-club-binh-duong
venues	https://www.thepicklehub.net/san/ace-pickleball-da-nang
venues	https://www.thepicklehub.net/vi/san/ace-pickleball-da-nang
venues	https://www.thepicklehub.net/san/bach-dang-pickleball-da-nang
venues	https://www.thepicklehub.net/vi/san/bach-dang-pickleball-da-nang
venues	https://www.thepicklehub.net/san/bee-pickleball-can-tho
venues	https://www.thepicklehub.net/vi/san/bee-pickleball-can-tho
venues	https://www.thepicklehub.net/san/can-tho-pickleball-club-can-tho
venues	https://www.thepicklehub.net/vi/san/can-tho-pickleball-club-can-tho
venues	https://www.thepicklehub.net/san/cau-long-pickleball-truc-my-can-tho
venues	https://www.thepicklehub.net/vi/san/cau-long-pickleball-truc-my-can-tho
venues	https://www.thepicklehub.net/san/clb-pickleball-hq-79-da-nang
venues	https://www.thepicklehub.net/vi/san/clb-pickleball-hq-79-da-nang
venues	https://www.thepicklehub.net/san/club-72-pickleball-vung-tau
venues	https://www.thepicklehub.net/vi/san/club-72-pickleball-vung-tau
venues	https://www.thepicklehub.net/san/crush-pickleball-coffee-da-nang
venues	https://www.thepicklehub.net/vi/san/crush-pickleball-coffee-da-nang
venues	https://www.thepicklehub.net/san/dao-xanh-pickleball-da-nang
venues	https://www.thepicklehub.net/vi/san/dao-xanh-pickleball-da-nang
venues	https://www.thepicklehub.net/san/diamond-sport-vung-tau
venues	https://www.thepicklehub.net/vi/san/diamond-sport-vung-tau
venues	https://www.thepicklehub.net/san/euro-villa-pickleball-da-nang
venues	https://www.thepicklehub.net/vi/san/euro-villa-pickleball-da-nang
venues	https://www.thepicklehub.net/san/g4-pickleball-da-nang
venues	https://www.thepicklehub.net/vi/san/g4-pickleball-da-nang
venues	https://www.thepicklehub.net/san/golden-tennis-pickleball-hai-chau-da-nang
venues	https://www.thepicklehub.net/vi/san/golden-tennis-pickleball-hai-chau-da-nang
venues	https://www.thepicklehub.net/san/hiti-pickleball-da-nang
venues	https://www.thepicklehub.net/vi/san/hiti-pickleball-da-nang
venues	https://www.thepicklehub.net/san/hobby-club-pickleball-vung-tau
venues	https://www.thepicklehub.net/vi/san/hobby-club-pickleball-vung-tau
venues	https://www.thepicklehub.net/san/hp-pickleball-vung-tau
venues	https://www.thepicklehub.net/vi/san/hp-pickleball-vung-tau
venues	https://www.thepicklehub.net/san/kaka-sport-pickleball-da-nang
venues	https://www.thepicklehub.net/vi/san/kaka-sport-pickleball-da-nang
venues	https://www.thepicklehub.net/san/ken-pickleball-da-nang
venues	https://www.thepicklehub.net/vi/san/ken-pickleball-da-nang
venues	https://www.thepicklehub.net/san/lemon-riverside-da-nang
venues	https://www.thepicklehub.net/vi/san/lemon-riverside-da-nang
venues	https://www.thepicklehub.net/san/miami-pickleball-da-nang
venues	https://www.thepicklehub.net/vi/san/miami-pickleball-da-nang
venues	https://www.thepicklehub.net/san/ngu-hanh-son-pickleball-da-nang
venues	https://www.thepicklehub.net/vi/san/ngu-hanh-son-pickleball-da-nang
venues	https://www.thepicklehub.net/san/pickleball-171-da-nang
venues	https://www.thepicklehub.net/vi/san/pickleball-171-da-nang
venues	https://www.thepicklehub.net/san/pickleball-c-club-academy-can-tho
venues	https://www.thepicklehub.net/vi/san/pickleball-c-club-academy-can-tho
venues	https://www.thepicklehub.net/san/pickleball-friendship-vung-tau
venues	https://www.thepicklehub.net/vi/san/pickleball-friendship-vung-tau
venues	https://www.thepicklehub.net/san/pickleball-nam-can-tho
venues	https://www.thepicklehub.net/vi/san/pickleball-nam-can-tho
venues	https://www.thepicklehub.net/san/pickleball-nam-hai-van-sport-da-nang
venues	https://www.thepicklehub.net/vi/san/pickleball-nam-hai-van-sport-da-nang
venues	https://www.thepicklehub.net/san/pickleball-phoenix-8s-vung-tau
venues	https://www.thepicklehub.net/vi/san/pickleball-phoenix-8s-vung-tau
venues	https://www.thepicklehub.net/san/pickleball-tuan-nhan-da-nang
venues	https://www.thepicklehub.net/vi/san/pickleball-tuan-nhan-da-nang
venues	https://www.thepicklehub.net/san/picklehead-my-khe-beach-da-nang
venues	https://www.thepicklehub.net/vi/san/picklehead-my-khe-beach-da-nang
venues	https://www.thepicklehub.net/san/pika-pickleball-cafe-vung-tau
venues	https://www.thepicklehub.net/vi/san/pika-pickleball-cafe-vung-tau
venues	https://www.thepicklehub.net/san/pinpon-badminton-pickleball-da-nang
venues	https://www.thepicklehub.net/vi/san/pinpon-badminton-pickleball-da-nang
venues	https://www.thepicklehub.net/san/pro-pickleball-da-nang
venues	https://www.thepicklehub.net/vi/san/pro-pickleball-da-nang
venues	https://www.thepicklehub.net/san/san-bien-dong-pickleball-da-nang
venues	https://www.thepicklehub.net/vi/san/san-bien-dong-pickleball-da-nang
venues	https://www.thepicklehub.net/san/san-cau-long-pickleball-586-can-tho
venues	https://www.thepicklehub.net/vi/san/san-cau-long-pickleball-586-can-tho
venues	https://www.thepicklehub.net/san/san-courtyard-pickle-da-nang
venues	https://www.thepicklehub.net/vi/san/san-courtyard-pickle-da-nang
venues	https://www.thepicklehub.net/san/san-pickleball-quang-minh-da-nang
venues	https://www.thepicklehub.net/vi/san/san-pickleball-quang-minh-da-nang
venues	https://www.thepicklehub.net/san/san-pickleball-thien-quan-can-tho
venues	https://www.thepicklehub.net/vi/san/san-pickleball-thien-quan-can-tho
venues	https://www.thepicklehub.net/san/san-tennis-pickleball-van-tuong-da-nang
venues	https://www.thepicklehub.net/vi/san/san-tennis-pickleball-van-tuong-da-nang
venues	https://www.thepicklehub.net/san/san-the-thao-nonstop-can-tho
venues	https://www.thepicklehub.net/vi/san/san-the-thao-nonstop-can-tho
venues	https://www.thepicklehub.net/san/san-trang-hoang-pickleball-da-nang
venues	https://www.thepicklehub.net/vi/san/san-trang-hoang-pickleball-da-nang
venues	https://www.thepicklehub.net/san/smile-pickleball-da-nang
venues	https://www.thepicklehub.net/vi/san/smile-pickleball-da-nang
venues	https://www.thepicklehub.net/san/smooth-pickleball-center-cn1-da-nang
venues	https://www.thepicklehub.net/vi/san/smooth-pickleball-center-cn1-da-nang
venues	https://www.thepicklehub.net/san/smooth-pickleball-center-cn2-da-nang
venues	https://www.thepicklehub.net/vi/san/smooth-pickleball-center-cn2-da-nang
venues	https://www.thepicklehub.net/san/smooth-pickleball-center-cn3-da-nang
venues	https://www.thepicklehub.net/vi/san/smooth-pickleball-center-cn3-da-nang
venues	https://www.thepicklehub.net/san/song-thu-pickleball-da-nang
venues	https://www.thepicklehub.net/vi/san/song-thu-pickleball-da-nang
venues	https://www.thepicklehub.net/san/ss-arena-vung-tau-pickleball-vung-tau
venues	https://www.thepicklehub.net/vi/san/ss-arena-vung-tau-pickleball-vung-tau
venues	https://www.thepicklehub.net/san/trung-tam-tdtt-qp3-pickleball-da-nang
venues	https://www.thepicklehub.net/vi/san/trung-tam-tdtt-qp3-pickleball-da-nang
venues	https://www.thepicklehub.net/san/tuyen-son-sport-complex-da-nang
venues	https://www.thepicklehub.net/vi/san/tuyen-son-sport-complex-da-nang
venues	https://www.thepicklehub.net/san/usc-pickleball-can-tho
venues	https://www.thepicklehub.net/vi/san/usc-pickleball-can-tho
venues	https://www.thepicklehub.net/san/zone-92-pickleball-vung-tau
venues	https://www.thepicklehub.net/vi/san/zone-92-pickleball-vung-tau
venues	https://www.thepicklehub.net/san/binh-rafa-pickleball-club-da-nang
venues	https://www.thepicklehub.net/vi/san/binh-rafa-pickleball-club-da-nang
venues	https://www.thepicklehub.net/san/cn-pickleball-da-nang
venues	https://www.thepicklehub.net/vi/san/cn-pickleball-da-nang
venues	https://www.thepicklehub.net/san/da-nang-unity-pickleball-da-nang
venues	https://www.thepicklehub.net/vi/san/da-nang-unity-pickleball-da-nang
venues	https://www.thepicklehub.net/san/duy-king-pickleball-da-nang
venues	https://www.thepicklehub.net/vi/san/duy-king-pickleball-da-nang
venues	https://www.thepicklehub.net/san/fit-fun-pickleball-da-nang
venues	https://www.thepicklehub.net/vi/san/fit-fun-pickleball-da-nang
venues	https://www.thepicklehub.net/san/gia-bao-sport-tp-hcm
venues	https://www.thepicklehub.net/vi/san/gia-bao-sport-tp-hcm
venues	https://www.thepicklehub.net/san/golden-tennis-pickleball-son-tra-da-nang
venues	https://www.thepicklehub.net/vi/san/golden-tennis-pickleball-son-tra-da-nang
venues	https://www.thepicklehub.net/san/kina-pickleball-da-nang
venues	https://www.thepicklehub.net/vi/san/kina-pickleball-da-nang
venues	https://www.thepicklehub.net/san/nana-pickleball-da-nang
venues	https://www.thepicklehub.net/vi/san/nana-pickleball-da-nang
venues	https://www.thepicklehub.net/san/pickle-farm-tp-hcm
venues	https://www.thepicklehub.net/vi/san/pickle-farm-tp-hcm
venues	https://www.thepicklehub.net/san/pickleball-da-nang
venues	https://www.thepicklehub.net/vi/san/pickleball-da-nang
venues	https://www.thepicklehub.net/san/pickleball-song-han-da-nang
venues	https://www.thepicklehub.net/vi/san/pickleball-song-han-da-nang
venues	https://www.thepicklehub.net/san/pickleball-thanh-khe-da-nang
venues	https://www.thepicklehub.net/vi/san/pickleball-thanh-khe-da-nang
venues	https://www.thepicklehub.net/san/picklebeer-pickleball-da-nang
venues	https://www.thepicklehub.net/vi/san/picklebeer-pickleball-da-nang
venues	https://www.thepicklehub.net/san/san-pickleball-152-nguyen-oanh-tp-hcm
venues	https://www.thepicklehub.net/vi/san/san-pickleball-152-nguyen-oanh-tp-hcm
venues	https://www.thepicklehub.net/san/san-pickleball-3b-le-quy-don-tp-hcm
venues	https://www.thepicklehub.net/vi/san/san-pickleball-3b-le-quy-don-tp-hcm
venues	https://www.thepicklehub.net/san/san-pickleball-426-tp-hcm
venues	https://www.thepicklehub.net/vi/san/san-pickleball-426-tp-hcm
venues	https://www.thepicklehub.net/san/san-pickleball-89-tp-hcm
venues	https://www.thepicklehub.net/vi/san/san-pickleball-89-tp-hcm
venues	https://www.thepicklehub.net/san/san-pickleball-apt-tp-hcm
venues	https://www.thepicklehub.net/vi/san/san-pickleball-apt-tp-hcm
venues	https://www.thepicklehub.net/san/san-pickleball-atc-tp-hcm
venues	https://www.thepicklehub.net/vi/san/san-pickleball-atc-tp-hcm
venues	https://www.thepicklehub.net/san/san-pickleball-binh-loi-tp-hcm
venues	https://www.thepicklehub.net/vi/san/san-pickleball-binh-loi-tp-hcm
venues	https://www.thepicklehub.net/san/san-pickleball-dub-tp-hcm
venues	https://www.thepicklehub.net/vi/san/san-pickleball-dub-tp-hcm
venues	https://www.thepicklehub.net/san/san-pickleball-fairplay-da-nang
venues	https://www.thepicklehub.net/vi/san/san-pickleball-fairplay-da-nang
venues	https://www.thepicklehub.net/san/san-pickleball-goat-cong-hoa-tp-hcm
venues	https://www.thepicklehub.net/vi/san/san-pickleball-goat-cong-hoa-tp-hcm
venues	https://www.thepicklehub.net/san/san-pickleball-hang-khong-phia-nam-tp-hcm
venues	https://www.thepicklehub.net/vi/san/san-pickleball-hang-khong-phia-nam-tp-hcm
venues	https://www.thepicklehub.net/san/san-pickleball-happy-tp-hcm
venues	https://www.thepicklehub.net/vi/san/san-pickleball-happy-tp-hcm
venues	https://www.thepicklehub.net/san/san-pickleball-hiep-binh-tp-hcm
venues	https://www.thepicklehub.net/vi/san/san-pickleball-hiep-binh-tp-hcm
venues	https://www.thepicklehub.net/san/san-pickleball-hoang-long-tp-hcm
venues	https://www.thepicklehub.net/vi/san/san-pickleball-hoang-long-tp-hcm
venues	https://www.thepicklehub.net/san/san-pickleball-hoang-sam-da-nang
venues	https://www.thepicklehub.net/vi/san/san-pickleball-hoang-sam-da-nang
venues	https://www.thepicklehub.net/san/san-pickleball-hong-bay-tp-hcm
venues	https://www.thepicklehub.net/vi/san/san-pickleball-hong-bay-tp-hcm
venues	https://www.thepicklehub.net/san/san-pickleball-indexsport-da-nang
venues	https://www.thepicklehub.net/vi/san/san-pickleball-indexsport-da-nang
venues	https://www.thepicklehub.net/san/san-pickleball-k99-tp-hcm
venues	https://www.thepicklehub.net/vi/san/san-pickleball-k99-tp-hcm
venues	https://www.thepicklehub.net/san/san-pickleball-lc-thanh-da-tp-hcm
venues	https://www.thepicklehub.net/vi/san/san-pickleball-lc-thanh-da-tp-hcm
venues	https://www.thepicklehub.net/san/san-pickleball-nha-minh-tp-hcm
venues	https://www.thepicklehub.net/vi/san/san-pickleball-nha-minh-tp-hcm
venues	https://www.thepicklehub.net/san/san-pickleball-nk-tp-hcm
venues	https://www.thepicklehub.net/vi/san/san-pickleball-nk-tp-hcm
venues	https://www.thepicklehub.net/san/san-pickleball-piko-house-tp-hcm
venues	https://www.thepicklehub.net/vi/san/san-pickleball-piko-house-tp-hcm
venues	https://www.thepicklehub.net/san/san-pickleball-pk-tan-phu-tp-hcm
venues	https://www.thepicklehub.net/vi/san/san-pickleball-pk-tan-phu-tp-hcm
venues	https://www.thepicklehub.net/san/san-pickleball-pooc-tp-hcm
venues	https://www.thepicklehub.net/vi/san/san-pickleball-pooc-tp-hcm
venues	https://www.thepicklehub.net/san/san-pickleball-sinh-to-tp-hcm
venues	https://www.thepicklehub.net/vi/san/san-pickleball-sinh-to-tp-hcm
venues	https://www.thepicklehub.net/san/san-pickleball-tan-an-huy-tp-hcm
venues	https://www.thepicklehub.net/vi/san/san-pickleball-tan-an-huy-tp-hcm
venues	https://www.thepicklehub.net/san/san-pickleball-tmt-tp-hcm
venues	https://www.thepicklehub.net/vi/san/san-pickleball-tmt-tp-hcm
venues	https://www.thepicklehub.net/san/san-pickleball-ts-sports-tp-hcm
venues	https://www.thepicklehub.net/vi/san/san-pickleball-ts-sports-tp-hcm
venues	https://www.thepicklehub.net/san/san-pickleball-tta-tp-hcm
venues	https://www.thepicklehub.net/vi/san/san-pickleball-tta-tp-hcm
venues	https://www.thepicklehub.net/san/san-pickleball-warehouse-go-vap-tp-hcm
venues	https://www.thepicklehub.net/vi/san/san-pickleball-warehouse-go-vap-tp-hcm
venues	https://www.thepicklehub.net/san/san-pickoball-saigon-tp-hcm
venues	https://www.thepicklehub.net/vi/san/san-pickoball-saigon-tp-hcm
venues	https://www.thepicklehub.net/san/san-t-pickleball-tp-hcm
venues	https://www.thepicklehub.net/vi/san/san-t-pickleball-tp-hcm
venues	https://www.thepicklehub.net/san/thep-viet-pickleball-da-nang
venues	https://www.thepicklehub.net/vi/san/thep-viet-pickleball-da-nang
venues	https://www.thepicklehub.net/san/trung-tam-tennis-pickleball-tttc-da-nang
venues	https://www.thepicklehub.net/vi/san/trung-tam-tennis-pickleball-tttc-da-nang
venues	https://www.thepicklehub.net/san/viet-pickleball-go-dua-tp-hcm
venues	https://www.thepicklehub.net/vi/san/viet-pickleball-go-dua-tp-hcm
venues	https://www.thepicklehub.net/san/vq-fitness-pickleball-club-da-nang
venues	https://www.thepicklehub.net/vi/san/vq-fitness-pickleball-club-da-nang
venues	https://www.thepicklehub.net/san/3t-pickleball-club-tp-hcm
venues	https://www.thepicklehub.net/vi/san/3t-pickleball-club-tp-hcm
venues	https://www.thepicklehub.net/san/9196-sport-club-tp-hcm
venues	https://www.thepicklehub.net/vi/san/9196-sport-club-tp-hcm
venues	https://www.thepicklehub.net/san/alp-pickleball-coffee-tp-hcm
venues	https://www.thepicklehub.net/vi/san/alp-pickleball-coffee-tp-hcm
venues	https://www.thepicklehub.net/san/black-panther-pickleball-tp-hcm
venues	https://www.thepicklehub.net/vi/san/black-panther-pickleball-tp-hcm
venues	https://www.thepicklehub.net/san/chanh-pickleball-tp-hcm
venues	https://www.thepicklehub.net/vi/san/chanh-pickleball-tp-hcm
venues	https://www.thepicklehub.net/san/clb-pickleball-au-co-tp-hcm
venues	https://www.thepicklehub.net/vi/san/clb-pickleball-au-co-tp-hcm
venues	https://www.thepicklehub.net/san/clb-pickleball-gia-hoa-tp-hcm
venues	https://www.thepicklehub.net/vi/san/clb-pickleball-gia-hoa-tp-hcm
venues	https://www.thepicklehub.net/san/clb-pickleball-hoang-thanh-trung-tp-hcm
venues	https://www.thepicklehub.net/vi/san/clb-pickleball-hoang-thanh-trung-tp-hcm
venues	https://www.thepicklehub.net/san/clb-tennis-pickleball-bac-rach-chiec-tp-hcm
venues	https://www.thepicklehub.net/vi/san/clb-tennis-pickleball-bac-rach-chiec-tp-hcm
venues	https://www.thepicklehub.net/san/coffee-pickleball-q12-tp-hcm
venues	https://www.thepicklehub.net/vi/san/coffee-pickleball-q12-tp-hcm
venues	https://www.thepicklehub.net/san/dd9-pickleball-vinhomes-grand-park-tp-hcm
venues	https://www.thepicklehub.net/vi/san/dd9-pickleball-vinhomes-grand-park-tp-hcm
venues	https://www.thepicklehub.net/san/duc-kim-pickleball-badminton-tp-hcm
venues	https://www.thepicklehub.net/vi/san/duc-kim-pickleball-badminton-tp-hcm
venues	https://www.thepicklehub.net/san/hm-pickleball-tp-hcm
venues	https://www.thepicklehub.net/vi/san/hm-pickleball-tp-hcm
venues	https://www.thepicklehub.net/san/kenik-pickleball-vinhomes-grand-park-tp-hcm
venues	https://www.thepicklehub.net/vi/san/kenik-pickleball-vinhomes-grand-park-tp-hcm
venues	https://www.thepicklehub.net/san/magic-pickleball-coffee-tp-hcm
venues	https://www.thepicklehub.net/vi/san/magic-pickleball-coffee-tp-hcm
venues	https://www.thepicklehub.net/san/newborn-pickleball-center-tp-hcm
venues	https://www.thepicklehub.net/vi/san/newborn-pickleball-center-tp-hcm
venues	https://www.thepicklehub.net/san/nt-pickleball-center-tp-hcm
venues	https://www.thepicklehub.net/vi/san/nt-pickleball-center-tp-hcm
venues	https://www.thepicklehub.net/san/pickleball-an-loc-tp-hcm
venues	https://www.thepicklehub.net/vi/san/pickleball-an-loc-tp-hcm
venues	https://www.thepicklehub.net/san/pickleball-dinkcow-tp-hcm
venues	https://www.thepicklehub.net/vi/san/pickleball-dinkcow-tp-hcm
venues	https://www.thepicklehub.net/san/pickleball-firekitchen-tp-hcm
venues	https://www.thepicklehub.net/vi/san/pickleball-firekitchen-tp-hcm
venues	https://www.thepicklehub.net/san/pickleball-kingdom-saigon-tp-hcm
venues	https://www.thepicklehub.net/vi/san/pickleball-kingdom-saigon-tp-hcm
venues	https://www.thepicklehub.net/san/pickleball-mega-gym-tp-hcm
venues	https://www.thepicklehub.net/vi/san/pickleball-mega-gym-tp-hcm
venues	https://www.thepicklehub.net/san/pickleball-prs-tp-hcm
venues	https://www.thepicklehub.net/vi/san/pickleball-prs-tp-hcm
venues	https://www.thepicklehub.net/san/pickleball-q8-tp-hcm
venues	https://www.thepicklehub.net/vi/san/pickleball-q8-tp-hcm
venues	https://www.thepicklehub.net/san/pickleball-sky9-tp-hcm
venues	https://www.thepicklehub.net/vi/san/pickleball-sky9-tp-hcm
venues	https://www.thepicklehub.net/san/pickleball-vi-ngon-thu-duc-tp-hcm
venues	https://www.thepicklehub.net/vi/san/pickleball-vi-ngon-thu-duc-tp-hcm
venues	https://www.thepicklehub.net/san/pickleball-win-club-tp-hcm
venues	https://www.thepicklehub.net/vi/san/pickleball-win-club-tp-hcm
venues	https://www.thepicklehub.net/san/roy-h-pickleball-tp-hcm
venues	https://www.thepicklehub.net/vi/san/roy-h-pickleball-tp-hcm
venues	https://www.thepicklehub.net/san/rudal-pickleball-quan-12-tp-hcm
venues	https://www.thepicklehub.net/vi/san/rudal-pickleball-quan-12-tp-hcm
venues	https://www.thepicklehub.net/san/san-pickleball-130-che-lan-vien-tp-hcm
venues	https://www.thepicklehub.net/vi/san/san-pickleball-130-che-lan-vien-tp-hcm
venues	https://www.thepicklehub.net/san/san-pickleball-haan-q12-tp-hcm
venues	https://www.thepicklehub.net/vi/san/san-pickleball-haan-q12-tp-hcm
venues	https://www.thepicklehub.net/san/san-pickleball-ky-hoa-2-tp-hcm
venues	https://www.thepicklehub.net/vi/san/san-pickleball-ky-hoa-2-tp-hcm
venues	https://www.thepicklehub.net/san/san-pickleball-lan-anh-tp-hcm
venues	https://www.thepicklehub.net/vi/san/san-pickleball-lan-anh-tp-hcm
venues	https://www.thepicklehub.net/san/san-pickleball-nhom-ban-tp-hcm
venues	https://www.thepicklehub.net/vi/san/san-pickleball-nhom-ban-tp-hcm
venues	https://www.thepicklehub.net/san/san-pickleball-picklezone-tp-hcm
venues	https://www.thepicklehub.net/vi/san/san-pickleball-picklezone-tp-hcm
venues	https://www.thepicklehub.net/san/san-pickleball-seventy-seven-tp-hcm
venues	https://www.thepicklehub.net/vi/san/san-pickleball-seventy-seven-tp-hcm
venues	https://www.thepicklehub.net/san/san-pickleball-thanh-thai-q10-tp-hcm
venues	https://www.thepicklehub.net/vi/san/san-pickleball-thanh-thai-q10-tp-hcm
venues	https://www.thepicklehub.net/san/san-pickleball-thong-nhat-tp-hcm
venues	https://www.thepicklehub.net/vi/san/san-pickleball-thong-nhat-tp-hcm
venues	https://www.thepicklehub.net/san/san-pickleball-titan-tp-hcm
venues	https://www.thepicklehub.net/vi/san/san-pickleball-titan-tp-hcm
venues	https://www.thepicklehub.net/san/san-pickleball-ttc-tp-hcm
venues	https://www.thepicklehub.net/vi/san/san-pickleball-ttc-tp-hcm
venues	https://www.thepicklehub.net/san/san-pickleball-xuan-anh-tp-hcm
venues	https://www.thepicklehub.net/vi/san/san-pickleball-xuan-anh-tp-hcm
venues	https://www.thepicklehub.net/san/san-tennis-pickleball-291-tp-hcm
venues	https://www.thepicklehub.net/vi/san/san-tennis-pickleball-291-tp-hcm
venues	https://www.thepicklehub.net/san/space-pickleball-tp-hcm
venues	https://www.thepicklehub.net/vi/san/space-pickleball-tp-hcm
venues	https://www.thepicklehub.net/san/tan-thoi-nhat-sport-tp-hcm
venues	https://www.thepicklehub.net/vi/san/tan-thoi-nhat-sport-tp-hcm
venues	https://www.thepicklehub.net/san/tennis-hoa-giay-tp-hcm
venues	https://www.thepicklehub.net/vi/san/tennis-hoa-giay-tp-hcm
venues	https://www.thepicklehub.net/san/tennis-pickleball-le-xuan-tp-hcm
venues	https://www.thepicklehub.net/vi/san/tennis-pickleball-le-xuan-tp-hcm
venues	https://www.thepicklehub.net/san/the-ace-pickleball-tp-hcm
venues	https://www.thepicklehub.net/vi/san/the-ace-pickleball-tp-hcm
venues	https://www.thepicklehub.net/san/the-dropshot-pickleball-club-tp-hcm
venues	https://www.thepicklehub.net/vi/san/the-dropshot-pickleball-club-tp-hcm
venues	https://www.thepicklehub.net/san/vietnam-pickleball-saigon-q12-tp-hcm
venues	https://www.thepicklehub.net/vi/san/vietnam-pickleball-saigon-q12-tp-hcm
venues	https://www.thepicklehub.net/san/yoyo-pickleball-club-tp-hcm
venues	https://www.thepicklehub.net/vi/san/yoyo-pickleball-club-tp-hcm
venues	https://www.thepicklehub.net/san/002-pickleball-club-tp-hcm
venues	https://www.thepicklehub.net/vi/san/002-pickleball-club-tp-hcm
venues	https://www.thepicklehub.net/san/an-phu-pickleball-hall-tp-hcm
venues	https://www.thepicklehub.net/vi/san/an-phu-pickleball-hall-tp-hcm
venues	https://www.thepicklehub.net/san/bad-bunny-pickleball-cafe-tp-hcm
venues	https://www.thepicklehub.net/vi/san/bad-bunny-pickleball-cafe-tp-hcm
venues	https://www.thepicklehub.net/san/clb-pickleball-ho-xuan-huong-tp-hcm
venues	https://www.thepicklehub.net/vi/san/clb-pickleball-ho-xuan-huong-tp-hcm
venues	https://www.thepicklehub.net/san/clb-pickleball-nhan-nghia-tp-hcm
venues	https://www.thepicklehub.net/vi/san/clb-pickleball-nhan-nghia-tp-hcm
venues	https://www.thepicklehub.net/san/dk-pickleball-club-tp-hcm
venues	https://www.thepicklehub.net/vi/san/dk-pickleball-club-tp-hcm
venues	https://www.thepicklehub.net/san/drop-n-dink-pickleball-tp-hcm
venues	https://www.thepicklehub.net/vi/san/drop-n-dink-pickleball-tp-hcm
venues	https://www.thepicklehub.net/san/ese-academy-tennis-pickleball-tp-hcm
venues	https://www.thepicklehub.net/vi/san/ese-academy-tennis-pickleball-tp-hcm
venues	https://www.thepicklehub.net/san/happy-hub-pickleball-tp-hcm
venues	https://www.thepicklehub.net/vi/san/happy-hub-pickleball-tp-hcm
venues	https://www.thepicklehub.net/san/hitpark-pickleball-tp-hcm
venues	https://www.thepicklehub.net/vi/san/hitpark-pickleball-tp-hcm
venues	https://www.thepicklehub.net/san/houston-garden-pickleball-tp-hcm
venues	https://www.thepicklehub.net/vi/san/houston-garden-pickleball-tp-hcm
venues	https://www.thepicklehub.net/san/minh-khang-pickle-ball-tp-hcm
venues	https://www.thepicklehub.net/vi/san/minh-khang-pickle-ball-tp-hcm
venues	https://www.thepicklehub.net/san/minry-pickleball-club-tp-hcm
venues	https://www.thepicklehub.net/vi/san/minry-pickleball-club-tp-hcm
venues	https://www.thepicklehub.net/san/msc-mystery-sports-complex-tp-hcm
venues	https://www.thepicklehub.net/vi/san/msc-mystery-sports-complex-tp-hcm
venues	https://www.thepicklehub.net/san/on-air-basketball-x-pickleball-tp-hcm
venues	https://www.thepicklehub.net/vi/san/on-air-basketball-x-pickleball-tp-hcm
venues	https://www.thepicklehub.net/san/pafin-pickleball-tp-hcm
venues	https://www.thepicklehub.net/vi/san/pafin-pickleball-tp-hcm
venues	https://www.thepicklehub.net/san/pickle-fun-thao-dien-tp-hcm
venues	https://www.thepicklehub.net/vi/san/pickle-fun-thao-dien-tp-hcm
venues	https://www.thepicklehub.net/san/pickle-max-thao-dien-tp-hcm
venues	https://www.thepicklehub.net/vi/san/pickle-max-thao-dien-tp-hcm
venues	https://www.thepicklehub.net/san/pickleball-d-joy-tp-hcm
venues	https://www.thepicklehub.net/vi/san/pickleball-d-joy-tp-hcm
venues	https://www.thepicklehub.net/san/pickleball-dao-tri-tp-hcm
venues	https://www.thepicklehub.net/vi/san/pickleball-dao-tri-tp-hcm
venues	https://www.thepicklehub.net/san/pickleball-huynh-tan-phat-tp-hcm
venues	https://www.thepicklehub.net/vi/san/pickleball-huynh-tan-phat-tp-hcm
venues	https://www.thepicklehub.net/san/pickleball-song-thuong-tp-hcm
venues	https://www.thepicklehub.net/vi/san/pickleball-song-thuong-tp-hcm
venues	https://www.thepicklehub.net/san/pickleball-thao-dien-club-tp-hcm
venues	https://www.thepicklehub.net/vi/san/pickleball-thao-dien-club-tp-hcm
venues	https://www.thepicklehub.net/san/pickleball-thao-dien-tp-hcm
venues	https://www.thepicklehub.net/vi/san/pickleball-thao-dien-tp-hcm
venues	https://www.thepicklehub.net/san/pickleball-tri-hai-tp-hcm
venues	https://www.thepicklehub.net/vi/san/pickleball-tri-hai-tp-hcm
venues	https://www.thepicklehub.net/san/pickleball-viva-plaza-tp-hcm
venues	https://www.thepicklehub.net/vi/san/pickleball-viva-plaza-tp-hcm
venues	https://www.thepicklehub.net/san/pickleball-win-win-tp-hcm
venues	https://www.thepicklehub.net/vi/san/pickleball-win-win-tp-hcm
venues	https://www.thepicklehub.net/san/pickoland-thao-dien-pickleball-club-tp-hcm
venues	https://www.thepicklehub.net/vi/san/pickoland-thao-dien-pickleball-club-tp-hcm
venues	https://www.thepicklehub.net/san/qtc-pickleball-club-26-thao-dien-tp-hcm
venues	https://www.thepicklehub.net/vi/san/qtc-pickleball-club-26-thao-dien-tp-hcm
venues	https://www.thepicklehub.net/san/qvbadminton-pickleball-tp-hcm
venues	https://www.thepicklehub.net/vi/san/qvbadminton-pickleball-tp-hcm
venues	https://www.thepicklehub.net/san/salty-pickle-tp-hcm
venues	https://www.thepicklehub.net/vi/san/salty-pickle-tp-hcm
venues	https://www.thepicklehub.net/san/san-pickleball-dh-su-pham-tdtt-tp-hcm
venues	https://www.thepicklehub.net/vi/san/san-pickleball-dh-su-pham-tdtt-tp-hcm
venues	https://www.thepicklehub.net/san/san-pickleball-family-tp-hcm
venues	https://www.thepicklehub.net/vi/san/san-pickleball-family-tp-hcm
venues	https://www.thepicklehub.net/san/san-pickleball-ga-sai-gon-tp-hcm
venues	https://www.thepicklehub.net/vi/san/san-pickleball-ga-sai-gon-tp-hcm
venues	https://www.thepicklehub.net/san/san-pickleball-gym-one-tp-hcm
venues	https://www.thepicklehub.net/vi/san/san-pickleball-gym-one-tp-hcm
venues	https://www.thepicklehub.net/san/san-pickleball-hbc-thu-duc-tp-hcm
venues	https://www.thepicklehub.net/vi/san/san-pickleball-hbc-thu-duc-tp-hcm
venues	https://www.thepicklehub.net/san/san-pickleball-keyfit-tp-hcm
venues	https://www.thepicklehub.net/vi/san/san-pickleball-keyfit-tp-hcm
venues	https://www.thepicklehub.net/san/san-pickleball-phan-ngu-tp-hcm
venues	https://www.thepicklehub.net/vi/san/san-pickleball-phan-ngu-tp-hcm
venues	https://www.thepicklehub.net/san/san-pickleball-tao-dan-tp-hcm
venues	https://www.thepicklehub.net/vi/san/san-pickleball-tao-dan-tp-hcm
venues	https://www.thepicklehub.net/san/san-pickleball-vuon-lan-tp-hcm
venues	https://www.thepicklehub.net/vi/san/san-pickleball-vuon-lan-tp-hcm
venues	https://www.thepicklehub.net/san/tennis-pickleball-east-saigon-tp-hcm
venues	https://www.thepicklehub.net/vi/san/tennis-pickleball-east-saigon-tp-hcm
venues	https://www.thepicklehub.net/san/the-dinker-club-premier-pickleball-arena-tp-hcm
venues	https://www.thepicklehub.net/vi/san/the-dinker-club-premier-pickleball-arena-tp-hcm
venues	https://www.thepicklehub.net/san/the-granary-happy-hub-pickleball-tp-hcm
venues	https://www.thepicklehub.net/vi/san/the-granary-happy-hub-pickleball-tp-hcm
venues	https://www.thepicklehub.net/san/the-kitchen-zone-pickleball-tp-hcm
venues	https://www.thepicklehub.net/vi/san/the-kitchen-zone-pickleball-tp-hcm
venues	https://www.thepicklehub.net/san/the-pantry-pickleball-tp-hcm
venues	https://www.thepicklehub.net/vi/san/the-pantry-pickleball-tp-hcm
venues	https://www.thepicklehub.net/san/trailer-park-pickleball-tp-hcm
venues	https://www.thepicklehub.net/vi/san/trailer-park-pickleball-tp-hcm
venues	https://www.thepicklehub.net/san/usc-pickleball-phu-my-hung-tp-hcm
venues	https://www.thepicklehub.net/vi/san/usc-pickleball-phu-my-hung-tp-hcm
venues	https://www.thepicklehub.net/san/usc-pickleball-thanh-my-loi-tp-hcm
venues	https://www.thepicklehub.net/vi/san/usc-pickleball-thanh-my-loi-tp-hcm
venues	https://www.thepicklehub.net/san/win-x-pickleball-court-tp-hcm
venues	https://www.thepicklehub.net/vi/san/win-x-pickleball-court-tp-hcm
venues	https://www.thepicklehub.net/san/win-x-pickleball-tp-hcm
venues	https://www.thepicklehub.net/vi/san/win-x-pickleball-tp-hcm
venues	https://www.thepicklehub.net/san/789-pickleball-club-ha-noi
venues	https://www.thepicklehub.net/vi/san/789-pickleball-club-ha-noi
venues	https://www.thepicklehub.net/san/amber-pickleball-club-tp-hcm
venues	https://www.thepicklehub.net/vi/san/amber-pickleball-club-tp-hcm
venues	https://www.thepicklehub.net/san/baca-pickleballs-nguyen-chanh-ha-noi
venues	https://www.thepicklehub.net/vi/san/baca-pickleballs-nguyen-chanh-ha-noi
venues	https://www.thepicklehub.net/san/binh-khanh-pickleball-court-complex-tp-hcm
venues	https://www.thepicklehub.net/vi/san/binh-khanh-pickleball-court-complex-tp-hcm
venues	https://www.thepicklehub.net/san/bsb-pickleball-club-tp-hcm
venues	https://www.thepicklehub.net/vi/san/bsb-pickleball-club-tp-hcm
venues	https://www.thepicklehub.net/san/clb-pickleball-thanh-liet-ha-noi
venues	https://www.thepicklehub.net/vi/san/clb-pickleball-thanh-liet-ha-noi
venues	https://www.thepicklehub.net/san/clb-pickleball-van-phu-ha-noi
venues	https://www.thepicklehub.net/vi/san/clb-pickleball-van-phu-ha-noi
venues	https://www.thepicklehub.net/san/hnmu-pickleball-ha-noi
venues	https://www.thepicklehub.net/vi/san/hnmu-pickleball-ha-noi
venues	https://www.thepicklehub.net/san/kings-pickleball-ha-noi
venues	https://www.thepicklehub.net/vi/san/kings-pickleball-ha-noi
venues	https://www.thepicklehub.net/san/level-up-pickleball-club-tp-hcm
venues	https://www.thepicklehub.net/vi/san/level-up-pickleball-club-tp-hcm
venues	https://www.thepicklehub.net/san/lotus-pickleball-an-phu-tp-hcm
venues	https://www.thepicklehub.net/vi/san/lotus-pickleball-an-phu-tp-hcm
venues	https://www.thepicklehub.net/san/namtrangpickleball-club-ha-noi
venues	https://www.thepicklehub.net/vi/san/namtrangpickleball-club-ha-noi
venues	https://www.thepicklehub.net/san/no-day-off-pickleball-club-tp-hcm
venues	https://www.thepicklehub.net/vi/san/no-day-off-pickleball-club-tp-hcm
venues	https://www.thepicklehub.net/san/ong-dia-pickleball-club-tp-hcm
venues	https://www.thepicklehub.net/vi/san/ong-dia-pickleball-club-tp-hcm
venues	https://www.thepicklehub.net/san/pfa-pickleball-tp-hcm
venues	https://www.thepicklehub.net/vi/san/pfa-pickleball-tp-hcm
venues	https://www.thepicklehub.net/san/pickleball-cocopick-ha-noi
venues	https://www.thepicklehub.net/vi/san/pickleball-cocopick-ha-noi
venues	https://www.thepicklehub.net/san/pickleball-phu-nhi-ha-noi
venues	https://www.thepicklehub.net/vi/san/pickleball-phu-nhi-ha-noi
venues	https://www.thepicklehub.net/san/pickleball-trien-lam-nong-nghiep-ha-noi
venues	https://www.thepicklehub.net/vi/san/pickleball-trien-lam-nong-nghiep-ha-noi
venues	https://www.thepicklehub.net/san/pickleball-trung-tam-van-hoa-the-thao-cau-giay-ha-noi
venues	https://www.thepicklehub.net/vi/san/pickleball-trung-tam-van-hoa-the-thao-cau-giay-ha-noi
venues	https://www.thepicklehub.net/san/picko-club-160-pickleball-tp-hcm
venues	https://www.thepicklehub.net/vi/san/picko-club-160-pickleball-tp-hcm
venues	https://www.thepicklehub.net/san/pink-pickleball-club-ha-noi
venues	https://www.thepicklehub.net/vi/san/pink-pickleball-club-ha-noi
venues	https://www.thepicklehub.net/san/psc-pickleball-van-hoi-ha-noi
venues	https://www.thepicklehub.net/vi/san/psc-pickleball-van-hoi-ha-noi
venues	https://www.thepicklehub.net/san/rally-pickleball-tp-hcm
venues	https://www.thepicklehub.net/vi/san/rally-pickleball-tp-hcm
venues	https://www.thepicklehub.net/san/rooftop-pickleball-ha-noi
venues	https://www.thepicklehub.net/vi/san/rooftop-pickleball-ha-noi
venues	https://www.thepicklehub.net/san/rudal-pickleball-academy-tp-hcm
venues	https://www.thepicklehub.net/vi/san/rudal-pickleball-academy-tp-hcm
venues	https://www.thepicklehub.net/san/sam-picklub-binh-trung-dong-tp-hcm
venues	https://www.thepicklehub.net/vi/san/sam-picklub-binh-trung-dong-tp-hcm
venues	https://www.thepicklehub.net/san/san-cau-minh-toan-duong-dinh-nghe-ha-noi
venues	https://www.thepicklehub.net/vi/san/san-cau-minh-toan-duong-dinh-nghe-ha-noi
venues	https://www.thepicklehub.net/san/san-pickle-ball-163-tran-hoa-ha-noi
venues	https://www.thepicklehub.net/vi/san/san-pickle-ball-163-tran-hoa-ha-noi
venues	https://www.thepicklehub.net/san/san-pickleball-102-tp-hcm
venues	https://www.thepicklehub.net/vi/san/san-pickleball-102-tp-hcm
venues	https://www.thepicklehub.net/san/san-pickleball-32-dai-tu-ha-noi
venues	https://www.thepicklehub.net/vi/san/san-pickleball-32-dai-tu-ha-noi
venues	https://www.thepicklehub.net/san/san-pickleball-85-nguyen-van-huyen-ha-noi
venues	https://www.thepicklehub.net/vi/san/san-pickleball-85-nguyen-van-huyen-ha-noi
venues	https://www.thepicklehub.net/san/san-pickleball-an-phu-tp-hcm
venues	https://www.thepicklehub.net/vi/san/san-pickleball-an-phu-tp-hcm
venues	https://www.thepicklehub.net/san/san-pickleball-dinh-cong-ha-noi
venues	https://www.thepicklehub.net/vi/san/san-pickleball-dinh-cong-ha-noi
venues	https://www.thepicklehub.net/san/san-pickleball-gamuda-ha-noi
venues	https://www.thepicklehub.net/vi/san/san-pickleball-gamuda-ha-noi
venues	https://www.thepicklehub.net/san/san-pickleball-ha-tri-ha-noi
venues	https://www.thepicklehub.net/vi/san/san-pickleball-ha-tri-ha-noi
venues	https://www.thepicklehub.net/san/san-pickleball-hcci-stadium-ha-noi
venues	https://www.thepicklehub.net/vi/san/san-pickleball-hcci-stadium-ha-noi
venues	https://www.thepicklehub.net/san/san-pickleball-ho-dinh-cong-ha-noi
venues	https://www.thepicklehub.net/vi/san/san-pickleball-ho-dinh-cong-ha-noi
venues	https://www.thepicklehub.net/san/san-pickleball-hoang-minh-tp-hcm
venues	https://www.thepicklehub.net/vi/san/san-pickleball-hoang-minh-tp-hcm
venues	https://www.thepicklehub.net/san/san-pickleball-may-academy-ha-noi
venues	https://www.thepicklehub.net/vi/san/san-pickleball-may-academy-ha-noi
venues	https://www.thepicklehub.net/san/san-pickleball-naviha-sport-ha-noi
venues	https://www.thepicklehub.net/vi/san/san-pickleball-naviha-sport-ha-noi
venues	https://www.thepicklehub.net/san/san-pickleball-net-sports-ha-noi
venues	https://www.thepicklehub.net/vi/san/san-pickleball-net-sports-ha-noi
venues	https://www.thepicklehub.net/san/san-pickleball-nguyen-du-tp-hcm
venues	https://www.thepicklehub.net/vi/san/san-pickleball-nguyen-du-tp-hcm
venues	https://www.thepicklehub.net/san/san-pickleball-pro-club-ha-noi
venues	https://www.thepicklehub.net/vi/san/san-pickleball-pro-club-ha-noi
venues	https://www.thepicklehub.net/san/san-pickleball-vuon-ngoc-lan-tp-hcm
venues	https://www.thepicklehub.net/vi/san/san-pickleball-vuon-ngoc-lan-tp-hcm
venues	https://www.thepicklehub.net/san/san-pickleball-yen-nghia-ha-noi
venues	https://www.thepicklehub.net/vi/san/san-pickleball-yen-nghia-ha-noi
venues	https://www.thepicklehub.net/san/san-pickleball-yen-phuc-phuc-la-ha-noi
venues	https://www.thepicklehub.net/vi/san/san-pickleball-yen-phuc-phuc-la-ha-noi
venues	https://www.thepicklehub.net/san/san-swin-ha-noi
venues	https://www.thepicklehub.net/vi/san/san-swin-ha-noi
venues	https://www.thepicklehub.net/san/san-vn-pickleball-louis-ha-noi
venues	https://www.thepicklehub.net/vi/san/san-vn-pickleball-louis-ha-noi
venues	https://www.thepicklehub.net/san/thoc-pickleball-ha-noi
venues	https://www.thepicklehub.net/vi/san/thoc-pickleball-ha-noi
venues	https://www.thepicklehub.net/san/vietnam-pickleball-club-saigon-tp-hcm
venues	https://www.thepicklehub.net/vi/san/vietnam-pickleball-club-saigon-tp-hcm
venues	https://www.thepicklehub.net/san/aloha-pickleball-club-ha-noi
venues	https://www.thepicklehub.net/vi/san/aloha-pickleball-club-ha-noi
venues	https://www.thepicklehub.net/san/au-lac-pickleball-ha-noi
venues	https://www.thepicklehub.net/vi/san/au-lac-pickleball-ha-noi
venues	https://www.thepicklehub.net/san/bunker-pickleball-ha-noi
venues	https://www.thepicklehub.net/vi/san/bunker-pickleball-ha-noi
venues	https://www.thepicklehub.net/san/dao-sen-pickleball-ha-noi
venues	https://www.thepicklehub.net/vi/san/dao-sen-pickleball-ha-noi
venues	https://www.thepicklehub.net/san/dino-pickleball-club-ha-noi
venues	https://www.thepicklehub.net/vi/san/dino-pickleball-club-ha-noi
venues	https://www.thepicklehub.net/san/drop-shots-pickleball-ha-noi
venues	https://www.thepicklehub.net/vi/san/drop-shots-pickleball-ha-noi
venues	https://www.thepicklehub.net/san/happi-pickleball-ha-noi
venues	https://www.thepicklehub.net/vi/san/happi-pickleball-ha-noi
venues	https://www.thepicklehub.net/san/hena-pickleball-club-huu-hung-ha-noi
venues	https://www.thepicklehub.net/vi/san/hena-pickleball-club-huu-hung-ha-noi
venues	https://www.thepicklehub.net/san/heypick-pickleball-ha-noi
venues	https://www.thepicklehub.net/vi/san/heypick-pickleball-ha-noi
venues	https://www.thepicklehub.net/san/hi-pickleball-ha-dong-ha-noi
venues	https://www.thepicklehub.net/vi/san/hi-pickleball-ha-dong-ha-noi
venues	https://www.thepicklehub.net/san/lk-pro-pickleball-ha-dong-ha-noi
venues	https://www.thepicklehub.net/vi/san/lk-pro-pickleball-ha-dong-ha-noi
venues	https://www.thepicklehub.net/san/mam-pickleball-long-bien-ha-noi
venues	https://www.thepicklehub.net/vi/san/mam-pickleball-long-bien-ha-noi
venues	https://www.thepicklehub.net/san/master-bros-pickleball-ha-noi
venues	https://www.thepicklehub.net/vi/san/master-bros-pickleball-ha-noi
venues	https://www.thepicklehub.net/san/maymay-pickleball-club-ha-noi
venues	https://www.thepicklehub.net/vi/san/maymay-pickleball-club-ha-noi
venues	https://www.thepicklehub.net/san/minh-khang-pickleball-ha-noi
venues	https://www.thepicklehub.net/vi/san/minh-khang-pickleball-ha-noi
venues	https://www.thepicklehub.net/san/mst-pickleball-training-center-ha-noi
venues	https://www.thepicklehub.net/vi/san/mst-pickleball-training-center-ha-noi
venues	https://www.thepicklehub.net/san/ohlala-pickleball-ha-noi
venues	https://www.thepicklehub.net/vi/san/ohlala-pickleball-ha-noi
venues	https://www.thepicklehub.net/san/pickleball-bo-de-ha-noi
venues	https://www.thepicklehub.net/vi/san/pickleball-bo-de-ha-noi
venues	https://www.thepicklehub.net/san/pickleball-family-soc-son-ha-noi
venues	https://www.thepicklehub.net/vi/san/pickleball-family-soc-son-ha-noi
venues	https://www.thepicklehub.net/san/pickleball-hk-sport-ha-noi
venues	https://www.thepicklehub.net/vi/san/pickleball-hk-sport-ha-noi
venues	https://www.thepicklehub.net/san/pickleball-hoang-mai-bui-huy-bich-ha-noi
venues	https://www.thepicklehub.net/vi/san/pickleball-hoang-mai-bui-huy-bich-ha-noi
venues	https://www.thepicklehub.net/san/pickleball-le-van-luong-ha-noi
venues	https://www.thepicklehub.net/vi/san/pickleball-le-van-luong-ha-noi
venues	https://www.thepicklehub.net/san/pickleball-minh-duc-ha-noi
venues	https://www.thepicklehub.net/vi/san/pickleball-minh-duc-ha-noi
venues	https://www.thepicklehub.net/san/pickleball-my-dinh-nguyen-hoang-ha-noi
venues	https://www.thepicklehub.net/vi/san/pickleball-my-dinh-nguyen-hoang-ha-noi
venues	https://www.thepicklehub.net/san/pickleball-my-dinh-vu-quynh-ha-noi
venues	https://www.thepicklehub.net/vi/san/pickleball-my-dinh-vu-quynh-ha-noi
venues	https://www.thepicklehub.net/san/pickleball-nam-dong-ha-noi
venues	https://www.thepicklehub.net/vi/san/pickleball-nam-dong-ha-noi
venues	https://www.thepicklehub.net/san/pickleball-noi-bai-ha-noi
venues	https://www.thepicklehub.net/vi/san/pickleball-noi-bai-ha-noi
venues	https://www.thepicklehub.net/san/pickleball-the-boom-ha-noi
venues	https://www.thepicklehub.net/vi/san/pickleball-the-boom-ha-noi
venues	https://www.thepicklehub.net/san/pickleball-water-tower-ha-noi
venues	https://www.thepicklehub.net/vi/san/pickleball-water-tower-ha-noi
venues	https://www.thepicklehub.net/san/pickleball-xuan-khanh-ha-noi
venues	https://www.thepicklehub.net/vi/san/pickleball-xuan-khanh-ha-noi
venues	https://www.thepicklehub.net/san/riverside-pickleball-ha-noi
venues	https://www.thepicklehub.net/vi/san/riverside-pickleball-ha-noi
venues	https://www.thepicklehub.net/san/san-bong-pickleball-den-lu-ha-noi
venues	https://www.thepicklehub.net/vi/san/san-bong-pickleball-den-lu-ha-noi
venues	https://www.thepicklehub.net/san/san-lucky-pickleball-club-ha-noi
venues	https://www.thepicklehub.net/vi/san/san-lucky-pickleball-club-ha-noi
venues	https://www.thepicklehub.net/san/san-pickleball-83-hao-nam-ha-noi
venues	https://www.thepicklehub.net/vi/san/san-pickleball-83-hao-nam-ha-noi
venues	https://www.thepicklehub.net/san/san-pickleball-ba-dua-cau-giay-ha-noi
venues	https://www.thepicklehub.net/vi/san/san-pickleball-ba-dua-cau-giay-ha-noi
venues	https://www.thepicklehub.net/san/san-pickleball-dai-kim-ha-noi
venues	https://www.thepicklehub.net/vi/san/san-pickleball-dai-kim-ha-noi
venues	https://www.thepicklehub.net/san/san-pickleball-la-khe-ha-noi
venues	https://www.thepicklehub.net/vi/san/san-pickleball-la-khe-ha-noi
venues	https://www.thepicklehub.net/san/san-pickleball-moi-truong-ha-noi
venues	https://www.thepicklehub.net/vi/san/san-pickleball-moi-truong-ha-noi
venues	https://www.thepicklehub.net/san/san-pickleball-ngo-161-nguyen-xien-ha-noi
venues	https://www.thepicklehub.net/vi/san/san-pickleball-ngo-161-nguyen-xien-ha-noi
venues	https://www.thepicklehub.net/san/san-pickleball-ptc-ha-noi
venues	https://www.thepicklehub.net/vi/san/san-pickleball-ptc-ha-noi
venues	https://www.thepicklehub.net/san/san-pickleball-thuy-loi-ha-noi
venues	https://www.thepicklehub.net/vi/san/san-pickleball-thuy-loi-ha-noi
venues	https://www.thepicklehub.net/san/san-pickleball-xala-ha-noi
venues	https://www.thepicklehub.net/vi/san/san-pickleball-xala-ha-noi
venues	https://www.thepicklehub.net/san/sunrise-pickleball-ha-noi
venues	https://www.thepicklehub.net/vi/san/sunrise-pickleball-ha-noi
venues	https://www.thepicklehub.net/san/t-c-sports-tennis-pickleball-ha-noi
venues	https://www.thepicklehub.net/vi/san/t-c-sports-tennis-pickleball-ha-noi
venues	https://www.thepicklehub.net/san/thanh-lan-pickleball-ha-noi
venues	https://www.thepicklehub.net/vi/san/thanh-lan-pickleball-ha-noi
venues	https://www.thepicklehub.net/san/vibe-pickleball-ha-noi
venues	https://www.thepicklehub.net/vi/san/vibe-pickleball-ha-noi
venues	https://www.thepicklehub.net/san/vinh-hoang-pickleball-club-ha-noi
venues	https://www.thepicklehub.net/vi/san/vinh-hoang-pickleball-club-ha-noi
venues	https://www.thepicklehub.net/san/vn-pickleball-court-ha-noi
venues	https://www.thepicklehub.net/vi/san/vn-pickleball-court-ha-noi
venues	https://www.thepicklehub.net/san/vn-pickleball-khanh-duy-ha-noi
venues	https://www.thepicklehub.net/vi/san/vn-pickleball-khanh-duy-ha-noi
venues	https://www.thepicklehub.net/san/vnta-pickleball-academy-ha-noi
venues	https://www.thepicklehub.net/vi/san/vnta-pickleball-academy-ha-noi
venues	https://www.thepicklehub.net/san/ace-pickleball-club-pullman-hanoi-ha-noi
venues	https://www.thepicklehub.net/vi/san/ace-pickleball-club-pullman-hanoi-ha-noi
venues	https://www.thepicklehub.net/san/atp-pickleball-club-ha-noi
venues	https://www.thepicklehub.net/vi/san/atp-pickleball-club-ha-noi
venues	https://www.thepicklehub.net/san/coco-pickle-club-ha-noi
venues	https://www.thepicklehub.net/vi/san/coco-pickle-club-ha-noi
venues	https://www.thepicklehub.net/san/etennis-pickleball-viet-ha-noi
venues	https://www.thepicklehub.net/vi/san/etennis-pickleball-viet-ha-noi
venues	https://www.thepicklehub.net/san/ferry-pickleball-ha-noi
venues	https://www.thepicklehub.net/vi/san/ferry-pickleball-ha-noi
venues	https://www.thepicklehub.net/san/ha-phuc-pickleball-ha-noi
venues	https://www.thepicklehub.net/vi/san/ha-phuc-pickleball-ha-noi
venues	https://www.thepicklehub.net/san/htl-pickleball-center-ha-noi
venues	https://www.thepicklehub.net/vi/san/htl-pickleball-center-ha-noi
venues	https://www.thepicklehub.net/san/luxury-pickleball-ha-noi
venues	https://www.thepicklehub.net/vi/san/luxury-pickleball-ha-noi
venues	https://www.thepicklehub.net/san/ndc-pickleball-ha-noi
venues	https://www.thepicklehub.net/vi/san/ndc-pickleball-ha-noi
venues	https://www.thepicklehub.net/san/nextball-9699-pickleball-club-ha-noi
venues	https://www.thepicklehub.net/vi/san/nextball-9699-pickleball-club-ha-noi
venues	https://www.thepicklehub.net/san/pickleball-226-vinh-hung-hoang-mai-ha-noi
venues	https://www.thepicklehub.net/vi/san/pickleball-226-vinh-hung-hoang-mai-ha-noi
venues	https://www.thepicklehub.net/san/pickleball-court-thinh-hao-ha-noi
venues	https://www.thepicklehub.net/vi/san/pickleball-court-thinh-hao-ha-noi
venues	https://www.thepicklehub.net/san/pickleball-dong-xuan-67a-ngo-thi-nham-ha-noi
venues	https://www.thepicklehub.net/vi/san/pickleball-dong-xuan-67a-ngo-thi-nham-ha-noi
venues	https://www.thepicklehub.net/san/pickleball-lang-ha-ha-noi
venues	https://www.thepicklehub.net/vi/san/pickleball-lang-ha-ha-noi
venues	https://www.thepicklehub.net/san/pickleball-minh-khai-ha-noi
venues	https://www.thepicklehub.net/vi/san/pickleball-minh-khai-ha-noi
venues	https://www.thepicklehub.net/san/pickleball-ngoc-vu-court-ha-noi
venues	https://www.thepicklehub.net/vi/san/pickleball-ngoc-vu-court-ha-noi
venues	https://www.thepicklehub.net/san/pickleball-thanh-dat-ha-noi
venues	https://www.thepicklehub.net/vi/san/pickleball-thanh-dat-ha-noi
venues	https://www.thepicklehub.net/san/pickleball-vo-thi-sau-ha-noi
venues	https://www.thepicklehub.net/vi/san/pickleball-vo-thi-sau-ha-noi
venues	https://www.thepicklehub.net/san/pickleball-vu-loc-ha-noi
venues	https://www.thepicklehub.net/vi/san/pickleball-vu-loc-ha-noi
venues	https://www.thepicklehub.net/san/pickleball-zone-9-ha-noi
venues	https://www.thepicklehub.net/vi/san/pickleball-zone-9-ha-noi
venues	https://www.thepicklehub.net/san/ppa-pickleball-club-ha-noi
venues	https://www.thepicklehub.net/vi/san/ppa-pickleball-club-ha-noi
venues	https://www.thepicklehub.net/san/pro-pickleball-vn-ha-noi
venues	https://www.thepicklehub.net/vi/san/pro-pickleball-vn-ha-noi
venues	https://www.thepicklehub.net/san/san-all-day-pickleball-ha-noi
venues	https://www.thepicklehub.net/vi/san/san-all-day-pickleball-ha-noi
venues	https://www.thepicklehub.net/san/san-bong-pickleball-tang-bat-ho-ha-noi
venues	https://www.thepicklehub.net/vi/san/san-bong-pickleball-tang-bat-ho-ha-noi
venues	https://www.thepicklehub.net/san/san-bong-pickleball-taydo-hoang-mai-ha-noi
venues	https://www.thepicklehub.net/vi/san/san-bong-pickleball-taydo-hoang-mai-ha-noi
venues	https://www.thepicklehub.net/san/san-bunne-pickleball-home-ha-noi
venues	https://www.thepicklehub.net/vi/san/san-bunne-pickleball-home-ha-noi
venues	https://www.thepicklehub.net/san/san-choi-pickleball-khai-son-ha-noi
venues	https://www.thepicklehub.net/vi/san/san-choi-pickleball-khai-son-ha-noi
venues	https://www.thepicklehub.net/san/san-lien-doan-pickleball-ha-noi
venues	https://www.thepicklehub.net/vi/san/san-lien-doan-pickleball-ha-noi
venues	https://www.thepicklehub.net/san/san-pickle-ball-stamina-106-hoang-quoc-viet-ha-noi
venues	https://www.thepicklehub.net/vi/san/san-pickle-ball-stamina-106-hoang-quoc-viet-ha-noi
venues	https://www.thepicklehub.net/san/san-pickleball-12-khuat-duy-tien-ha-noi
venues	https://www.thepicklehub.net/vi/san/san-pickleball-12-khuat-duy-tien-ha-noi
venues	https://www.thepicklehub.net/san/san-pickleball-266-vinh-hung-ha-noi
venues	https://www.thepicklehub.net/vi/san/san-pickleball-266-vinh-hung-ha-noi
venues	https://www.thepicklehub.net/san/san-pickleball-286-nguyen-xien-ha-noi
venues	https://www.thepicklehub.net/vi/san/san-pickleball-286-nguyen-xien-ha-noi
venues	https://www.thepicklehub.net/san/san-pickleball-918-ha-noi
venues	https://www.thepicklehub.net/vi/san/san-pickleball-918-ha-noi
venues	https://www.thepicklehub.net/san/san-pickleball-918-kim-giang-ha-noi
venues	https://www.thepicklehub.net/vi/san/san-pickleball-918-kim-giang-ha-noi
venues	https://www.thepicklehub.net/san/san-pickleball-bach-khoa-ha-noi
venues	https://www.thepicklehub.net/vi/san/san-pickleball-bach-khoa-ha-noi
venues	https://www.thepicklehub.net/san/san-pickleball-bao-son-ha-noi
venues	https://www.thepicklehub.net/vi/san/san-pickleball-bao-son-ha-noi
venues	https://www.thepicklehub.net/san/san-pickleball-cau-do-ha-noi
venues	https://www.thepicklehub.net/vi/san/san-pickleball-cau-do-ha-noi
venues	https://www.thepicklehub.net/san/san-pickleball-double-b-ha-noi
venues	https://www.thepicklehub.net/vi/san/san-pickleball-double-b-ha-noi
venues	https://www.thepicklehub.net/san/san-pickleball-ha-phuong-ha-noi
venues	https://www.thepicklehub.net/vi/san/san-pickleball-ha-phuong-ha-noi
venues	https://www.thepicklehub.net/san/san-pickleball-ly-son-ha-noi
venues	https://www.thepicklehub.net/vi/san/san-pickleball-ly-son-ha-noi
venues	https://www.thepicklehub.net/san/san-pickleball-ngoc-thuy-ha-noi
venues	https://www.thepicklehub.net/vi/san/san-pickleball-ngoc-thuy-ha-noi
venues	https://www.thepicklehub.net/san/san-pickleball-nguyen-son-ha-noi
venues	https://www.thepicklehub.net/vi/san/san-pickleball-nguyen-son-ha-noi
venues	https://www.thepicklehub.net/san/san-pickleball-phu-vien-ha-noi
venues	https://www.thepicklehub.net/vi/san/san-pickleball-phu-vien-ha-noi
venues	https://www.thepicklehub.net/san/san-pickleball-so-1-co-linh-tu-dinh-long-bien-ha-noi
venues	https://www.thepicklehub.net/vi/san/san-pickleball-so-1-co-linh-tu-dinh-long-bien-ha-noi
venues	https://www.thepicklehub.net/san/san-pickleball-trung-tam-tt-z133-ha-noi
venues	https://www.thepicklehub.net/vi/san/san-pickleball-trung-tam-tt-z133-ha-noi
venues	https://www.thepicklehub.net/san/san-pickleball-x20-ha-noi
venues	https://www.thepicklehub.net/vi/san/san-pickleball-x20-ha-noi
venues	https://www.thepicklehub.net/san/san-tennis-pickleball-ba-dua-nguyen-xien-ha-noi
venues	https://www.thepicklehub.net/vi/san/san-tennis-pickleball-ba-dua-nguyen-xien-ha-noi
venues	https://www.thepicklehub.net/san/sportshub-pickleball-pham-hung-ha-noi
venues	https://www.thepicklehub.net/vi/san/sportshub-pickleball-pham-hung-ha-noi
venues	https://www.thepicklehub.net/san/trung-tam-dao-tao-pickleball-ha-noi
venues	https://www.thepicklehub.net/vi/san/trung-tam-dao-tao-pickleball-ha-noi
venues	https://www.thepicklehub.net/san/trung-tam-pickleball-t2t-ha-noi
venues	https://www.thepicklehub.net/vi/san/trung-tam-pickleball-t2t-ha-noi
venues	https://www.thepicklehub.net/san/122-dinh-cong-ha-noi
venues	https://www.thepicklehub.net/vi/san/122-dinh-cong-ha-noi
venues	https://www.thepicklehub.net/san/thepicklehub-ha-noi
venues	https://www.thepicklehub.net/vi/san/thepicklehub-ha-noi
venues	https://www.thepicklehub.net/san/tang-bat-ho-ha-noi-2
venues	https://www.thepicklehub.net/vi/san/tang-bat-ho-ha-noi-2
venues	https://www.thepicklehub.net/san/tang-bat-ho-ha-noi
venues	https://www.thepicklehub.net/vi/san/tang-bat-ho-ha-noi
venues	https://www.thepicklehub.net/san/khu-vuc/singapore
venues	https://www.thepicklehub.net/vi/san/khu-vuc/singapore
venues	https://www.thepicklehub.net/san/khu-vuc/tp-hcm
venues	https://www.thepicklehub.net/vi/san/khu-vuc/tp-hcm
venues	https://www.thepicklehub.net/san/khu-vuc/ha-noi
venues	https://www.thepicklehub.net/vi/san/khu-vuc/ha-noi
venues	https://www.thepicklehub.net/san/khu-vuc/da-nang
venues	https://www.thepicklehub.net/vi/san/khu-vuc/da-nang
venues	https://www.thepicklehub.net/san/khu-vuc/bac-ninh
venues	https://www.thepicklehub.net/vi/san/khu-vuc/bac-ninh
venues	https://www.thepicklehub.net/san/khu-vuc/ha-long
venues	https://www.thepicklehub.net/vi/san/khu-vuc/ha-long
venues	https://www.thepicklehub.net/san/khu-vuc/vinh
venues	https://www.thepicklehub.net/vi/san/khu-vuc/vinh
venues	https://www.thepicklehub.net/san/khu-vuc/nam-dinh
venues	https://www.thepicklehub.net/vi/san/khu-vuc/nam-dinh
venues	https://www.thepicklehub.net/san/khu-vuc/thanh-hoa
venues	https://www.thepicklehub.net/vi/san/khu-vuc/thanh-hoa
venues	https://www.thepicklehub.net/san/khu-vuc/binh-duong
venues	https://www.thepicklehub.net/vi/san/khu-vuc/binh-duong
venues	https://www.thepicklehub.net/san/khu-vuc/can-tho
venues	https://www.thepicklehub.net/vi/san/khu-vuc/can-tho
venues	https://www.thepicklehub.net/san/khu-vuc/pleiku
venues	https://www.thepicklehub.net/vi/san/khu-vuc/pleiku
venues	https://www.thepicklehub.net/san/khu-vuc/vung-tau
venues	https://www.thepicklehub.net/vi/san/khu-vuc/vung-tau
venues	https://www.thepicklehub.net/san/khu-vuc/bac-giang
venues	https://www.thepicklehub.net/vi/san/khu-vuc/bac-giang
venues	https://www.thepicklehub.net/san/khu-vuc/bao-loc
venues	https://www.thepicklehub.net/vi/san/khu-vuc/bao-loc
venues	https://www.thepicklehub.net/san/khu-vuc/cao-bang
venues	https://www.thepicklehub.net/vi/san/khu-vuc/cao-bang
venues	https://www.thepicklehub.net/san/khu-vuc/lang-son
venues	https://www.thepicklehub.net/vi/san/khu-vuc/lang-son
venues	https://www.thepicklehub.net/san/khu-vuc/buon-ma-thuot
venues	https://www.thepicklehub.net/vi/san/khu-vuc/buon-ma-thuot
venues	https://www.thepicklehub.net/san/khu-vuc/dong-hoi
venues	https://www.thepicklehub.net/vi/san/khu-vuc/dong-hoi
venues	https://www.thepicklehub.net/san/khu-vuc/ha-tinh
venues	https://www.thepicklehub.net/vi/san/khu-vuc/ha-tinh
venues	https://www.thepicklehub.net/san/khu-vuc/hai-duong
venues	https://www.thepicklehub.net/vi/san/khu-vuc/hai-duong
venues	https://www.thepicklehub.net/san/khu-vuc/hai-phong
venues	https://www.thepicklehub.net/vi/san/khu-vuc/hai-phong
venues	https://www.thepicklehub.net/san/khu-vuc/nha-trang
venues	https://www.thepicklehub.net/vi/san/khu-vuc/nha-trang
venues	https://www.thepicklehub.net/san/khu-vuc/quy-nhon
venues	https://www.thepicklehub.net/vi/san/khu-vuc/quy-nhon
venues	https://www.thepicklehub.net/san/khu-vuc/tay-ninh
venues	https://www.thepicklehub.net/vi/san/khu-vuc/tay-ninh
venues	https://www.thepicklehub.net/san/khu-vuc/vinh-yen
venues	https://www.thepicklehub.net/vi/san/khu-vuc/vinh-yen
venues	https://www.thepicklehub.net/san/khu-vuc/bien-hoa
venues	https://www.thepicklehub.net/vi/san/khu-vuc/bien-hoa
venues	https://www.thepicklehub.net/san/khu-vuc/cao-lanh
venues	https://www.thepicklehub.net/vi/san/khu-vuc/cao-lanh
venues	https://www.thepicklehub.net/san/khu-vuc/da-lat
venues	https://www.thepicklehub.net/vi/san/khu-vuc/da-lat
venues	https://www.thepicklehub.net/san/khu-vuc/hue
venues	https://www.thepicklehub.net/vi/san/khu-vuc/hue
venues	https://www.thepicklehub.net/san/khu-vuc/lao-cai
venues	https://www.thepicklehub.net/vi/san/khu-vuc/lao-cai
venues	https://www.thepicklehub.net/san/khu-vuc/long-xuyen
venues	https://www.thepicklehub.net/vi/san/khu-vuc/long-xuyen
venues	https://www.thepicklehub.net/san/khu-vuc/ninh-binh
venues	https://www.thepicklehub.net/vi/san/khu-vuc/ninh-binh
venues	https://www.thepicklehub.net/san/khu-vuc/phan-rang
venues	https://www.thepicklehub.net/vi/san/khu-vuc/phan-rang
venues	https://www.thepicklehub.net/san/khu-vuc/quang-ngai
venues	https://www.thepicklehub.net/vi/san/khu-vuc/quang-ngai
venues	https://www.thepicklehub.net/san/khu-vuc/son-la
venues	https://www.thepicklehub.net/vi/san/khu-vuc/son-la
venues	https://www.thepicklehub.net/san/khu-vuc/thai-nguyen
venues	https://www.thepicklehub.net/vi/san/khu-vuc/thai-nguyen
venues	https://www.thepicklehub.net/san/khu-vuc/tuy-hoa
venues	https://www.thepicklehub.net/vi/san/khu-vuc/tuy-hoa
venues	https://www.thepicklehub.net/san/khu-vuc/ca-mau
venues	https://www.thepicklehub.net/vi/san/khu-vuc/ca-mau
venues	https://www.thepicklehub.net/san/khu-vuc/dien-bien-phu
venues	https://www.thepicklehub.net/vi/san/khu-vuc/dien-bien-phu
venues	https://www.thepicklehub.net/san/khu-vuc/dong-ha
venues	https://www.thepicklehub.net/vi/san/khu-vuc/dong-ha
venues	https://www.thepicklehub.net/san/khu-vuc/phu-quoc
venues	https://www.thepicklehub.net/vi/san/khu-vuc/phu-quoc
venues	https://www.thepicklehub.net/san/khu-vuc/rach-gia
venues	https://www.thepicklehub.net/vi/san/khu-vuc/rach-gia
venues	https://www.thepicklehub.net/san/khu-vuc/viet-tri
venues	https://www.thepicklehub.net/vi/san/khu-vuc/viet-tri
venues	https://www.thepicklehub.net/san/khu-vuc/vinh-long
venues	https://www.thepicklehub.net/vi/san/khu-vuc/vinh-long
venues	https://www.thepicklehub.net/san/khu-vuc/ben-tre
venues	https://www.thepicklehub.net/vi/san/khu-vuc/ben-tre
venues	https://www.thepicklehub.net/san/khu-vuc/chau-doc
venues	https://www.thepicklehub.net/vi/san/khu-vuc/chau-doc
venues	https://www.thepicklehub.net/san/khu-vuc/dong-xoai
venues	https://www.thepicklehub.net/vi/san/khu-vuc/dong-xoai
venues	https://www.thepicklehub.net/san/khu-vuc/ha-giang
venues	https://www.thepicklehub.net/vi/san/khu-vuc/ha-giang
venues	https://www.thepicklehub.net/san/khu-vuc/hoi-an
venues	https://www.thepicklehub.net/vi/san/khu-vuc/hoi-an
venues	https://www.thepicklehub.net/san/khu-vuc/my-hao
venues	https://www.thepicklehub.net/vi/san/khu-vuc/my-hao
venues	https://www.thepicklehub.net/san/khu-vuc/phan-thiet
venues	https://www.thepicklehub.net/vi/san/khu-vuc/phan-thiet
venues	https://www.thepicklehub.net/san/khu-vuc/sam-son
venues	https://www.thepicklehub.net/vi/san/khu-vuc/sam-son
venues	https://www.thepicklehub.net/san/khu-vuc/thai-binh
venues	https://www.thepicklehub.net/vi/san/khu-vuc/thai-binh
venues	https://www.thepicklehub.net/san/khu-vuc/tra-vinh
venues	https://www.thepicklehub.net/vi/san/khu-vuc/tra-vinh
venues	https://www.thepicklehub.net/san/khu-vuc/tuyen-quang
venues	https://www.thepicklehub.net/vi/san/khu-vuc/tuyen-quang
venues	https://www.thepicklehub.net/san/khu-vuc/uong-bi
venues	https://www.thepicklehub.net/vi/san/khu-vuc/uong-bi
venues	https://www.thepicklehub.net/san/khu-vuc/yen-bai
venues	https://www.thepicklehub.net/vi/san/khu-vuc/yen-bai
venues	https://www.thepicklehub.net/san/khu-vuc/cam-pha
venues	https://www.thepicklehub.net/vi/san/khu-vuc/cam-pha
venues	https://www.thepicklehub.net/san/khu-vuc/hoa-binh
venues	https://www.thepicklehub.net/vi/san/khu-vuc/hoa-binh
venues	https://www.thepicklehub.net/san/khu-vuc/hung-ha
venues	https://www.thepicklehub.net/vi/san/khu-vuc/hung-ha
venues	https://www.thepicklehub.net/san/khu-vuc/moc-chau
venues	https://www.thepicklehub.net/vi/san/khu-vuc/moc-chau
venues	https://www.thepicklehub.net/san/khu-vuc/my-tho
venues	https://www.thepicklehub.net/vi/san/khu-vuc/my-tho
venues	https://www.thepicklehub.net/san/khu-vuc/phu-ly
venues	https://www.thepicklehub.net/vi/san/khu-vuc/phu-ly
venues	https://www.thepicklehub.net/san/khu-vuc/sa-dec
venues	https://www.thepicklehub.net/vi/san/khu-vuc/sa-dec
venues	https://www.thepicklehub.net/san/khu-vuc/soc-trang
venues	https://www.thepicklehub.net/vi/san/khu-vuc/soc-trang
venues	https://www.thepicklehub.net/san/khu-vuc/van-giang
venues	https://www.thepicklehub.net/vi/san/khu-vuc/van-giang
venues	https://www.thepicklehub.net/san/khu-vuc/van-lam
venues	https://www.thepicklehub.net/vi/san/khu-vuc/van-lam
venues	https://www.thepicklehub.net/san/khu-vuc/chau-hung
venues	https://www.thepicklehub.net/vi/san/khu-vuc/chau-hung
venues	https://www.thepicklehub.net/san/khu-vuc/chi-linh
venues	https://www.thepicklehub.net/vi/san/khu-vuc/chi-linh
venues	https://www.thepicklehub.net/san/khu-vuc/gia-nghia
venues	https://www.thepicklehub.net/vi/san/khu-vuc/gia-nghia
venues	https://www.thepicklehub.net/san/khu-vuc/kon-tum
venues	https://www.thepicklehub.net/vi/san/khu-vuc/kon-tum
venues	https://www.thepicklehub.net/san/khu-vuc/mai-chau
venues	https://www.thepicklehub.net/vi/san/khu-vuc/mai-chau
venues	https://www.thepicklehub.net/san/khu-vuc/phu-yen
venues	https://www.thepicklehub.net/vi/san/khu-vuc/phu-yen
venues	https://www.thepicklehub.net/san/khu-vuc/phuc-yen
venues	https://www.thepicklehub.net/vi/san/khu-vuc/phuc-yen
venues	https://www.thepicklehub.net/san/khu-vuc/quynh-phu
venues	https://www.thepicklehub.net/vi/san/khu-vuc/quynh-phu
venues	https://www.thepicklehub.net/san/khu-vuc/sa-pa
venues	https://www.thepicklehub.net/vi/san/khu-vuc/sa-pa
venues	https://www.thepicklehub.net/san/khu-vuc/tam-ky
venues	https://www.thepicklehub.net/vi/san/khu-vuc/tam-ky
venues	https://www.thepicklehub.net/san/khu-vuc/tan-an
venues	https://www.thepicklehub.net/vi/san/khu-vuc/tan-an
venues	https://www.thepicklehub.net/san/khu-vuc/thanh-son
venues	https://www.thepicklehub.net/vi/san/khu-vuc/thanh-son
venues	https://www.thepicklehub.net/san/khu-vuc/tran-yen
venues	https://www.thepicklehub.net/vi/san/khu-vuc/tran-yen
venues	https://www.thepicklehub.net/san/khu-vuc/vi-xuyen
venues	https://www.thepicklehub.net/vi/san/khu-vuc/vi-xuyen
venues	https://www.thepicklehub.net/san/khu-vuc/vinh-chau
venues	https://www.thepicklehub.net/vi/san/khu-vuc/vinh-chau
venues	https://www.thepicklehub.net/san/khu-vuc/yen-my
venues	https://www.thepicklehub.net/vi/san/khu-vuc/yen-my
